﻿<?xml version="1.0" encoding="UTF-8" standalone="yes"?>
<addon id="plugin.video.kankan"
    name="迅雷看看(KanKan)"
    version="1.0.2"
    provider-name="Taxigps">
    <extension
        point="xbmc.python.pluginsource"
        library="default.py">
        <provides>video</provides>
    </extension>
    <extension point="xbmc.addon.metadata">
        <summary lang="en">KanKan video plugin</summary>
        <summary lang="zh">迅雷看看视频插件</summary>
        <description lang="en">online video from www.kankan.com</description>
        <description lang="zh">迅雷看看是中国第一高清影视视频门户，免费提供电影、电视剧、综艺、音乐MV、动漫、新片、大片的高清在线点播和下载，是中国最大最全的正版影视发行平台。</description>
        <platform>all</platform>
    </extension>
</addon>
