<?xml version="1.0" encoding="UTF-8" standalone="yes"?>
<addon
  id="plugin.video.plj"
  version="0.0.2"
  name="Official PLJ Addon"
  provider-name="panglangjang">
  <requires>
        <import addon="xbmc.python" version="2.0"/>        
		<import addon="script.module.xbmcswift2" version="1.3.1" />
		<import addon="plugin.video.hkkan" version="1.4.0"/>
		<import addon="plugin.video.kankan" version="1.0.1"/>
		<import addon="plugin.video.pptv" version="1.1.7"/>
		<import addon="plugin.video.ppstream" version="2.2.3"/>
		<import addon="plugin.video.yinyuetai" version="1.6.0"/>
		
  </requires>
  <extension point="xbmc.python.pluginsource"
            library="default.py">
        <provides>video</provides>
  </extension>
  <extension point="xbmc.addon.metadata">
    <summary>Official PLJ Addon</summary>
    <description>Required to run PLJ Openelec Media Center</description>
    <platform>all</platform>
  </extension>
</addon>
