<includes>
	<include name="HomeSubMenuWeather">
		<control type="image" id="90121">
			<width>35</width>
			<height>35</height>
			<texture border="0,0,0,3" flipx="true">HomeSubEnd.png</texture>
		</control>
		
		<control type="button" id="90122">
			<include>ButtonHomeSubCommonValues</include>
			<label>31904</label>
			<onclick>ActivateWindow(Weather)</onclick>			
			<onclick>ClearProperty(Weather.CurrentView)</onclick>
		</control>
		<control type="button" id="90123">
			<include>ButtonHomeSubCommonValues</include>
			<label>31901</label>
			<onclick>ActivateWindow(Weather)</onclick>			
			<onclick>SetProperty(Weather.CurrentView,36hour)</onclick>
		</control>
		
		<control type="button" id="90124">
			<include>ButtonHomeSubCommonValues</include>
			<label>31903</label>
			<onclick>ActivateWindow(Weather)</onclick>			
			<onclick>SetProperty(Weather.CurrentView,weekend)</onclick>
		</control>
		
		<control type="button" id="90125">
			<include>ButtonHomeSubCommonValues</include>
			<label>31902</label>
			<onclick>ActivateWindow(Weather)</onclick>	
			<onclick>SetProperty(Weather.CurrentView,hourly)</onclick>	
		</control>
		<control type="button" id="90126">
			<include>ButtonHomeSubCommonValues</include>
			<label>31910</label>
			<onclick>ActivateWindow(Weather)</onclick>			
			<onclick>SetProperty(Weather.CurrentView,map)</onclick>
		</control>
		<control type="image" id="90127">
			<width>35</width>
			<height>35</height>
			<texture border="0,0,0,3">HomeSubEnd.png</texture>
		</control>
	</include>	
	<include name="HomeSubMenuStreams">
		<control type="image" id="90131">
			<width>35</width>
			<height>35</height>
			<texture border="0,0,0,3" flipx="true">HomeSubEnd.png</texture>
		</control>
		
		<control type="button" id="90132">
			<include>ButtonHomeSubCommonValues</include>
			<label>香港看(HKKan)</label>
			<onclick>ActivateWindow(Videos,plugin://plugin.video.hkkan,return)</onclick>
		</control>
		<control type="button" id="90133">
			<include>ButtonHomeSubCommonValues</include>
			<label>迅雷看看(KanKan)</label>
			<onclick>ActivateWindow(Videos,plugin://plugin.video.kankan,return)</onclick>
		</control>
		
		<control type="button" id="90135">
			<include>ButtonHomeSubCommonValues</include>
			<label>网络电视(PPS)</label>
			<onclick>ActivateWindow(Videos,plugin://plugin.video.ppstream,return)</onclick>
		</control>
		
		<control type="button" id="90136">
			<include>ButtonHomeSubCommonValues</include>
			<label>音悦台(YinYueTai)</label>
			<onclick>ActivateWindow(Videos,plugin://plugin.video.yinyuetai,return)</onclick>
		</control>
		<control type="image" id="90137">
			<width>35</width>
			<height>35</height>
			<texture border="0,0,0,3">HomeSubEnd.png</texture>
		</control>
	</include>
	<include name="HomeSubMenuSystem">
		<control type="image" id="90121">
			<width>35</width>
			<height>35</height>
			<texture border="0,0,0,3" flipx="true">HomeSubEnd.png</texture>
		</control>
		<!-- openelec settings -->
		<control type="image" id="90126">
			<width>35</width>
			<height>35</height>
			<texture border="0,0,0,3">HomeSubEnd.png</texture>
		</control>
	</include>
</includes>
