<window id="109">
	<defaultcontrol always="true">21</defaultcontrol>
	<coordinates>
		<system>2</system>
		<posx>0</posx>
		<posy>0</posy>
	</coordinates>
	<controls>
		<control type="button">
			<description>Hidden button to close the keyboard when its focused</description>
			<posx>0</posx>
			<posy>0</posy>
			<width>ScreenWidth</width>
			<height>ScreenHeight</height>
			<texturenofocus>-</texturenofocus>
			<texturefocus>-</texturefocus>
			<onclick>Back</onclick>
		</control>
		<control type="group">
			<posx>480</posx>
			<posy>170</posy>
			<animation effect="slide" start="0,-820" end="0,0" time="500" easing="out" tween="quadratic" >WindowOpen</animation>
			<animation effect="slide" start="0,0" end="0,-820" time="500" easing="in" tween="quadratic" >WindowClose</animation>
			<include>16x9_xPos_Relocation</include>
			<control type="image">
				<posx>0</posx>
				<posy>70</posy>
				<width>395</width>
				<height>50</height>
				<aspectratio>stretch</aspectratio>
				<texture border="20">KeyboardEditArea.png</texture>
			</control>
			<control type="label" id="4">
				<description>Edit Text</description>
				<posx>20</posx>
				<posy>70</posy>
				<width>355</width>
				<height>50</height>
				<font>font16</font>
				<textcolor>selected</textcolor>
				<disabledcolor>grey2</disabledcolor>
				<align>center</align>
				<aligny>center</aligny>
			</control>
			<control type="label" id="1">
				<description>dialog Heading</description>
				<posx>0</posx>
				<posy>20</posy>
				<width>395</width>
				<height>40</height>
				<font>font13_title</font>
				<textcolor>white</textcolor>
				<shadowcolor>black</shadowcolor>
				<align>center</align>
				<aligny>center</aligny>
				<wrapmultiline>true</wrapmultiline>
			</control>
			<control type="group">
				<posx>0</posx>
				<posy>130</posy>
				<control type="button" id="11">
					<description>1 button</description>
					<posx>0</posx>
					<posy>0</posy>
					<width>95</width>
					<height>80</height>
					<font>font16</font>
					<align>center</align>
					<aligny>center</aligny>
					<texturenofocus border="8">KeyboardKey.png</texturenofocus>
					<texturefocus border="8">KeyboardKeyFocus.png</texturefocus>
					<label>12311</label>
					<textcolor>black</textcolor>
					<onleft>23</onleft>
					<onright>12</onright>
					<onup>20</onup>
					<ondown>14</ondown>
				</control>
				<control type="button" id="12">
					<description>2 button</description>
					<posx>100</posx>
					<posy>0</posy>
					<width>95</width>
					<height>80</height>
					<font>font16</font>
					<align>center</align>
					<aligny>center</aligny>
					<texturenofocus border="8">KeyboardKey.png</texturenofocus>
					<texturefocus border="8">KeyboardKeyFocus.png</texturefocus>
					<label>12312</label>
					<textcolor>black</textcolor>
					<onleft>11</onleft>
					<onright>13</onright>
					<onup>10</onup>
					<ondown>15</ondown>
				</control>
				<control type="button" id="13">
					<description>3 button</description>
					<posx>200</posx>
					<posy>0</posy>
					<width>95</width>
					<height>80</height>
					<font>font16</font>
					<align>center</align>
					<aligny>center</aligny>
					<texturenofocus border="8">KeyboardKey.png</texturenofocus>
					<texturefocus border="8">KeyboardKeyFocus.png</texturefocus>
					<label>12313</label>
					<textcolor>black</textcolor>
					<onleft>12</onleft>
					<onright>23</onright>
					<onup>22</onup>
					<ondown>16</ondown>
				</control>
				<control type="button" id="23">
					<description>Backspace button</description>
					<posx>300</posx>
					<posy>0</posy>
					<width>95</width>
					<height>165</height>
					<font>font12</font>
					<align>center</align>
					<aligny>center</aligny>
					<texturenofocus border="8">KeyboardKeyDark.png</texturenofocus>
					<texturefocus border="8">KeyboardKeyFocus.png</texturefocus>
					<textwidth>120</textwidth>
					<label>-</label>
					<textcolor>white</textcolor>
					<angle>270</angle>
					<onleft>13</onleft>
					<onright>11</onright>
					<onup>21</onup>
					<ondown>21</ondown>
				</control>
				<control type="image">
					<description>BackSpace Icon image</description>
					<posx>320</posx>
					<posy>60</posy>
					<width>50</width>
					<height>50</height>
					<texture>icon_backspace.png</texture>
				</control>
				<control type="button" id="14">
					<description>4 button</description>
					<posx>0</posx>
					<posy>85</posy>
					<width>95</width>
					<height>80</height>
					<font>font16</font>
					<align>center</align>
					<aligny>center</aligny>
					<texturenofocus border="8">KeyboardKey.png</texturenofocus>
					<texturefocus border="8">KeyboardKeyFocus.png</texturefocus>
					<label>12314</label>
					<textcolor>black</textcolor>
					<onleft>23</onleft>
					<onright>15</onright>
					<onup>11</onup>
					<ondown>17</ondown>
				</control>
				<control type="button" id="15">
					<description>5 button</description>
					<posx>100</posx>
					<posy>85</posy>
					<width>95</width>
					<height>80</height>
					<font>font16</font>
					<align>center</align>
					<aligny>center</aligny>
					<texturenofocus border="8">KeyboardKey.png</texturenofocus>
					<texturefocus border="8">KeyboardKeyFocus.png</texturefocus>
					<label>12315</label>
					<textcolor>black</textcolor>
					<onleft>14</onleft>
					<onright>16</onright>
					<onup>12</onup>
					<ondown>18</ondown>
				</control>
				<control type="button" id="16">
					<description>6 button</description>
					<posx>200</posx>
					<posy>85</posy>
					<width>95</width>
					<height>80</height>
					<font>font16</font>
					<align>center</align>
					<aligny>center</aligny>
					<texturenofocus border="8">KeyboardKey.png</texturenofocus>
					<texturefocus border="8">KeyboardKeyFocus.png</texturefocus>
					<label>12316</label>
					<textcolor>black</textcolor>
					<onleft>15</onleft>
					<onright>23</onright>
					<onup>13</onup>
					<ondown>19</ondown>
				</control>
				<control type="button" id="17">
					<description>7 button</description>
					<posx>0</posx>
					<posy>170</posy>
					<width>95</width>
					<height>80</height>
					<font>font16</font>
					<align>center</align>
					<aligny>center</aligny>
					<texturenofocus border="8">KeyboardKey.png</texturenofocus>
					<texturefocus border="8">KeyboardKeyFocus.png</texturefocus>
					<label>12317</label>
					<textcolor>black</textcolor>
					<onleft>21</onleft>
					<onright>18</onright>
					<onup>14</onup>
					<ondown>20</ondown>
				</control>
				<control type="button" id="18">
					<description>8 button</description>
					<posx>100</posx>
					<posy>170</posy>
					<width>95</width>
					<height>80</height>
					<font>font16</font>
					<align>center</align>
					<aligny>center</aligny>
					<texturenofocus border="8">KeyboardKey.png</texturenofocus>
					<texturefocus border="8">KeyboardKeyFocus.png</texturefocus>
					<label>12318</label>
					<textcolor>black</textcolor>
					<onleft>17</onleft>
					<onright>19</onright>
					<onup>15</onup>
					<ondown>10</ondown>
				</control>
				<control type="button" id="19">
					<description>9 button</description>
					<posx>200</posx>
					<posy>170</posy>
					<width>95</width>
					<height>80</height>
					<font>font16</font>
					<align>center</align>
					<aligny>center</aligny>
					<texturenofocus border="8">KeyboardKey.png</texturenofocus>
					<texturefocus border="8">KeyboardKeyFocus.png</texturefocus>
					<label>12319</label>
					<textcolor>black</textcolor>
					<onleft>18</onleft>
					<onright>21</onright>
					<onup>16</onup>
					<ondown>22</ondown>
				</control>
				<control type="button" id="21">
					<description>Done button</description>
					<posx>300</posx>
					<posy>170</posy>
					<width>95</width>
					<height>165</height>
					<font>font12</font>
					<align>center</align>
					<aligny>center</aligny>
					<texturenofocus border="8">KeyboardKeyDark.png</texturenofocus>
					<texturefocus border="8">KeyboardKeyFocus.png</texturefocus>
					<textwidth>120</textwidth>
					<label>-</label>
					<textcolor>white</textcolor>
					<angle>270</angle>
					<onleft>19</onleft>
					<onright>17</onright>
					<onup>23</onup>
					<ondown>23</ondown>
				</control>
				<control type="image">
					<description>Enter\done Icon image</description>
					<posx>320</posx>
					<posy>230</posy>
					<width>50</width>
					<height>50</height>
					<aspectratio>keep</aspectratio>
					<texture>icon_enter.png</texture>
				</control>
				<control type="button" id="20">
					<description>prev button</description>
					<posx>0</posx>
					<posy>255</posy>
					<width>95</width>
					<height>80</height>
					<font>font30</font>
					<label>-</label>
					<textcolor>white</textcolor>
					<align>center</align>
					<aligny>center</aligny>
					<texturenofocus border="8">KeyboardKeyDark.png</texturenofocus>
					<texturefocus border="8">KeyboardKeyFocus.png</texturefocus>
					<onleft>21</onleft>
					<onright>10</onright>
					<onup>17</onup>
					<ondown>11</ondown>
				</control>
				<control type="image">
					<description>Previous Icon image</description>
					<posx>22</posx>
					<posy>275</posy>
					<width>50</width>
					<height>40</height>
					<aspectratio>keep</aspectratio>
					<texture flipx="true">icon_arrowkey.png</texture>
				</control>
				<control type="button" id="10">
					<description>0 button</description>
					<posx>100</posx>
					<posy>255</posy>
					<width>95</width>
					<height>80</height>
					<font>font16</font>
					<align>center</align>
					<aligny>center</aligny>
					<texturenofocus border="8">KeyboardKey.png</texturenofocus>
					<texturefocus border="8">KeyboardKeyFocus.png</texturefocus>
					<label>12310</label>
					<textcolor>black</textcolor>
					<onleft>20</onleft>
					<onright>22</onright>
					<onup>18</onup>
					<ondown>12</ondown>
				</control>
				<control type="button" id="22">
					<description>next button</description>
					<posx>200</posx>
					<posy>255</posy>
					<width>95</width>
					<height>80</height>
					<font>font30</font>
					<label>-</label>
					<textcolor>white</textcolor>
					<align>center</align>
					<aligny>center</aligny>
					<texturenofocus border="8">KeyboardKeyDark.png</texturenofocus>
					<texturefocus border="8">KeyboardKeyFocus.png</texturefocus>
					<onleft>10</onleft>
					<onright>21</onright>
					<onup>19</onup>
					<ondown>13</ondown>
				</control>
				<control type="image">
					<description>Next Icon image</description>
					<posx>222</posx>
					<posy>275</posy>
					<width>50</width>
					<height>40</height>
					<aspectratio>keep</aspectratio>
					<texture>icon_arrowkey.png</texture>
				</control>
			</control>
		</control>
	</controls>
</window>
