<window id="103">
	<defaultcontrol always="true">65</defaultcontrol>
	<coordinates>
		<system>1</system>
		<posx>0</posx>
		<posy>0</posy>
	</coordinates>
	<controls>
		<control type="image">
			<posx>0</posx>
			<posy>0</posy>
			<width>ScreenWidth</width>
			<height>ScreenHeight</height>
			<texture>black-back.png</texture>
			<animation effect="fade" time="400">WindowOpen</animation>
			<animation effect="fade" time="200">WindowClose</animation>
		</control>
		<control type="button">
			<description>Hidden button to close the keyboard when its focused</description>
			<posx>0</posx>
			<posy>0</posy>
			<width>ScreenWidth</width>
			<height>ScreenHeight</height>
			<texturenofocus>-</texturenofocus>
			<texturefocus>-</texturefocus>
			<onclick>Back</onclick>
		</control>
		<control type="group">
			<include>16x9_xPos_Relocation</include>
			<animation effect="slide" start="0,500" end="0,0" time="400" easing="out" tween="quadratic" >WindowOpen</animation>
			<animation effect="slide" start="0,0" end="0,500" time="400" easing="in" tween="quadratic" >WindowClose</animation>
			<animation effect="slide" start="0,0" end="0,500" time="400" easing="in" tween="quadratic" condition="Window.IsVisible(numericinput)">Conditional</animation>
			<posx>15</posx>
			<posy>500r</posy>
			<control type="button">
				<posx>0</posx>
				<posy>0</posy>
				<width>ScreenWidth</width>
				<height>500</height>
				<texturenofocus>-</texturenofocus>
				<texturefocus>-</texturefocus>
				<onclick>noop</onclick>
			</control>
			<control type="image">
				<posx>0</posx>
				<posy>0</posy>
				<width>1250</width>
				<height>60</height>
				<aspectratio>stretch</aspectratio>
				<texture border="20">KeyboardEditArea.png</texture>
			</control>	
			<control type="label" id="310">
				<description>Edit Text</description>
				<posx>0</posx>
				<posy>0</posy>
				<width>1250</width>
				<height>60</height>
				<font>font16</font>
				<align>center</align>
				<aligny>center</aligny>
			</control>
			<control type="label" id="311">
				<description>dialog Heading</description>
				<posx>0</posx>
				<posy>-30</posy>
				<width>1250</width>
				<height>20</height>
				<font>font13_title</font>
				<textcolor>white</textcolor>
				<shadowcolor>black</shadowcolor>
				<align>center</align>
				<aligny>center</aligny>
			</control>
			<control type="group">
				<posx>0</posx>
				<posy>70</posy>
<!-- First Row -->
				<control type="image">
					<description>Blank image</description>
					<posx>0</posx>
					<posy>0</posy>
					<width>65</width>
					<height>80</height>
					<texture border="5">KeyboardKeyDark.png</texture>
				</control>
				<control type="button" id="49">
					<description>'1' button</description>
					<posx>70</posx>
					<posy>0</posy>
					<width>95</width>
					<height>80</height>
					<texturenofocus border="5">KeyboardKey.png</texturenofocus>
					<texturefocus border="5">KeyboardKeyFocus.png</texturefocus>
					<textcolor>black</textcolor>
					<font>font16</font>
					<align>center</align>
					<aligny>center</aligny>
				</control>
				<control type="button" id="50">
					<description>'2' button</description>
					<posx>170</posx>
					<posy>0</posy>
					<width>95</width>
					<height>80</height>
					<texturenofocus border="5">KeyboardKey.png</texturenofocus>
					<texturefocus border="5">KeyboardKeyFocus.png</texturefocus>
					<textcolor>black</textcolor>
					<font>font16</font>
					<align>center</align>
					<aligny>center</aligny>
				</control>
				<control type="button" id="51">
					<description>'3' button</description>
					<posx>270</posx>
					<posy>0</posy>
					<width>95</width>
					<height>80</height>
					<texturenofocus border="5">KeyboardKey.png</texturenofocus>
					<texturefocus border="5">KeyboardKeyFocus.png</texturefocus>
					<textcolor>black</textcolor>
					<font>font16</font>
					<align>center</align>
					<aligny>center</aligny>
				</control>
				<control type="button" id="52">
					<description>'4' button</description>
					<posx>370</posx>
					<posy>0</posy>
					<width>95</width>
					<height>80</height>
					<texturenofocus border="5">KeyboardKey.png</texturenofocus>
					<texturefocus border="5">KeyboardKeyFocus.png</texturefocus>
					<textcolor>black</textcolor>
					<font>font16</font>
					<align>center</align>
					<aligny>center</aligny>
				</control>
				<control type="button" id="53">
					<description>'5' button</description>
					<posx>470</posx>
					<posy>0</posy>
					<width>95</width>
					<height>80</height>
					<texturenofocus border="5">KeyboardKey.png</texturenofocus>
					<texturefocus border="5">KeyboardKeyFocus.png</texturefocus>
					<textcolor>black</textcolor>
					<font>font16</font>
					<align>center</align>
					<aligny>center</aligny>
				</control>
				<control type="button" id="54">
					<description>'6' button</description>
					<posx>570</posx>
					<posy>0</posy>
					<width>95</width>
					<height>80</height>
					<texturenofocus border="5">KeyboardKey.png</texturenofocus>
					<texturefocus border="5">KeyboardKeyFocus.png</texturefocus>
					<textcolor>black</textcolor>
					<font>font16</font>
					<align>center</align>
					<aligny>center</aligny>
				</control>
				<control type="button" id="55">
					<description>'7' button</description>
					<posx>670</posx>
					<posy>0</posy>
					<width>95</width>
					<height>80</height>
					<texturenofocus border="5">KeyboardKey.png</texturenofocus>
					<texturefocus border="5">KeyboardKeyFocus.png</texturefocus>
					<textcolor>black</textcolor>
					<font>font16</font>
					<align>center</align>
					<aligny>center</aligny>
				</control>
				<control type="button" id="56">
					<description>'8' button</description>
					<posx>770</posx>
					<posy>0</posy>
					<width>95</width>
					<height>80</height>
					<texturenofocus border="5">KeyboardKey.png</texturenofocus>
					<texturefocus border="5">KeyboardKeyFocus.png</texturefocus>
					<textcolor>black</textcolor>
					<font>font16</font>
					<align>center</align>
					<aligny>center</aligny>
				</control>
				<control type="button" id="57">
					<description>'9' button</description>
					<posx>870</posx>
					<posy>0</posy>
					<width>95</width>
					<height>80</height>
					<texturenofocus border="5">KeyboardKey.png</texturenofocus>
					<texturefocus border="5">KeyboardKeyFocus.png</texturefocus>
					<textcolor>black</textcolor>
					<font>font16</font>
					<align>center</align>
					<aligny>center</aligny>
				</control>
				<control type="button" id="48">
					<description>'0' button</description>
					<posx>970</posx>
					<posy>0</posy>
					<width>95</width>
					<height>80</height>
					<texturenofocus border="5">KeyboardKey.png</texturenofocus>
					<texturefocus border="5">KeyboardKeyFocus.png</texturefocus>
					<textcolor>black</textcolor>
					<font>font16</font>
					<align>center</align>
					<aligny>center</aligny>
				</control>
				<control type="togglebutton" id="304">
					<description>Symbols button</description>
					<posx>1070</posx>
					<posy>0</posy>
					<width>180</width>
					<height>80</height>
					<texturenofocus border="5">KeyboardKeyDark.png</texturenofocus>
					<texturefocus border="5">KeyboardKeyFocus.png</texturefocus>
					<alttexturenofocus border="5">KeyboardKeyDark.png</alttexturenofocus>
					<alttexturefocus border="5">KeyboardKeyFocus.png</alttexturefocus>
					<textcolor>white</textcolor>
					<font>font16</font>
					<align>center</align>
					<aligny>center</aligny>
					<label>@#$%</label>
					<altlabel>[COLOR=blue]@#$%[/COLOR]</altlabel>
				</control>
<!-- Second Row -->
				<control type="button" id="307">
					<description>IP Input button</description>
					<posx>0</posx>
					<posy>85</posy>
					<width>95</width>
					<height>80</height>
					<texturenofocus border="5">KeyboardKeyDark.png</texturenofocus>
					<texturefocus border="5">KeyboardKeyFocus.png</texturefocus>
					<textcolor>white</textcolor>
					<font>font16</font>
					<align>center</align>
					<aligny>center</aligny>
					<label>31003</label>
				</control>
				<control type="button" id="81">
					<description>'Q' button</description>
					<posx>100</posx>
					<posy>85</posy>
					<width>95</width>
					<height>80</height>
					<texturenofocus border="5">KeyboardKey.png</texturenofocus>
					<texturefocus border="5">KeyboardKeyFocus.png</texturefocus>
					<textcolor>black</textcolor>
					<font>font16</font>
					<align>center</align>
					<aligny>center</aligny>
				</control>
				<control type="button" id="87">
					<description>'W' button</description>
					<posx>200</posx>
					<posy>85</posy>
					<width>95</width>
					<height>80</height>
					<texturenofocus border="5">KeyboardKey.png</texturenofocus>
					<texturefocus border="5">KeyboardKeyFocus.png</texturefocus>
					<textcolor>black</textcolor>
					<font>font16</font>
					<align>center</align>
					<aligny>center</aligny>
				</control>
				<control type="button" id="69">
					<description>'E' button</description>
					<posx>300</posx>
					<posy>85</posy>
					<width>95</width>
					<height>80</height>
					<texturenofocus border="5">KeyboardKey.png</texturenofocus>
					<texturefocus border="5">KeyboardKeyFocus.png</texturefocus>
					<textcolor>black</textcolor>
					<font>font16</font>
					<align>center</align>
					<aligny>center</aligny>
				</control>
				<control type="button" id="82">
					<description>'R' button</description>
					<posx>400</posx>
					<posy>85</posy>
					<width>95</width>
					<height>80</height>
					<texturenofocus border="5">KeyboardKey.png</texturenofocus>
					<texturefocus border="5">KeyboardKeyFocus.png</texturefocus>
					<textcolor>black</textcolor>
					<font>font16</font>
					<align>center</align>
					<aligny>center</aligny>
				</control>
				<control type="button" id="84">
					<description>'T' button</description>
					<posx>500</posx>
					<posy>85</posy>
					<width>95</width>
					<height>80</height>
					<texturenofocus border="5">KeyboardKey.png</texturenofocus>
					<texturefocus border="5">KeyboardKeyFocus.png</texturefocus>
					<textcolor>black</textcolor>
					<font>font16</font>
					<align>center</align>
					<aligny>center</aligny>
				</control>
				<control type="button" id="89">
					<description>'Y' button</description>
					<posx>600</posx>
					<posy>85</posy>
					<width>95</width>
					<height>80</height>
					<texturenofocus border="5">KeyboardKey.png</texturenofocus>
					<texturefocus border="5">KeyboardKeyFocus.png</texturefocus>
					<textcolor>black</textcolor>
					<font>font16</font>
					<align>center</align>
					<aligny>center</aligny>
				</control>
				<control type="button" id="85">
					<description>'U' button</description>
					<posx>700</posx>
					<posy>85</posy>
					<width>95</width>
					<height>80</height>
					<texturenofocus border="5">KeyboardKey.png</texturenofocus>
					<texturefocus border="5">KeyboardKeyFocus.png</texturefocus>
					<textcolor>black</textcolor>
					<font>font16</font>
					<align>center</align>
					<aligny>center</aligny>
				</control>
				<control type="button" id="73">
					<description>'I' button</description>
					<posx>800</posx>
					<posy>85</posy>
					<width>95</width>
					<height>80</height>
					<texturenofocus border="5">KeyboardKey.png</texturenofocus>
					<texturefocus border="5">KeyboardKeyFocus.png</texturefocus>
					<textcolor>black</textcolor>
					<font>font16</font>
					<align>center</align>
					<aligny>center</aligny>
				</control>
				<control type="button" id="79">
					<description>'O' button</description>
					<posx>900</posx>
					<posy>85</posy>
					<width>95</width>
					<height>80</height>
					<texturenofocus border="5">KeyboardKey.png</texturenofocus>
					<texturefocus border="5">KeyboardKeyFocus.png</texturefocus>
					<textcolor>black</textcolor>
					<font>font16</font>
					<align>center</align>
					<aligny>center</aligny>
				</control>
				<control type="button" id="80">
					<description>'P' button</description>
					<posx>1000</posx>
					<posy>85</posy>
					<width>95</width>
					<height>80</height>
					<texturenofocus border="5">KeyboardKey.png</texturenofocus>
					<texturefocus border="5">KeyboardKeyFocus.png</texturefocus>
					<textcolor>black</textcolor>
					<font>font16</font>
					<align>center</align>
					<aligny>center</aligny>
				</control>
				<control type="button" id="8">
					<description>'BACKSPACE' button</description>
					<posx>1100</posx>
					<posy>85</posy>
					<width>150</width>
					<height>80</height>
					<texturenofocus border="5">KeyboardKeyDark.png</texturenofocus>
					<texturefocus border="5">KeyboardKeyFocus.png</texturefocus>
					<textcolor>white</textcolor>
					<font>font16</font>
					<align>center</align>
					<aligny>center</aligny>
					<label>-</label>
				</control>
				<control type="image">
					<description>BackSpace Icon image</description>
					<posx>1150</posx>
					<posy>100</posy>
					<width>50</width>
					<height>50</height>
					<texture>icon_backspace.png</texture>
				</control>
<!-- Third Row -->
				<control type="togglebutton" id="303">
					<description>CAPS LOCK button</description>
					<posx>0</posx>
					<posy>170</posy>
					<width>125</width>
					<height>80</height>
					<texturenofocus border="5">KeyboardKeyDark.png</texturenofocus>
					<texturefocus border="5">KeyboardKeyFocus.png</texturefocus>
					<alttexturenofocus border="5">KeyboardKeyDark.png</alttexturenofocus>
					<alttexturefocus border="5">KeyboardKeyFocus.png</alttexturefocus>
					<textcolor>white</textcolor>
					<font>font13</font>
					<align>center</align>
					<aligny>center</aligny>
					<label>31004</label>
					<altlabel>[COLOR=blue]$LOCALIZE[31004][/COLOR]</altlabel>
				</control>
				<control type="button" id="65">
					<description>'A' button</description>
					<posx>130</posx>
					<posy>170</posy>
					<width>95</width>
					<height>80</height>
					<texturenofocus border="5">KeyboardKey.png</texturenofocus>
					<texturefocus border="5">KeyboardKeyFocus.png</texturefocus>
					<textcolor>black</textcolor>
					<font>font16</font>
					<align>center</align>
					<aligny>center</aligny>
				</control>
				<control type="button" id="83">
					<description>'S' button</description>
					<posx>230</posx>
					<posy>170</posy>
					<width>95</width>
					<height>80</height>
					<texturenofocus border="5">KeyboardKey.png</texturenofocus>
					<texturefocus border="5">KeyboardKeyFocus.png</texturefocus>
					<textcolor>black</textcolor>
					<font>font16</font>
					<align>center</align>
					<aligny>center</aligny>
				</control>
				<control type="button" id="68">
					<description>'D' button</description>
					<posx>330</posx>
					<posy>170</posy>
					<width>95</width>
					<height>80</height>
					<texturenofocus border="5">KeyboardKey.png</texturenofocus>
					<texturefocus border="5">KeyboardKeyFocus.png</texturefocus>
					<textcolor>black</textcolor>
					<font>font16</font>
					<align>center</align>
					<aligny>center</aligny>
				</control>
				<control type="button" id="70">
					<description>'F' button</description>
					<posx>430</posx>
					<posy>170</posy>
					<width>95</width>
					<height>80</height>
					<texturenofocus border="5">KeyboardKey.png</texturenofocus>
					<texturefocus border="5">KeyboardKeyFocus.png</texturefocus>
					<textcolor>black</textcolor>
					<font>font16</font>
					<align>center</align>
					<aligny>center</aligny>
				</control>
				<control type="button" id="71">
					<description>'G' button</description>
					<posx>530</posx>
					<posy>170</posy>
					<width>95</width>
					<height>80</height>
					<texturenofocus border="5">KeyboardKey.png</texturenofocus>
					<texturefocus border="5">KeyboardKeyFocus.png</texturefocus>
					<textcolor>black</textcolor>
					<font>font16</font>
					<align>center</align>
					<aligny>center</aligny>
				</control>
				<control type="button" id="72">
					<description>'H' button</description>
					<posx>630</posx>
					<posy>170</posy>
					<width>95</width>
					<height>80</height>
					<texturenofocus border="5">KeyboardKey.png</texturenofocus>
					<texturefocus border="5">KeyboardKeyFocus.png</texturefocus>
					<textcolor>black</textcolor>
					<font>font16</font>
					<align>center</align>
					<aligny>center</aligny>
				</control>
				<control type="button" id="74">
					<description>'J' button</description>
					<posx>730</posx>
					<posy>170</posy>
					<width>95</width>
					<height>80</height>
					<texturenofocus border="5">KeyboardKey.png</texturenofocus>
					<texturefocus border="5">KeyboardKeyFocus.png</texturefocus>
					<textcolor>black</textcolor>
					<font>font16</font>
					<align>center</align>
					<aligny>center</aligny>
				</control>
				<control type="button" id="75">
					<description>'K' button</description>
					<posx>830</posx>
					<posy>170</posy>
					<width>95</width>
					<height>80</height>
					<texturenofocus border="5">KeyboardKey.png</texturenofocus>
					<texturefocus border="5">KeyboardKeyFocus.png</texturefocus>
					<textcolor>black</textcolor>
					<font>font16</font>
					<align>center</align>
					<aligny>center</aligny>
				</control>
				<control type="button" id="76">
					<description>'L' button</description>
					<posx>930</posx>
					<posy>170</posy>
					<width>95</width>
					<height>80</height>
					<texturenofocus border="5">KeyboardKey.png</texturenofocus>
					<texturefocus border="5">KeyboardKeyFocus.png</texturefocus>
					<textcolor>black</textcolor>
					<font>font16</font>
					<align>center</align>
					<aligny>center</aligny>
				</control>
				<control type="button" id="300">
					<description>DONE button</description>
					<posx>1030</posx>
					<posy>170</posy>
					<width>220</width>
					<height>80</height>
					<texturenofocus border="5">KeyboardKeyDark.png</texturenofocus>
					<texturefocus border="5">KeyboardKeyFocus.png</texturefocus>
					<textcolor>white</textcolor>
					<font>font16</font>
					<align>center</align>
					<aligny>center</aligny>
					<label>-</label>
				</control>
				<control type="image">
					<description>Enter\done Icon image</description>
					<posx>1110</posx>
					<posy>185</posy>
					<width>50</width>
					<height>50</height>
					<aspectratio>keep</aspectratio>
					<texture>icon_enter.png</texture>
				</control>
<!-- Forth Row -->
				<control type="button" id="302">
					<description>SHIFT button</description>
					<posx>0</posx>
					<posy>255</posy>
					<width>150</width>
					<height>80</height>
					<texturenofocus border="5">KeyboardKeyDark.png</texturenofocus>
					<texturefocus border="5">KeyboardKeyFocus.png</texturefocus>
					<textcolor>white</textcolor>
					<font>font16</font>
					<align>left</align>
					<aligny>center</aligny>
					<label>-</label>
				</control>
				<control type="image">
					<description>Enter\done Icon image</description>
					<posx>50</posx>
					<posy>270</posy>
					<width>50</width>
					<height>50</height>
					<aspectratio>keep</aspectratio>
					<texture>icon_shift.png</texture>
				</control>
				<control type="button" id="90">
					<description>'Z' button</description>
					<posx>160</posx>
					<posy>255</posy>
					<width>95</width>
					<height>80</height>
					<texturenofocus border="5">KeyboardKey.png</texturenofocus>
					<texturefocus border="5">KeyboardKeyFocus.png</texturefocus>
					<textcolor>black</textcolor>
					<font>font16</font>
					<align>center</align>
					<aligny>center</aligny>
				</control>
				<control type="button" id="88">
					<description>'X' button</description>
					<posx>260</posx>
					<posy>255</posy>
					<width>95</width>
					<height>80</height>
					<texturenofocus border="5">KeyboardKey.png</texturenofocus>
					<texturefocus border="5">KeyboardKeyFocus.png</texturefocus>
					<textcolor>black</textcolor>
					<font>font16</font>
					<align>center</align>
					<aligny>center</aligny>
				</control>
				<control type="button" id="67">
					<description>'C' button</description>
					<posx>360</posx>
					<posy>255</posy>
					<width>95</width>
					<height>80</height>
					<texturenofocus border="5">KeyboardKey.png</texturenofocus>
					<texturefocus border="5">KeyboardKeyFocus.png</texturefocus>
					<textcolor>black</textcolor>
					<font>font16</font>
					<align>center</align>
					<aligny>center</aligny>
				</control>
				<control type="button" id="86">
					<description>'V' button</description>
					<posx>460</posx>
					<posy>255</posy>
					<width>95</width>
					<height>80</height>
					<texturenofocus border="5">KeyboardKey.png</texturenofocus>
					<texturefocus border="5">KeyboardKeyFocus.png</texturefocus>
					<textcolor>black</textcolor>
					<font>font16</font>
					<align>center</align>
					<aligny>center</aligny>
				</control>
				<control type="button" id="66">
					<description>'B' button</description>
					<posx>560</posx>
					<posy>255</posy>
					<width>95</width>
					<height>80</height>
					<texturenofocus border="5">KeyboardKey.png</texturenofocus>
					<texturefocus border="5">KeyboardKeyFocus.png</texturefocus>
					<textcolor>black</textcolor>
					<font>font16</font>
					<align>center</align>
					<aligny>center</aligny>
				</control>
				<control type="button" id="78">
					<description>'N' button</description>
					<posx>660</posx>
					<posy>255</posy>
					<width>95</width>
					<height>80</height>
					<texturenofocus border="5">KeyboardKey.png</texturenofocus>
					<texturefocus border="5">KeyboardKeyFocus.png</texturefocus>
					<textcolor>black</textcolor>
					<font>font16</font>
					<align>center</align>
					<aligny>center</aligny>
				</control>
				<control type="button" id="77">
					<description>'M' button</description>
					<posx>760</posx>
					<posy>255</posy>
					<width>95</width>
					<height>80</height>
					<texturenofocus border="5">KeyboardKey.png</texturenofocus>
					<texturefocus border="5">KeyboardKeyFocus.png</texturefocus>
					<textcolor>black</textcolor>
					<font>font16</font>
					<align>center</align>
					<aligny>center</aligny>
				</control>
				<control type="button" id="305">
					<description>previous button</description>
					<posx>860</posx>
					<posy>255</posy>
					<width>193</width>
					<height>80</height>
					<texturenofocus border="5">KeyboardKeyDark.png</texturenofocus>
					<texturefocus border="5">KeyboardKeyFocus.png</texturefocus>
					<textcolor>white</textcolor>
					<font>font16</font>
					<align>center</align>
					<aligny>center</aligny>
					<label>-</label>
				</control>
				<control type="image">
					<description>Previous Icon image</description>
					<posx>930</posx>
					<posy>275</posy>
					<width>50</width>
					<height>40</height>
					<aspectratio>keep</aspectratio>
					<texture flipx="true">icon_arrowkey.png</texture>
				</control>
				<control type="button" id="306">
					<description>next button</description>
					<posx>1058</posx>
					<posy>255</posy>
					<width>191</width>
					<height>80</height>
					<texturenofocus border="5">KeyboardKeyDark.png</texturenofocus>
					<texturefocus border="5">KeyboardKeyFocus.png</texturefocus>
					<textcolor>white</textcolor>
					<font>font16</font>
					<align>center</align>
					<aligny>center</aligny>
					<label></label>
				</control>
				<control type="image">
					<description>Next Icon image</description>
					<posx>1135</posx>
					<posy>275</posy>
					<width>50</width>
					<height>40</height>
					<aspectratio>keep</aspectratio>
					<texture>icon_arrowkey.png</texture>
				</control>
<!-- Fifth Row -->
				<control type="image">
					<description>Blank image</description>
					<posx>0</posx>
					<posy>340</posy>
					<width>185</width>
					<height>80</height>
					<texture border="5">KeyboardKeyDark.png</texture>
				</control>
				<control type="button" id="32">
					<description>SPACE button</description>
					<posx>190</posx>
					<posy>340</posy>
					<width>695</width>
					<height>80</height>
					<texturenofocus border="5">KeyboardKey.png</texturenofocus>
					<texturefocus border="5">KeyboardKeyFocus.png</texturefocus>
					<textcolor>black</textcolor>
					<font>font16</font>
					<align>center</align>
					<aligny>center</aligny>
					<label>20182</label>
				</control>
				<control type="image">
					<description>Blank image</description>
					<posx>890</posx>
					<posy>340</posy>
					<width>360</width>
					<height>80</height>
					<texture border="5">KeyboardKeyDark.png</texture>
				</control>
			</control>
		</control>
	</controls>
</window>
