<window id="2009">
	<onunload>Dialog.Close(MusicOSD)</onunload>
	<controls>
		<control type="karvisualisation" id="1">
			<description>visualisation</description>
			<posx>0</posx>
			<posy>0</posy>
			<width>ScreenWidth</width>
			<height>ScreenHeight</height>
			<visibile>false</visibile>
		</control>
		<control type="image" id="2">
			<description>fullscreen image</description>
			<posx>0</posx>
			<posy>0</posy>
			<width>ScreenWidth</width>
			<height>ScreenHeight</height>
			<visibile>false</visibile>
		</control>
		<control type="group">
			<posx>70r</posx>
			<posy>405</posy>
			<include>Window_OpenClose_Animation</include>
			<include>VisibleFadeEffect</include>
			<visible>!Window.IsVisible(MusicOSD)</visible>
			<control type="image">
				<posx>0</posx>
				<posy>0</posy>
				<width>80</width>
				<height>150</height>
				<texture border="5">SubBack.png</texture>
			</control>
			<control type="button">
				<posx>10</posx>
				<posy>10</posy>
				<width>55</width>
				<height>55</height>
				<label>-</label>
				<texturefocus>icon_player2.png</texturefocus>
				<texturenofocus>icon_player2.png</texturenofocus>
				<onclick>ActivateWindow(MusicOSD)</onclick>
			</control>
			<control type="button">
				<posx>10</posx>
				<posy>85</posy>
				<width>55</width>
				<height>55</height>
				<label>-</label>
				<texturefocus>icon_keypad.png</texturefocus>
				<texturenofocus>icon_keypad.png</texturenofocus>
				<onclick>Number0</onclick>
			</control>
		</control>
		<control type="group">
			<visible>MusicPlayer.Offset(number).Exists + !IntegerGreaterThan(Player.TimeRemaining,20)</visible>
			<animation effect="slide" start="0,-64" end="0,0" time="100">Visible</animation>
			<posx>0</posx>
			<posy>0</posy>
			<control type="image">
				<posx>0</posx>
				<posy>0</posy>
				<width>ScreenWidth</width>
				<height>64</height>
				<texture>header.png</texture>
			</control>
			<control type="label" id="402">
				<description>Next Song Name</description>
				<posx>0</posx>
				<posy>0</posy>
				<width>ScreenWidth</width>
				<height>60</height>
				<font>font16</font>
				<textcolor>white</textcolor>
				<label>$LOCALIZE[209] : $INFO[MusicPlayer.offset(1).Title]</label>
				<align>center</align>
				<aligny>center</aligny>
			</control>
		</control>
	</controls>
</window>
