<?xml version="1.0" encoding="UTF-8" standalone="yes"?>
<addon
  id="plugin.video.hkkan"
  version="1.5.1"
  name="HK Kan Beta"
  provider-name="CeeToe">
  <requires>
        <import addon="xbmc.python" version="2.0"/>
		<!--import addon="script.module.simplejson" /-->
		<import addon="script.module.t0mm0.common" version="1.1.0"/>
  </requires>
  <extension point="xbmc.python.pluginsource"
            library="default.py">
        <provides>video</provides>
  </extension>
  <extension point="xbmc.addon.metadata">
    <summary>HK Kan</summary>
    <description>Homie, now you can watch HongKong stuff.</description>
    <platform>all</platform>
  </extension>
</addon>
