<window id="112">
	<defaultcontrol></defaultcontrol>
	<include>dialogeffect</include>
	<controls>
		<control type="group">
			<posx>435r</posx>
			<posy>25</posy>
			<visible>!Window.IsVisible(FullscreenVideo) + !Window.IsVisible(Visualisation)</visible>
			<control type="image">
				<posx>0</posx>
				<posy>0</posy>
				<width>350</width>
				<height>67</height>
				<texture border="8">IconBack.png</texture>
			</control>
			<control type="fadelabel" id="30">
				<posx>10</posx>
				<posy>5</posy>
				<width>330</width>
				<height>15</height>
				<scrollout>false</scrollout>
				<pauseatend>3000</pauseatend>
				<align>center</align>
				<aligny>center</aligny>
				<font>font10_title</font>
				<textcolor>black</textcolor>
			</control>
			<control type="fadelabel" id="31">
				<posx>10</posx>
				<posy>24</posy>
				<width>330</width>
				<height>20</height>
				<scrollout>false</scrollout>
				<pauseatend>3000</pauseatend>
				<align>center</align>
				<aligny>center</aligny>
				<font>font12</font>
				<textcolor>black</textcolor>
				<haspath>true</haspath>
			</control>
			<control type="progress" id="32">
				<description>progress control</description>
				<posx>5</posx>
				<posy>47</posy>
				<width>340</width>
				<height>15</height>
			</control>
		</control>
	</controls>
</window>