<includes>
	<include name="CommonRootView">
		<control type="panel" id="50">
			<posx>120</posx>
			<posy>120</posy>
			<width>1100</width>
			<height>720</height>
			<onleft>2</onleft>
			<onright>60</onright>
			<onup>50</onup>
			<ondown>50</ondown>
			<viewtype label="535">list</viewtype>
			<pagecontrol>60</pagecontrol>
			<scrolltime>200</scrolltime>
			<itemlayout height="60" width="1100">
				<control type="image">
					<posx>0</posx>
					<posy>0</posy>
					<width>1100</width>
					<height>60</height>
					<texture border="5">ListNF.png</texture>
				</control>
				<control type="image">
					<posx>10</posx>
					<posy>5</posy>
					<width>50</width>
					<height>50</height>
					<texture background="true">$VAR[PosterThumb]</texture>
				</control>
				<control type="label">
					<posx>75</posx>
					<posy>0</posy>
					<width>800</width>
					<height>60</height>
					<font>font16</font>
					<textcolor>grey2</textcolor>
					<selectedcolor>selected</selectedcolor>
					<align>left</align>
					<aligny>center</aligny>
					<label>$INFO[ListItem.Label]</label>
				</control>
				<control type="label">
					<posx>1080</posx>
					<posy>2</posy>
					<width>400</width>
					<height>30</height>
					<font>font13</font>
					<textcolor>grey2</textcolor>
					<selectedcolor>selected</selectedcolor>
					<align>right</align>
					<aligny>center</aligny>
					<label>$INFO[ListItem.Label2]</label>
				</control>
				<control type="image">
					<description>Rating value</description>
					<posx>985</posx>
					<posy>30</posy>
					<width>100</width>
					<height>25</height>
					<aspectratio align="left">keep</aspectratio>
					<texture fallback="light/left_rating/rating0.png">$INFO[ListItem.StarRating,light/left_rating/]</texture>
				</control>
			</itemlayout>
			<focusedlayout height="60" width="1100">
				<control type="image">
					<posx>0</posx>
					<posy>0</posy>
					<width>1100</width>
					<height>60</height>
					<texture border="5">ListFO.png</texture>
					<include>VisibleFadeEffect</include>
				</control>
				<control type="image">
					<posx>10</posx>
					<posy>5</posy>
					<width>50</width>
					<height>50</height>
					<texture background="true">$VAR[PosterThumb]</texture>
				</control>
				<control type="label">
					<posx>75</posx>
					<posy>0</posy>
					<width>800</width>
					<height>60</height>
					<font>font16</font>
					<textcolor>black</textcolor>
					<selectedcolor>selected</selectedcolor>
					<align>left</align>
					<aligny>center</aligny>
					<label>$INFO[ListItem.Label]</label>
				</control>
				<control type="label">
					<posx>1080</posx>
					<posy>2</posy>
					<width>400</width>
					<height>30</height>
					<font>font13</font>
					<textcolor>black</textcolor>
					<selectedcolor>selected</selectedcolor>
					<align>right</align>
					<aligny>center</aligny>
					<label>$INFO[ListItem.Label2]</label>
				</control>
				<control type="image">
					<description>Rating value</description>
					<posx>985</posx>
					<posy>30</posy>
					<width>100</width>
					<height>25</height>
					<aspectratio align="left">keep</aspectratio>
					<texture fallback="dark/left_rating/rating0.png">$INFO[ListItem.StarRating,dark/left_rating/]</texture>
				</control>
			</focusedlayout>
		</control>
	</include>
	<include name="CommonRootViewVideo">
		<control type="panel" id="50">
			<posx>120</posx>
			<posy>120</posy>
			<width>1100</width>
			<height>720</height>
			<onleft>2</onleft>
			<onright>60</onright>
			<onup>50</onup>
			<ondown>50</ondown>
			<viewtype label="535">list</viewtype>
			<pagecontrol>60</pagecontrol>
			<scrolltime>200</scrolltime>
			<itemlayout height="60" width="1100">
				<control type="image">
					<posx>0</posx>
					<posy>0</posy>
					<width>1100</width>
					<height>60</height>
					<texture border="5">ListNF.png</texture>
				</control>
				<control type="image">
					<posx>10</posx>
					<posy>5</posy>
					<width>50</width>
					<height>50</height>
					<texture background="true">$VAR[PosterThumb]</texture>
				</control>
				<control type="label">
					<posx>75</posx>
					<posy>0</posy>
					<width>800</width>
					<height>60</height>
					<font>font16</font>
					<textcolor>grey2</textcolor>
					<selectedcolor>selected</selectedcolor>
					<align>left</align>
					<aligny>center</aligny>
					<label>$INFO[ListItem.Label]</label>
				</control>
				<control type="label">
					<posx>1050</posx>
					<posy>2</posy>
					<width>400</width>
					<height>30</height>
					<font>font13</font>
					<textcolor>grey2</textcolor>
					<selectedcolor>selected</selectedcolor>
					<align>right</align>
					<aligny>center</aligny>
					<label>$INFO[ListItem.Label2]</label>
					<visible>![Container.Content(Movies) | Container.Content(Episodes) | Container.Content(MusicVideos)]</visible>
				</control>
				<control type="image">
					<description>Rating value</description>
					<posx>950</posx>
					<posy>30</posy>
					<width>100</width>
					<height>25</height>
					<aspectratio align="left">keep</aspectratio>
					<texture fallback="light/left_rating/rating0.png">$INFO[ListItem.StarRating,light/left_rating/]</texture>
					<visible>![Container.Content(Movies) | Container.Content(Episodes) | Container.Content(MusicVideos)]</visible>
				</control>
				<control type="label">
					<posx>990</posx>
					<posy>2</posy>
					<width>400</width>
					<height>30</height>
					<font>font13</font>
					<textcolor>grey2</textcolor>
					<selectedcolor>selected</selectedcolor>
					<align>right</align>
					<aligny>center</aligny>
					<label>$INFO[ListItem.Label2]</label>
					<visible>[Container.Content(Movies) | Container.Content(Episodes) | Container.Content(MusicVideos)]</visible>
				</control>
				<control type="image">
					<description>Rating value</description>
					<posx>890</posx>
					<posy>30</posy>
					<width>100</width>
					<height>25</height>
					<aspectratio align="left">keep</aspectratio>
					<texture fallback="light/left_rating/rating0.png">$INFO[ListItem.StarRating,light/left_rating/]</texture>
					<visible>[Container.Content(Movies) | Container.Content(Episodes) | Container.Content(MusicVideos)]</visible>
				</control>
				<control type="image">
					<posx>1000</posx>
					<posy>10</posy>
					<width>60</width>
					<height>40</height>
					<texture>$INFO[ListItem.VideoResolution,light/,.png]</texture>
					<visible>[Container.Content(Movies) | Container.Content(Episodes) | Container.Content(MusicVideos)]</visible>
				</control>
				<control type="image">
					<posx>1062</posx>
					<posy>17</posy>
					<width>25</width>
					<height>25</height>
					<aspectratio>keep</aspectratio>
					<texture>OverlayWatching.png</texture>
					<visible>ListItem.IsResumable</visible>
				</control>
				<control type="image">
					<posx>1060</posx>
					<posy>15</posy>
					<width>30</width>
					<height>30</height>
					<texture>$INFO[ListItem.Overlay,light/]</texture>
					<visible>!ListItem.IsResumable</visible>
				</control>
			</itemlayout>
			<focusedlayout height="60" width="1100">
				<control type="image">
					<posx>0</posx>
					<posy>0</posy>
					<width>1100</width>
					<height>60</height>
					<texture border="5">ListFO.png</texture>
					<include>VisibleFadeEffect</include>
				</control>
				<control type="image">
					<posx>10</posx>
					<posy>5</posy>
					<width>50</width>
					<height>50</height>
					<texture background="true">$VAR[PosterThumb]</texture>
				</control>
				<control type="label">
					<posx>75</posx>
					<posy>0</posy>
					<width>800</width>
					<height>60</height>
					<font>font16</font>
					<textcolor>black</textcolor>
					<selectedcolor>selected</selectedcolor>
					<align>left</align>
					<aligny>center</aligny>
					<label>$INFO[ListItem.Label]</label>
				</control>
				<control type="label">
					<posx>1050</posx>
					<posy>2</posy>
					<width>400</width>
					<height>30</height>
					<font>font13</font>
					<textcolor>black</textcolor>
					<selectedcolor>selected</selectedcolor>
					<align>right</align>
					<aligny>center</aligny>
					<label>$INFO[ListItem.Label2]</label>
					<visible>![Container.Content(Movies) | Container.Content(Episodes) | Container.Content(MusicVideos)]</visible>
				</control>
				<control type="image">
					<description>Rating value</description>
					<posx>950</posx>
					<posy>30</posy>
					<width>100</width>
					<height>25</height>
					<aspectratio align="left">keep</aspectratio>
					<texture fallback="dark/left_rating/rating0.png">$INFO[ListItem.StarRating,dark/left_rating/]</texture>
					<visible>![Container.Content(Movies) | Container.Content(Episodes) | Container.Content(MusicVideos)]</visible>
				</control>
				<control type="label">
					<posx>990</posx>
					<posy>2</posy>
					<width>400</width>
					<height>30</height>
					<font>font13</font>
					<textcolor>black</textcolor>
					<selectedcolor>selected</selectedcolor>
					<align>right</align>
					<aligny>center</aligny>
					<label>$INFO[ListItem.Label2]</label>
					<visible>[Container.Content(Movies) | Container.Content(Episodes) | Container.Content(MusicVideos)]</visible>
				</control>
				<control type="image">
					<description>Rating value</description>
					<posx>890</posx>
					<posy>30</posy>
					<width>100</width>
					<height>25</height>
					<aspectratio align="left">keep</aspectratio>
					<texture fallback="dark/left_rating/rating0.png">$INFO[ListItem.StarRating,dark/left_rating/]</texture>
					<visible>[Container.Content(Movies) | Container.Content(Episodes) | Container.Content(MusicVideos)]</visible>
				</control>
				<control type="image">
					<posx>1000</posx>
					<posy>10</posy>
					<width>60</width>
					<height>40</height>
					<texture>$INFO[ListItem.VideoResolution,dark/,.png]</texture>
					<visible>[Container.Content(Movies) | Container.Content(Episodes) | Container.Content(MusicVideos)]</visible>
				</control>
				<control type="image">
					<posx>1062</posx>
					<posy>17</posy>
					<width>25</width>
					<height>25</height>
					<aspectratio>keep</aspectratio>
					<texture>OverlayWatching.png</texture>
					<visible>ListItem.IsResumable</visible>
				</control>
				<control type="image">
					<posx>1060</posx>
					<posy>15</posy>
					<width>30</width>
					<height>30</height>
					<texture>$INFO[ListItem.Overlay,dark/]</texture>
					<visible>!ListItem.IsResumable</visible>
				</control>
			</focusedlayout>
		</control>
	</include>
	<include name="ThumbnailView">
		<control type="panel" id="500">
			<posx>120</posx>
			<posy>120</posy>
			<width>1100</width>
			<height>720</height>
			<onleft>2</onleft>
			<onright>60</onright>
			<onup>500</onup>
			<ondown>500</ondown>
			<viewtype label="21371">wide</viewtype>
			<pagecontrol>60</pagecontrol>
			<scrolltime>200</scrolltime>
			<preloaditems>2</preloaditems>
			<itemlayout condition="!Container.Content(Movies) + !Container.Content(Seasons) + !Container.Content(Episodes) + !Container.Content(TVShows)" height="240" width="220">
				<control type="image">
					<posx>5</posx>
					<posy>5</posy>
					<width>210</width>
					<height>230</height>
					<texture border="5">SubBack.png</texture>
				</control>
				<control type="image">
					<posx>10</posx>
					<posy>10</posy>
					<width>200</width>
					<height>185</height>
					<texture background="true">$INFO[Listitem.Icon]</texture>
				</control>
				<control type="label">
					<posx>110</posx>
					<posy>200</posy>
					<width>200</width>
					<height>25</height>
					<font>font12</font>
					<textcolor>grey2</textcolor>
					<selectedcolor>selected</selectedcolor>
					<align>center</align>
					<aligny>center</aligny>
					<info>ListItem.Label</info>
				</control>
				<control type="image">
					<posx>170</posx>
					<posy>11</posy>
					<width>40</width>
					<height>30</height>
					<texture>$INFO[ListItem.VideoResolution,light/,.png]</texture>
					<visible>Container.Content(MusicVideos)</visible>
				</control>
				<control type="image">
					<posx>180</posx>
					<posy>170</posy>
					<width>30</width>
					<height>30</height>
					<aspectratio>keep</aspectratio>
					<texture>$INFO[ListItem.Overlay]</texture>
				</control>
				<control type="image">
					<posx>5</posx>
					<posy>5</posy>
					<width>226</width>
					<height>230</height>
					<texture>GlassOverlay.png</texture>
				</control>
			</itemlayout>
			<focusedlayout condition="!Container.Content(Movies) + !Container.Content(Seasons) + !Container.Content(Episodes) + !Container.Content(TVShows)" height="240" width="220">
				<control type="image">
					<posx>5</posx>
					<posy>5</posy>
					<width>210</width>
					<height>230</height>
					<texture border="5">SubBack2.png</texture>
				</control>
				<control type="image">
					<posx>10</posx>
					<posy>10</posy>
					<width>200</width>
					<height>185</height>
					<texture background="true">$INFO[Listitem.Icon]</texture>
				</control>
				<control type="label">
					<posx>110</posx>
					<posy>200</posy>
					<width>200</width>
					<height>25</height>
					<font>font12</font>
					<textcolor>black</textcolor>
					<selectedcolor>selected</selectedcolor>
					<align>center</align>
					<aligny>center</aligny>
					<info>ListItem.Label</info>
				</control>
				<control type="image">
					<posx>170</posx>
					<posy>11</posy>
					<width>40</width>
					<height>30</height>
					<texture>$INFO[ListItem.VideoResolution,light/,.png]</texture>
					<visible>Container.Content(MusicVideos)</visible>
				</control>
				<control type="image">
					<posx>180</posx>
					<posy>170</posy>
					<width>30</width>
					<height>30</height>
					<aspectratio>keep</aspectratio>
					<texture>$INFO[ListItem.Overlay]</texture>
				</control>
				<control type="image">
					<posx>5</posx>
					<posy>5</posy>
					<width>226</width>
					<height>230</height>
					<texture>GlassOverlay.png</texture>
				</control>
			</focusedlayout>
			<itemlayout condition="Container.Content(Movies) | Container.Content(Seasons) | Container.Content(TVShows)" height="360" width="220">
				<control type="image">
					<posx>5</posx>
					<posy>5</posy>
					<width>210</width>
					<height>350</height>
					<texture border="5">SubBack.png</texture>
				</control>
				<control type="image">
					<posx>15</posx>
					<posy>15</posy>
					<width>190</width>
					<height>285</height>
					<texture background="true">$VAR[PosterThumb]</texture>
				</control>
				<control type="textbox">
					<posx>10</posx>
					<posy>300</posy>
					<width>200</width>
					<height>45</height>
					<font>font12</font>
					<textcolor>grey2</textcolor>
					<selectedcolor>selected</selectedcolor>
					<align>center</align>
					<info>ListItem.Label</info>
				</control>
				<control type="image">
					<posx>170</posx>
					<posy>11</posy>
					<width>40</width>
					<height>30</height>
					<texture>$INFO[ListItem.VideoResolution,light/,.png]</texture>
				</control>
				<control type="image">
					<posx>180</posx>
					<posy>270</posy>
					<width>30</width>
					<height>30</height>
					<aspectratio>keep</aspectratio>
					<texture>$INFO[ListItem.Overlay]</texture>
				</control>
				<control type="image">
					<posx>5</posx>
					<posy>5</posy>
					<width>245</width>
					<height>350</height>
					<texture>GlassOverlay.png</texture>
				</control>
			</itemlayout>
			<focusedlayout condition="Container.Content(Movies) | Container.Content(Seasons) | Container.Content(TVShows)" height="360" width="220">
				<control type="image">
					<posx>5</posx>
					<posy>5</posy>
					<width>210</width>
					<height>350</height>
					<texture border="5">SubBack2.png</texture>
				</control>
				<control type="image">
					<posx>15</posx>
					<posy>15</posy>
					<width>190</width>
					<height>285</height>
					<texture background="true">$VAR[PosterThumb]</texture>
				</control>
				<control type="textbox">
					<posx>10</posx>
					<posy>300</posy>
					<width>200</width>
					<height>45</height>
					<font>font12</font>
					<textcolor>black</textcolor>
					<selectedcolor>selected</selectedcolor>
					<align>center</align>
					<info>ListItem.Label</info>
				</control>
				<control type="image">
					<posx>170</posx>
					<posy>11</posy>
					<width>40</width>
					<height>30</height>
					<texture>$INFO[ListItem.VideoResolution,light/,.png]</texture>
				</control>
				<control type="image">
					<posx>180</posx>
					<posy>270</posy>
					<width>30</width>
					<height>30</height>
					<aspectratio>keep</aspectratio>
					<texture>$INFO[ListItem.Overlay]</texture>
				</control>
				<control type="image">
					<posx>5</posx>
					<posy>5</posy>
					<width>245</width>
					<height>350</height>
					<texture>GlassOverlay.png</texture>
				</control>
			</focusedlayout>
			<itemlayout condition="Container.Content(Episodes)" height="240" width="275">
				<control type="image">
					<posx>5</posx>
					<posy>5</posy>
					<width>265</width>
					<height>230</height>
					<texture border="5">SubBack.png</texture>
				</control>
				<control type="image">
					<posx>10</posx>
					<posy>10</posy>
					<width>255</width>
					<height>175</height>
					<aspectratio>scale</aspectratio>
					<texture background="true">$INFO[Listitem.Icon]</texture>
				</control>
				<control type="textbox">
					<posx>10</posx>
					<posy>185</posy>
					<width>255</width>
					<height>45</height>
					<font>font12</font>
					<textcolor>grey2</textcolor>
					<selectedcolor>selected</selectedcolor>
					<align>center</align>
					<info>ListItem.Label</info>
				</control>
				<control type="image">
					<posx>225</posx>
					<posy>10</posy>
					<width>40</width>
					<height>30</height>
					<texture>$INFO[ListItem.VideoResolution,light/,.png]</texture>
				</control>
				<control type="image">
					<posx>230</posx>
					<posy>160</posy>
					<width>30</width>
					<height>30</height>
					<aspectratio>keep</aspectratio>
					<texture>$INFO[ListItem.Overlay]</texture>
				</control>
				<control type="image">
					<posx>5</posx>
					<posy>5</posy>
					<width>226</width>
					<height>230</height>
					<texture>GlassOverlay.png</texture>
				</control>
			</itemlayout>
			<focusedlayout condition="Container.Content(Episodes)" height="240" width="275">
				<control type="image">
					<posx>5</posx>
					<posy>5</posy>
					<width>265</width>
					<height>230</height>
					<texture border="5">SubBack2.png</texture>
				</control>
				<control type="image">
					<posx>10</posx>
					<posy>10</posy>
					<width>255</width>
					<height>175</height>
					<aspectratio>scale</aspectratio>
					<texture background="true">$INFO[Listitem.Icon]</texture>
				</control>
				<control type="textbox">
					<posx>10</posx>
					<posy>185</posy>
					<width>255</width>
					<height>45</height>
					<font>font12</font>
					<textcolor>black</textcolor>
					<selectedcolor>selected</selectedcolor>
					<align>center</align>
					<info>ListItem.Label</info>
				</control>
				<control type="image">
					<posx>225</posx>
					<posy>10</posy>
					<width>40</width>
					<height>30</height>
					<texture>$INFO[ListItem.VideoResolution,light/,.png]</texture>
				</control>
				<control type="image">
					<posx>230</posx>
					<posy>160</posy>
					<width>30</width>
					<height>30</height>
					<aspectratio>keep</aspectratio>
					<texture>$INFO[ListItem.Overlay]</texture>
				</control>
				<control type="image">
					<posx>5</posx>
					<posy>5</posy>
					<width>226</width>
					<height>230</height>
					<texture>GlassOverlay.png</texture>
				</control>
			</focusedlayout>
		</control>
	</include>
	<include name="WideIconView">
		<control type="panel" id="502">
			<visible>!Container.Content(Movies) + !Container.Content(Episodes) + !Container.Content(Seasons) + !Container.Content(MusicVideos)</visible>
			<posx>120</posx>
			<posy>120</posy>
			<width>1100</width>
			<height>720</height>
			<onleft>502</onleft>
			<onright>502</onright>
			<onup>502</onup>
			<ondown>502</ondown>
			<pagecontrol>60</pagecontrol>
			<scrolltime>300</scrolltime>
			<preloaditems>2</preloaditems>
			<viewtype label="539">wide</viewtype>
			<itemlayout height="144" width="550">
				<control type="image">
					<posx>5</posx>
					<posy>0</posy>
					<width>540</width>
					<height>140</height>
					<texture border="5">SubBack.png</texture>
				</control>
				<control type="image">
					<posx>10</posx>
					<posy>5</posy>
					<width>530</width>
					<height>100</height>
					<aspectratio>keep</aspectratio>
					<texture background="true">$VAR[BannerThumb]</texture>
				</control>
				<control type="image">
					<posx>5</posx>
					<posy>0</posy>
					<width>200</width>
					<height>140</height>
					<texture>GlassOverlay.png</texture>
				</control>
				<control type="label">
					<posx>15</posx>
					<posy>110</posy>
					<width>380</width>
					<height>20</height>
					<font>font12</font>
					<textcolor>grey2</textcolor>
					<align>left</align>
					<aligny>center</aligny>
					<label>$INFO[ListItem.Label]</label>
				</control>
				<control type="label">
					<posx>535</posx>
					<posy>110</posy>
					<width>380</width>
					<height>20</height>
					<font>font12</font>
					<textcolor>grey2</textcolor>
					<align>right</align>
					<aligny>center</aligny>
					<label>$INFO[ListItem.Label2]</label>
				</control>
			</itemlayout>
			<focusedlayout height="144" width="550">
				<control type="image">
					<posx>5</posx>
					<posy>0</posy>
					<width>540</width>
					<height>140</height>
					<texture border="5">SubBack2.png</texture>
				</control>
				<control type="image">
					<posx>10</posx>
					<posy>5</posy>
					<width>530</width>
					<height>100</height>
					<aspectratio>keep</aspectratio>
					<texture background="true">$VAR[BannerThumb]</texture>
				</control>
				<control type="image">
					<posx>5</posx>
					<posy>0</posy>
					<width>200</width>
					<height>140</height>
					<texture>GlassOverlay.png</texture>
				</control>
				<control type="label">
					<posx>15</posx>
					<posy>110</posy>
					<width>380</width>
					<height>20</height>
					<font>font12</font>
					<textcolor>black</textcolor>
					<align>left</align>
					<aligny>center</aligny>
					<label>$INFO[ListItem.Label]</label>
				</control>
				<control type="label">
					<posx>535</posx>
					<posy>110</posy>
					<width>380</width>
					<height>20</height>
					<font>font12</font>
					<textcolor>black</textcolor>
					<align>right</align>
					<aligny>center</aligny>
					<label>$INFO[ListItem.Label2]</label>
				</control>
			</focusedlayout>
		</control>
	</include>
</includes>
