	<!-- Ace -->

	<window id="5600" type="dialog">
	<defaultcontrol>603</defaultcontrol>
	<controls>
	<control type="group"><!-- Proximas faixas -->
	<animation effect="slide" start="-500,0" end="0,0" time="700" tween="sine" easing="inout" delay="1000">WindowOpen</animation>
	<animation effect="slide" start="-500,0" end="0,0" time="700" tween="sine" easing="inout" delay="1000">Visible</animation>
	<animation effect="slide" start="0,0" end="-500,0" time="400" tween="sine" easing="inout">WindowClose</animation>
	<animation effect="slide" start="0,0" end="-500,0" time="400" tween="sine" easing="inout">Hidden</animation>
	<visible>![IsEmpty(MusicPlayer.offset(1).Artist) | Window.IsVisible(120) | Window.IsVisible(122)]</visible>
	<control type="image">
	<posx>444</posx>
	<posy>0</posy>
	<width>30</width>
	<height>470</height>
	<texture>shadow.png</texture>
	<colordiffuse>C3FFFFFF</colordiffuse>
	</control>
	<control type="image">
	<posx>0</posx>
	<posy>0</posy>
	<width>444</width>
	<height>470</height>
	<texture>grey.png</texture>
	<colordiffuse>90FFFFFF</colordiffuse>
	</control>
	<control type="image">
	<posx>0</posx>
	<posy>5</posy>
	<width>444</width>
	<height>40</height>
	<texture>settings_button.png</texture>
	<colordiffuse>$VAR[value_texturecolor]</colordiffuse>
	<include>Animation_HomeGlass2</include>
	</control>
	<control type="label"><!-- Titulo -->
	<posx>20</posx>
	<posy>12</posy>
	<width>404</width>
	<height>20</height>
	<label>31325</label>
	<font>Font_23</font>
	<align>center</align>
	<textcolor>FFFFFAF0</textcolor>
	</control>
	<control type="image">
	<posx>20</posx>
	<posy>445</posy>
	<width>20</width>
	<height>20</height>
	<texture>arrow_left.png</texture>
	<colordiffuse>FF101010</colordiffuse>
	<include>Animation_Fade</include>
	<visible>Skin.HasSetting(lyrics_on)</visible>
	</control>
	<control type="label"><!-- Para Letras -->
	<posx>50</posx>
	<posy>444</posy>
	<width>150</width>
	<height>20</height>
	<label>31723</label>
	<font>Font_18</font>
	<align>left</align>
	<textcolor>FF101010</textcolor>
	<visible>Skin.HasSetting(lyrics_on)</visible>
	</control>
	<control type="image">
	<posx>400</posx>
	<posy>445</posy>
	<width>20</width>
	<height>20</height>
	<texture flipx="true">arrow_left.png</texture>
	<colordiffuse>FF101010</colordiffuse>
	<include>Animation_Fade</include>
	</control>
	<control type="label"><!-- Para Menu -->
	<posx>390</posx>
	<posy>444</posy>
	<width>150</width>
	<height>20</height>
	<label>31238</label>
	<font>Font_18</font>
	<align>right</align>
	<textcolor>FF101010</textcolor>
	</control>
	<control type="list" id="603">
	<posx>10</posx>
	<posy>50</posy>
	<width>444</width>
	<height>380</height>
	<onup>603</onup>
	<ondown>603</ondown>
	<onleft condition="Skin.HasSetting(lyrics_on)">Close</onleft>
	<onright>ActivateWindow(120)</onright>
	<orientation>vertical</orientation>
	<pagecontrol>-</pagecontrol>
	<itemlayout width="444" height="25">
	<control type="label">
	<posx>30</posx>
	<posy>0</posy>
	<width>50</width>
	<height>18</height>
	<align>right</align>
	<font>Font_19</font>
	<label>$INFO[ListItem.Label]</label>
	<textcolor>$VAR[value_headercolorfocus]</textcolor>
	</control>
	<control type="label">
	<posx>40</posx>
	<posy>0</posy>
	<width>410</width>
	<height>18</height>
	<align>left</align>
	<font>Font_19</font>
	<label>$INFO[ListItem.Label2]</label>
	<textcolor>80101010</textcolor>
	</control>
	</itemlayout>
	<focusedlayout width="444" height="25">
	<control type="image">
	<posx>0</posx>
	<posy>0</posy>
	<width>443</width>
	<height>25</height>
	<texture>gradient_focus.png</texture>
	<colordiffuse>$VAR[value_headercolor]</colordiffuse>
	</control>
	<control type="label">
	<posx>30</posx>
	<posy>0</posy>
	<width>50</width>
	<height>18</height>
	<align>right</align>
	<font>Font_19</font>
	<label>$INFO[ListItem.Label]</label>
	<textcolor>$VAR[value_headercolorfocus]</textcolor>
	</control>
	<control type="label">
	<posx>40</posx>
	<posy>0</posy>
	<width>410</width>
	<height>18</height>
	<align>left</align>
	<font>Font_19</font>
	<label>$INFO[ListItem.Label2]</label>
	<textcolor>FF101010</textcolor>
	</control>
	</focusedlayout>
	<include>NextTracksContent</include>
	</control>
	<control type="image">
	<posx>0</posx>
	<posy>0</posy>
	<width>464</width>
	<height>470</height>
	<texture>menu_glass.png</texture>
	<colordiffuse>70FFFAF0</colordiffuse>
	</control>
	<control type="image">
	<posx>0</posx>
	<posy>440</posy>
	<width>444</width>
	<height>30</height>
	<texture>shadow_h.png</texture>
	<colordiffuse>C3FFFFFF</colordiffuse>
	</control>
	</control>
	</controls>
	</window>