	<!-- Ace -->

	<includes>
	<default type="image">
	<posx>0</posx>
	<posy>0</posy>
	<texture/>
	</default>
	<default type="label">
	<posx>0</posx>
	<posy>0</posy>
	<label/>
	<font>Font_18</font>
	<textcolor>FFFFFAF0</textcolor>
	</default>
	<default type="button">
	<posx>0</posx>
	<posy>0</posy>
	<width>1040</width>
	<height>40</height>
	<font>Font_18</font>
	<texturefocus>settings_button_focus.png</texturefocus>
	<texturenofocus>-</texturenofocus>
	<textcolor>FFFFFAF0</textcolor>
	<focusedcolor>E4101010</focusedcolor>
	<disabledcolor>FF505050</disabledcolor>
	<pulseonselect>false</pulseonselect>
	<textoffsetx>50</textoffsetx>
	<aligny>center</aligny>
	</default>
	<default type="togglebutton">
	<posx>0</posx>
	<posy>0</posy>
	<width>1040</width>
	<height>40</height>
	<font>Font_18</font>
	<texturefocus>settings_button_focus.png</texturefocus>
	<texturenofocus>-</texturenofocus>
	<alttexturefocus>settings_button_focus.png</alttexturefocus>
	<pulseonselect>false</pulseonselect>
	<aligny>center</aligny>
	<textcolor>FFFFFAF0</textcolor>
	<focusedcolor>E4101010</focusedcolor>
	<disabledcolor>FF505050</disabledcolor>
	<textoffsetx>50</textoffsetx>
	</default>
	<default type="radiobutton">
	<posx>0</posx>
	<posy>0</posy>
	<width>1040</width>
	<height>40</height>
	<font>Font_18</font>
	<texturefocus>settings_button_focus.png</texturefocus>
	<texturenofocus>-</texturenofocus>
	<textcolor>FFFFFAF0</textcolor>
	<focusedcolor>E4101010</focusedcolor>
	<disabledcolor>FF505050</disabledcolor>
	<pulseonselect>false</pulseonselect>
	<textwidth>800</textwidth>
	<radiowidth>77</radiowidth>
	<radioposx>930</radioposx>
	<radioheight>65</radioheight>
	<textoffsetx>50</textoffsetx>
	<aligny>center</aligny>
	<textureradiofocus>radiobutton_on.png</textureradiofocus>
	<textureradionofocus>radiobutton.png</textureradionofocus>
	</default>
	<default type="progress">
	<reveal>true</reveal>
	<texturebg>progress_back.png</texturebg>
	<midtexture>progress_mid.png</midtexture>
	<lefttexture>-</lefttexture>
	<righttexture>-</righttexture>
	<overlaytexture>-</overlaytexture>
	<colordiffuse>$VAR[value_headercolor]</colordiffuse>
	</default>
	<default type="selectbutton">
	<height>25</height>
	<width>260</width>
	<align>center</align>
	<aligny>center</aligny>
	<pulseonselect>false</pulseonselect>
	<label>-</label>
	<texturefocus>settings_button_focus.png</texturefocus>
	<alttexturefocus>settings_button_focus.png</alttexturefocus>
	<font>Font_18</font>
	<textcolor>FFFFFAF0</textcolor>
	<focusedcolor>E4101010</focusedcolor>
	<textoffsetx>10</textoffsetx>
	<textureleft>multiplex_arrow2.png</textureleft>
	<textureright>multiplex_arrow.png</textureright>
	<textureleftfocus>multiplex_arrowfocus2.png</textureleftfocus>
	<texturerightfocus>multiplex_arrowfocus.png</texturerightfocus>
	</default>
	<default type="listcontrolex">
	<posx>274</posx>
	<posy>220</posy>
	<width>440</width>
	<height>260</height>
	<spinwidth>12</spinwidth>
	<spinheight>16</spinheight>
	<spinposx>718</spinposx>
	<spinposy>237</spinposy>
	<pulseonselect>false</pulseonselect>
	<spinfont>-</spinfont>
	<spincolor>-</spincolor>
	<textureup>-</textureup>
	<texturedown>-</texturedown>
	<textureupfocus>-</textureupfocus>
	<texturedownfocus>-</texturedownfocus>
	<texturefocus>-</texturefocus>
	<texturenofocus>-</texturenofocus>
	<textureheight>26</textureheight>
	<image>DefaultFolder.png</image>
	<font>-</font>
	<textcolor>FFFFFAF0</textcolor>
	<selectedcolor>FFFFFAF0</selectedcolor>
	<suffix> | </suffix>
	<aligny>center</aligny>
	</default>
	<default type="fadelabel">
	<posx>55</posx>
	<posY>530</posY>
	<width>180</width>
	<align>left</align>
	<font>Font_18</font>
	<textcolor>FFFFFAF0</textcolor>
	</default>
	<default type="textbox">
	<posx>220</posx>
	<posy>220</posy>
	<width>410</width>
	<height>270</height>
	<spinwidth>16</spinwidth>
	<spinheight>16</spinheight>
	<spinposx>640</spinposx>
	<spinposy>520</spinposy>
	<align>justify</align>
	<spinfont/>
	<spincolor>FFFFFAF0</spincolor>
	<textureup>-</textureup>
	<texturedown>-</texturedown>
	<textureupfocus>-</textureupfocus>
	<texturedownfocus>-</texturedownfocus>
	<image>-</image>
	<textcolor>FFFFFAF0</textcolor>
	</default>
	<default type="spincontrol">
	<pulseonselect>false</pulseonselect>
	</default>
	<default type="spincontrolex">
	<posx>0</posx>
	<posy>0</posy>
	<width>1040</width>
	<height>40</height>
	<font>Font_18</font>
	<textcolor>FFFFFAF0</textcolor>
	<focusedcolor>E4101010</focusedcolor>
	<disabledcolor>FF505050</disabledcolor>
	<texturenofocus>-</texturenofocus>
	<texturefocus>settings_button_focus.png</texturefocus>
	<textureup>spinup.png</textureup>
	<texturedown>spindown.png</texturedown>
	<textureupfocus>spinup_focus.png</textureupfocus>
	<texturedownfocus>spindown_focus.png</texturedownfocus>
	<pulseonselect>false</pulseonselect>
	<spinposx>31</spinposx>
	<spinwidth>40</spinwidth>
	<spinheight>65</spinheight>
	<textoffsetx>50</textoffsetx>
	<aligny>center</aligny>
	<align>left</align>
	<reverse>yes</reverse>
	</default>
	<default type="sliderex">
	<posx>0</posx>
	<posy>0</posy>
	<height>40</height>
	<texturenofocus>-</texturenofocus>
	<texturefocus>settings_button_focus.png</texturefocus>
	<sliderwidth>150</sliderwidth>
	<sliderheight>49</sliderheight>
	<texturesliderbar>sliderback.png</texturesliderbar>
	<textureslidernib>slidernub.png</textureslidernib>
	<textureslidernibfocus>slidernubf.png</textureslidernibfocus>
	<font>Font_18</font>
	<textcolor>FFFFFAF0</textcolor>
	<focusedcolor>E4101010</focusedcolor>
	<colordiffuse>FFFFFAF0</colordiffuse>
	<disabledcolor>FF505050</disabledcolor>
	<textoffsetx>50</textoffsetx>
	<aligny>center</aligny>
	</default>
	<default type="checkmark">
	<posx>208</posx>
	<posy>166</posy>
	<textcolor>FFFFFAF0</textcolor>
	<disabledcolor>FF505050</disabledcolor>
	<font>Font_18</font>
	<label>167</label>
	<texturecheckmark>-</texturecheckmark>
	<texturecheckmarknofocus>-</texturecheckmarknofocus>
	<markwidth>15</markwidth>
	<markheight>20</markheight>
	<align>left</align>
	<shadow>no</shadow>
	</default>
	<default type="edit">
	<posx>0</posx>
	<posy>0</posy>
	<width>300</width>
	<height>35</height>
	<texturenofocus>-</texturenofocus>
	<texturefocus>settings_button_focus.png</texturefocus>
	<font>Font_18</font>
	<textcolor>FFFFFAF0</textcolor>
	<focusedcolor>E4101010</focusedcolor>
	<disabledcolor>FF505050</disabledcolor>
	<textoffsetx>50</textoffsetx>
	<aligny>center</aligny>
	<pulseonselect>false</pulseonselect>
	</default>
	<default type="slider">
	<controloffsetx>75</controloffsetx>
	<controloffsety>0</controloffsety>
	</default>
	<default type="mover">
	<pulseonselect>false</pulseonselect>
	</default>
	<default type="resize">
	<pulseonselect>false</pulseonselect>
	</default>
	</includes>