	<!-- Ace -->

	<window id="147">
	<defaultcontrol>61</defaultcontrol>
	<coordinates>
	<system>1</system>
	<posx>0</posx>
	<posy>0</posy>
	</coordinates>
	<controls>
	<control type="group"><!-- default group -->
	<include>Animation_Fade</include>
	<control type="image">
	<posx>0</posx>
	<posy>0</posy>
	<width>1280</width>
	<height>720</height>
	<texture>darkgrey.png</texture>
	</control>
	<control type="label" id="1">
	<posx>20</posx>
	<posy>30</posy>
	<width>1240</width>
	<height>49</height>
	<align>center</align>
	<font>Font_32</font>
	<textcolor>FFFFFAF0</textcolor>
	</control>
	<control type="image">
	<description>separator</description>
	<posx>140</posx>
	<posy>80</posy>
	<width>1000</width>
	<height>2</height>
	<texture>common_divider.png</texture>
	</control>
	<control type="textbox" id="5">
	<posx>140</posx>
	<posy>120</posy>
	<width>1000</width>
	<height>530</height>
	<label>-</label>
	<font>Font_16</font>
	<align>justify</align>
	<pagecontrol>61</pagecontrol>
	</control>

	<!-- ScrollBar -->
	<control type="scrollbar" id="61">
	<include>ScrollBar_Vertical</include>
	<posx>50</posx>
	<posy>120</posy>
	<height>530</height>
	<onleft>61</onleft>
	<onright>61</onright>
	<ondown>61</ondown>
	<onup>61</onup>
	</control>
	</control>
	</controls>
	</window>
