	<!-- Ace -->

	<window>
	<defaultcontrol always="true">11</defaultcontrol>
	<coordinates>
	<system>1</system>
	<posx>780</posx>
	<posy>20</posy>
	</coordinates>
	<include>Animation_DialogPopup</include>
	<controls>
	<control type="label">
	<description>heading label</description>
	<posx>40</posx>
	<posy>35</posy>
	<width>420</width>
	<height>40</height>
	<align>center</align>
	<aligny>center</aligny>
	<font>Font_23</font>
	<label>$LOCALIZE[19029] - $INFO[VideoPlayer.ChannelName]</label>
	<textcolor>$VAR[value_headercolor]</textcolor>
	</control>
	<control type="list" id="11">
	<posx>7.7</posx>
	<posy>90</posy>
	<width>504</width>
	<height>504</height>
	<onleft>60</onleft>
	<onright>Dialog.Close(610)</onright>
	<onup>11</onup>
	<ondown>11</ondown>
	<viewtype label="535">list</viewtype>
	<pagecontrol>60</pagecontrol>
	<scrolltime>200</scrolltime>
	<itemlayout height="56" width="390">
	<control type="label">
	<posx>30</posx>
	<posy>0</posy>
	<width>370</width>
	<height>30</height>
	<align>left</align>
	<aligny>center</aligny>
	<label>$INFO[ListItem.StartTime] [COLOR=60FFFFFF]- $INFO[ListItem.StartDate][/COLOR]</label>
	</control>
	<control type="label">
	<posx>30</posx>
	<posy>30</posy>
	<width>370</width>
	<height>20</height>
	<align>left</align>
	<aligny>center</aligny>
	<label>$INFO[ListItem.Title]</label>
	</control>
	</itemlayout>
	<focusedlayout height="56" width="390">
	<control type="image">
	<posx>0</posx>
	<posy>0</posy>
	<width>484</width>
	<height>56</height>
	<texture>grey.png</texture>
	<colordiffuse>90FFFFFF</colordiffuse>
	<visible>Control.Hasfocus(11)</visible>
	<animation effect="fade" reversible="true" time="300">VisibleChange</animation>
	</control>
	<control type="label">
	<posx>30</posx>
	<posy>0</posy>
	<width>370</width>
	<height>30</height>
	<align>left</align>
	<aligny>center</aligny>
	<label>$INFO[ListItem.StartTime] [COLOR=60FFFFFF]- $INFO[ListItem.StartDate][/COLOR]</label>
	</control>
	<control type="label">
	<posx>30</posx>
	<posy>30</posy>
	<width>370</width>
	<height>20</height>
	<align>left</align>
	<aligny>center</aligny>
	<label>$INFO[ListItem.Title]</label>
	</control>
	</focusedlayout>
	</control>
	<control type="image">
	<description>front glass</description>
	<posx>-354</posx>
	<posy>0</posy>
	<width>869</width>
	<height>710</height>
	<texture>dialogs_setcontent_front.png</texture>
	</control>
	<control type="image">
	<description>front glass</description>
	<posx>-16</posx>
	<posy>0</posy>
	<width>869</width>
	<height>710</height>
	<texture flipx="true">dialogs_setcontent_front.png</texture>
	</control>
	<control type="scrollbar" id="60">
	<width>20</width>
	<include>ScrollBar_Vertical</include>
	<posx>12</posx>
	<posy>92</posy>
	<height>503</height>
	<onleft>11</onleft>
	<onright>11</onright>
	<ondown>60</ondown>
	<onup>60</onup>
	<visible allowhiddenfocus="true">Control.HasFocus(60)</visible>
	</control>
	<control type="label">
	<description>number of files/pages in list text label</description>
	<posx>450</posx>
	<posy>610</posy>
	<width>500</width>
	<height>20</height>
	<align>right</align>
	<aligny>center</aligny>
	<scroll>true</scroll>
	<textcolor>header</textcolor>
	<label>$INFO[Container(11).NumItems] $LOCALIZE[19019] - $LOCALIZE[31432] $INFO[Container(11).CurrentPage]/$INFO[Container(11).NumPages]</label>
	</control>
	</controls>
	</window>
