	<!-- Ace -->

	<window>
	<defaultcontrol always="true">11</defaultcontrol>
	<coordinates>
	<system>1</system>
	<posx>780</posx>
	<posy>0</posy>
	</coordinates>
	<animation effect="slide" time="500" start="800,0" end="0,0" tween="cubic" easing="out">WindowOpen</animation>
	<animation effect="slide" time="500" start="0,0" end="800,0" tween="cubic" easing="out">WindowClose</animation>
	<controls>
	<control type="image">
	<posx>-30</posx>
	<posy>0</posy>
	<width>30</width>
	<height>720</height>
	<texture flipx="true">shadow.png</texture>
	<colordiffuse>C3FFFFFF</colordiffuse>
	</control>
	<control type="image">
	<posx>0</posx>
	<posy>0</posy>
	<width>500</width>
	<height>720</height>
	<texture>black.png</texture>
	<colordiffuse>C3FFFFFF</colordiffuse>
	</control>
	<control type="label">
	<description>heading label</description>
	<posx>40</posx>
	<posy>35</posy>
	<width>420</width>
	<height>40</height>
	<align>center</align>
	<aligny>center</aligny>
	<font>Font_23</font>
	<label>$LOCALIZE[19023] - $INFO[VideoPlayer.ChannelGroup]</label>
	<textcolor>$VAR[value_headercolor]</textcolor>
	<visible>!pvr.IsPlayingRadio</visible>
	</control>
	<control type="label">
	<description>heading label</description>
	<posx>40</posx>
	<posy>35</posy>
	<width>420</width>
	<height>40</height>
	<align>center</align>
	<aligny>center</aligny>
	<font>Font_23</font>
	<label>$LOCALIZE[19024] - $INFO[MusicPlayer.ChannelGroup]</label>
	<textcolor>$VAR[value_headercolor]</textcolor>
	<visible>pvr.IsPlayingRadio</visible>
	</control>
	<control type="list" id="11">
	<posx>0</posx>
	<posy>90</posy>
	<width>500</width>
	<height>504</height>
	<onleft>60</onleft>
	<onright>Dialog.Close(609)</onright>
	<onup>11</onup>
	<ondown>11</ondown>
	<viewtype label="535">list</viewtype>
	<pagecontrol>60</pagecontrol>
	<scrolltime>200</scrolltime>
	<itemlayout height="56" width="390">
	<control type="label">
	<posx>45</posx>
	<posy>17</posy>
	<width>40</width>
	<height>20</height>
	<align>center</align>
	<aligny>center</aligny>
	<info>ListItem.ChannelNumber</info>
	<font>Font_23</font>
	<include>listcolor</include>
	</control>
	<control type="image">
	<posx>70</posx>
	<posy>4</posy>
	<width>48</width>
	<height>48</height>
	<texture fallback="DefaultAudioCover.png" background="true">$INFO[ListItem.Icon]</texture>
	</control>
	<control type="progress">
	<description>Progressbar</description>
	<posx>130</posx>
	<posy>43</posy>
	<width>280</width>
	<height>6</height>
	<info>ListItem.Progress</info>
	<include>Animation_Fade</include>
	</control>
	<control type="label">
	<posx>130</posx>
	<posy>0</posy>
	<width>270</width>
	<height>30</height>
	<align>left</align>
	<aligny>center</aligny>
	<font>Font_23</font>
	<label>$INFO[ListItem.Label]</label>
	<include>listcolor</include>
	</control>
	<control type="label">
	<posx>130</posx>
	<posy>22</posy>
	<width>270</width>
	<height>20</height>
	<align>left</align>
	<aligny>center</aligny>
	<label>$INFO[ListItem.Title]</label>
	<font>Font_15</font>
	<textcolor>header</textcolor>
	<include>subcolorfocus</include>
	</control>
	</itemlayout>
	<focusedlayout height="56" width="390">
	<control type="image">
	<posx>0</posx>
	<posy>0</posy>
	<width>500</width>
	<height>56</height>
	<texture>grey.png</texture>
	<colordiffuse>90FFFFFF</colordiffuse>
	<visible>Control.Hasfocus(11)</visible>
	</control>
	<control type="label">
	<posx>45</posx>
	<posy>17</posy>
	<width>40</width>
	<height>20</height>
	<align>center</align>
	<aligny>center</aligny>
	<info>ListItem.ChannelNumber</info>
	<font>Font_23</font>
	<include>listcolorfocus</include>
	</control>
	<control type="image">
	<posx>70</posx>
	<posy>4</posy>
	<width>48</width>
	<height>48</height>
	<texture fallback="DefaultAudioCover.png" background="true">$INFO[ListItem.Icon]</texture>
	</control>
	<control type="progress">
	<description>Progressbar</description>
	<posx>130</posx>
	<posy>43</posy>
	<width>280</width>
	<height>6</height>
	<info>ListItem.Progress</info>
	<include>Animation_Fade</include>
	</control>
	<control type="label">
	<posx>130</posx>
	<posy>0</posy>
	<width>270</width>
	<height>30</height>
	<align>left</align>
	<aligny>center</aligny>
	<font>Font_23</font>
	<label>$INFO[ListItem.Label]</label>
	<include>listcolorfocus</include>
	</control>
	<control type="label">
	<posx>130</posx>
	<posy>22</posy>
	<width>270</width>
	<height>20</height>
	<align>left</align>
	<aligny>center</aligny>
	<label>$INFO[ListItem.Title]</label>
	<font>Font_15</font>
	<include>subcolorfocus</include>
	</control>
	</focusedlayout>
	</control>
	<control type="scrollbar" id="60">
	<width>20</width>
	<include>ScrollBar_Vertical</include>
	<posx>12</posx>
	<posy>92</posy>
	<height>503</height>
	<onleft>11</onleft>
	<onright>11</onright>
	<ondown>60</ondown>
	<onup>60</onup>
	<visible allowhiddenfocus="true">Control.HasFocus(60)</visible>
	</control>
	<control type="label">
	<posx>450</posx>
	<posy>650</posy>
	<width>500</width>
	<height>20</height>
	<align>right</align>
	<aligny>center</aligny>
	<scroll>true</scroll>
	<textcolor>FFFFFAF0</textcolor>
	<label>[COLOR=$VAR[value_headercolor]]$LOCALIZE[19019]: [/COLOR]$INFO[Container(11).NumItems] - [COLOR=$VAR[value_headercolor]]$LOCALIZE[31215]: [/COLOR]$INFO[Container(11).CurrentPage]/$INFO[Container(11).NumPages]</label>
	</control>
	</controls>
	</window>
