	<!-- Ace -->

	<window id="2008">
	<defaultcontrol>450</defaultcontrol>
	<include>Animation_DialogPopup</include>
	<coordinates>
	<system>1</system>
	<posx>315</posx>
	<posy>260</posy>
	</coordinates>
	<controls>
	<control type="image">
	<posx>0</posx>
	<posy>0</posy>
	<width>650</width>
	<height>200</height>
	<texture>dialogs_back_vc.png</texture>
	</control>
	<control type="label">
	<description>heading label</description>
	<posx>40</posx>
	<posy>8</posy>
	<width>570</width>
	<height>30</height>
	<label>$INFO[ListItem.Label]</label>
	<font>Font_WeatherTitle</font>
	<textcolor>c0FFFFFF</textcolor>
	<align>center</align>
	<aligny>top</aligny>
	</control>
	<control type="list" id="450">
	<posx>85</posx>
	<posy>80</posy>
	<width>480</width>
	<height>100</height>
	<onleft>450</onleft>
	<onright>450</onright>
	<onup>450</onup>
	<ondown>450</ondown>
	<orientation>horizontal</orientation>
	<focusposition>2</focusposition>
	<viewtype label="535">list</viewtype>
	<scrolltime>200</scrolltime>
	<itemlayout width="70">
	<control type="image">
	<posx>0</posx>
	<posy>0</posy>
	<width>60</width>
	<height>60</height>
	<aspectratio>stretch</aspectratio>
	<texture>cdart.png</texture>
	<animation effect="fade" end="50" condition="true">Conditional</animation>
	</control>
	</itemlayout>
	<focusedlayout width="70">
	<control type="image">
	<posx>0</posx>
	<posy>0</posy>
	<width>60</width>
	<height>60</height>
	<aspectratio>stretch</aspectratio>
	<texture>cdart.png</texture>
	<animation effect="rotate" end="-360" center="auto" time="4000" loop="true" reversible="false" condition="true">Conditional</animation>
	</control>
	</focusedlayout>
	</control>
	<control type="label">
	<posx>40</posx>
	<posy>155</posy>
	<width>570</width>
	<height>22</height>
	<font>Font_SetContentMenu</font>
	<align>center</align>
	<info>Container(450).ListItem.Label</info>
	</control>
	</controls>
	</window>