	<!-- Ace -->

	<window id="0">
	<defaultcontrol always="true">9000</defaultcontrol>
	<allowoverlay>no</allowoverlay>
	<include condition="!Skin.HasSetting(welcomedone5)">Startup</include>
	<include condition="!Skin.HasSetting(fix1)">Quickfix</include>
	<onunload condition="Skin.HasSetting(submode)">Close</onunload>
	<onload condition="System.HasAddon(script.randomandlastitems) + !IsEmpty(skin.string(vpl1.path)) + SubString(skin.string(mfvpl1_list),latest)">RunScript(script.randomandlastitems,limit=12,method=Last,playlist=$INFO[Skin.String(vpl1.path)],menu=Menu31)</onload>
	<onload condition="System.HasAddon(script.randomandlastitems) + !IsEmpty(skin.string(vpl1.path)) + SubString(skin.string(mfvpl1_list),random)">RunScript(script.randomandlastitems,limit=12,method=Random,playlist=$INFO[Skin.String(vpl1.path)],menu=Menu31)</onload>
	<onload condition="System.HasAddon(script.randomandlastitems) + !IsEmpty(skin.string(vpl2.path)) + SubString(skin.string(mfvpl2_list),latest)">RunScript(script.randomandlastitems,limit=12,method=Last,playlist=$INFO[Skin.String(vpl2.path)],menu=Menu32)</onload>
	<onload condition="System.HasAddon(script.randomandlastitems) + !IsEmpty(skin.string(vpl2.path)) + SubString(skin.string(mfvpl2_list),random)">RunScript(script.randomandlastitems,limit=12,method=Random,playlist=$INFO[Skin.String(vpl2.path)],menu=Menu32)</onload>
	<onload condition="System.HasAddon(script.randomandlastitems) + !IsEmpty(skin.string(vpl3.path)) + SubString(skin.string(mfvpl3_list),latest)">RunScript(script.randomandlastitems,limit=12,method=Last,playlist=$INFO[Skin.String(vpl3.path)],menu=Menu33)</onload>
	<onload condition="System.HasAddon(script.randomandlastitems) + !IsEmpty(skin.string(vpl3.path)) + SubString(skin.string(mfvpl3_list),random)">RunScript(script.randomandlastitems,limit=12,method=Random,playlist=$INFO[Skin.String(vpl3.path)],menu=Menu33)</onload>
	<onload condition="System.HasAddon(script.randomandlastitems) + !IsEmpty(skin.string(vpl4.path)) + SubString(skin.string(mfvpl4_list),latest)">RunScript(script.randomandlastitems,limit=12,method=Last,playlist=$INFO[Skin.String(vpl4.path)],menu=Menu34)</onload>
	<onload condition="System.HasAddon(script.randomandlastitems) + !IsEmpty(skin.string(vpl4.path)) + SubString(skin.string(mfvpl4_list),random)">RunScript(script.randomandlastitems,limit=12,method=Random,playlist=$INFO[Skin.String(vpl4.path)],menu=Menu34)</onload>
	<onload condition="System.HasAddon(script.randomandlastitems) + !IsEmpty(skin.string(vpl5.path)) + SubString(skin.string(mfvpl5_list),latest)">RunScript(script.randomandlastitems,limit=12,method=Last,playlist=$INFO[Skin.String(vpl5.path)],menu=Menu35)</onload>
	<onload condition="System.HasAddon(script.randomandlastitems) + !IsEmpty(skin.string(vpl5.path)) + SubString(skin.string(mfvpl5_list),random)">RunScript(script.randomandlastitems,limit=12,method=Random,playlist=$INFO[Skin.String(vpl5.path)],menu=Menu35)</onload>
	<onload condition="System.HasAddon(script.randomandlastitems) + !IsEmpty(skin.string(apl1.path)) + SubString(skin.string(mfapl1_list),latest)">RunScript(script.randomandlastitems,limit=12,method=Last,playlist=$INFO[Skin.String(apl1.path)],menu=Menu41)</onload>
	<onload condition="System.HasAddon(script.randomandlastitems) + !IsEmpty(skin.string(apl1.path)) + SubString(skin.string(mfapl1_list),random)">RunScript(script.randomandlastitems,limit=12,method=Random,playlist=$INFO[Skin.String(apl1.path)],menu=Menu41)</onload>
	<onload condition="System.HasAddon(script.randomandlastitems) + !IsEmpty(skin.string(apl2.path)) + SubString(skin.string(mfapl2_list),latest)">RunScript(script.randomandlastitems,limit=12,method=Last,playlist=$INFO[Skin.String(apl2.path)],menu=Menu42)</onload>
	<onload condition="System.HasAddon(script.randomandlastitems) + !IsEmpty(skin.string(apl2.path)) + SubString(skin.string(mfapl2_list),random)">RunScript(script.randomandlastitems,limit=12,method=Random,playlist=$INFO[Skin.String(apl2.path)],menu=Menu42)</onload>
	<onload condition="System.HasAddon(script.randomandlastitems) + !IsEmpty(skin.string(apl3.path)) + SubString(skin.string(mfapl3_list),latest)">RunScript(script.randomandlastitems,limit=12,method=Last,playlist=$INFO[Skin.String(apl3.path)],menu=Menu43)</onload>
	<onload condition="System.HasAddon(script.randomandlastitems) + !IsEmpty(skin.string(apl3.path)) + SubString(skin.string(mfapl3_list),random)">RunScript(script.randomandlastitems,limit=12,method=Random,playlist=$INFO[Skin.String(apl3.path)],menu=Menu43)</onload>
	<onload condition="System.HasAddon(script.randomandlastitems) + !IsEmpty(skin.string(apl4.path)) + SubString(skin.string(mfapl4_list),latest)">RunScript(script.randomandlastitems,limit=12,method=Last,playlist=$INFO[Skin.String(apl4.path)],menu=Menu44)</onload>
	<onload condition="System.HasAddon(script.randomandlastitems) + !IsEmpty(skin.string(apl4.path)) + SubString(skin.string(mfapl4_list),random)">RunScript(script.randomandlastitems,limit=12,method=Random,playlist=$INFO[Skin.String(apl4.path)],menu=Menu44)</onload>
	<onload condition="System.HasAddon(script.randomandlastitems) + !IsEmpty(skin.string(apl5.path)) + SubString(skin.string(mfapl5_list),latest)">RunScript(script.randomandlastitems,limit=12,method=Last,playlist=$INFO[Skin.String(apl5.path)],menu=Menu45)</onload>
	<onload condition="System.HasAddon(script.randomandlastitems) + !IsEmpty(skin.string(apl5.path)) + SubString(skin.string(mfapl5_list),random)">RunScript(script.randomandlastitems,limit=12,method=Random,playlist=$INFO[Skin.String(apl5.path)],menu=Menu45)</onload>
	<onload condition="Skin.HasSetting(rcbgames)">RunScript(script.games.rom.collection.browser,limit=12)</onload>
	<onload condition="Skin.HasSetting(rcbgames)">Skin.Reset(rcbgames)</onload>
	<controls>
	<control type="multiimage">
	<include>HomeBG</include>
	<imagepath background="true">$INFO[Container(9000).ListItem.Icon]</imagepath>
	</control>
	<include>LiveBG</include>
	<control type="group"><!-- default group -->
	<include>Animation_Window</include>
	<include condition="SubString(skin.string(menu),vertical)">MenuV</include>
	<include condition="SubString(skin.string(menu),horizontal)">MenuH</include>
	<include>BGBlack</include>
	</control>
	</controls>
	</window>