	<!-- Ace -->

	<includes>
	<!-- ######################################################################### MENU ######################################################################### -->


	<include name="Menu_Content">

	<item id="56"><!-- STREAMS menu item, linked to plj addon -->
	<label>STREAMS</label>
	<label2>Access online content</label2>
	<icon>special://skin/backgrounds/plj.png</icon>
	<onclick>ActivateWindow(video,plugin://plugin.video.plj)</onclick>
	<visible>True</visible>
	</item>		


	<item id="65"><!-- Ajustes -->
	<label fallback="31011">$INFO[skin.string(settings.label)]</label>
	<label2>31375</label2>
	<icon fallback="special://skin/backgrounds/settings.jpg">$VAR[value_mainmenubg_settings]</icon>
	<onclick>ActivateWindow(settings)</onclick>
	<visible>SubString(skin.string(settings.menu),on) + SubString(skin.string(menu),horizontal)</visible>
	</item>
	<item id="66"><!-- Desligar -->
	<label fallback="31012">$VAR[value_mainmenulabel_shutdown]</label>
	<label2>31109</label2>
	<icon fallback="special://skin/backgrounds/shutdown.jpg">$VAR[value_mainmenubg_shutdown]</icon>
	<onclick condition="SubString(skin.string(shutdownbutton),shutdown)">Shutdown</onclick>
	<onclick condition="SubString(skin.string(shutdownbutton),quit)">Quit</onclick>
	<onclick condition="SubString(skin.string(shutdownbutton),powerdown)">Powerdown</onclick>
	<onclick condition="SubString(skin.string(shutdownbutton),suspend)">Suspend</onclick>
	<onclick condition="SubString(skin.string(shutdownbutton),hibernate)">Hibernate</onclick>
	<visible>SubString(skin.string(shutdown.menu),on) + SubString(skin.string(menu),horizontal)</visible>
	</item>
	<item id="1"><!-- Filmes -->
	<label fallback="31003">$INFO[skin.string(movies.label)]</label>
	<label2 fallback="31097">$VAR[value_librarymovies]</label2>
	<icon fallback="special://skin/backgrounds/movies.jpg">$VAR[value_mainmenubg_movies]</icon>
	<onclick condition="Library.HasContent(Movies) + !Skin.HasSetting(menumovies_sets)">ActivateWindow(videos,movietitles,return)</onclick>
	<onclick condition="Library.HasContent(MovieSets) + Skin.HasSetting(menumovies_sets)">ActivateWindow(videos,moviesets,return)</onclick>
	<onclick condition="!Library.HasContent(Movies)">ActivateWindow(videos,files)</onclick>
	<onclick condition="!Library.HasContent(Movies)">Notification($LOCALIZE[31586],$LOCALIZE[31587]: [UPPERCASE]$LOCALIZE[999][/UPPERCASE])</onclick>
	<visible>SubString(skin.string(movies.menu),on)</visible>
	</item>
	<item id="9"><!-- Disco -->
	<label fallback="31004">$INFO[skin.string(disc.label)]</label>
	<label2>31110</label2>
	<icon fallback="special://skin/backgrounds/disc.jpg">$VAR[value_mainmenubg_disc]</icon>
	<onclick>PlayDVD</onclick>
	<visible>SubString(skin.string(disc.menu),on) + System.HasMediadvd</visible>
	</item>
	
<!-- REMOVE TV SHOWS CONCERTS
	<item id="2">
	<label fallback="31005">$INFO[skin.string(tvshows.label)]</label>
	<label2 fallback="31098">$VAR[value_librarytvshows]</label2>
	<icon fallback="special://skin/backgrounds/tvshows.jpg">$VAR[value_mainmenubg_tvshows]</icon>
	<onclick condition="Library.HasContent(TVShows)">ActivateWindow(videos,tvshowtitles,return)</onclick>
	<onclick condition="!Library.HasContent(TVShows)">ActivateWindow(videos,files)</onclick>
	<onclick condition="!Library.HasContent(TVShows)">Notification($LOCALIZE[31586],$LOCALIZE[31587]: [UPPERCASE]$LOCALIZE[999][/UPPERCASE])</onclick>
	<visible>SubString(skin.string(tvshows.menu),on)</visible>
	</item>
	<item id="3">
	<label fallback="31013">$INFO[skin.string(concerts.label)]</label>
	<label2 fallback="31099">$VAR[value_libraryconcerts]</label2>
	<icon fallback="special://skin/backgrounds/concerts.jpg">$VAR[value_mainmenubg_concerts]</icon>
	<onclick condition="Library.HasContent(MusicVideos)">ActivateWindow(videos,musicvideotitles,return)</onclick>
	<onclick condition="!Library.HasContent(MusicVideos)">ActivateWindow(videos,files)</onclick>
	<onclick condition="!Library.HasContent(MusicVideos)">Notification($LOCALIZE[31586],$LOCALIZE[31587]: [UPPERCASE]$LOCALIZE[999][/UPPERCASE])</onclick>
	<visible>SubString(skin.string(concerts.menu),on)</visible>
	</item>
-->
	<item id="31"><!-- Vpl 1 -->
	<label fallback="31072">$INFO[skin.string(vpl1.label)]</label>
	<label2 fallback="31107">$VAR[value_libraryvpl1]</label2>
	<icon fallback="special://skin/backgrounds/vplaylist.jpg">$VAR[value_mainmenubg_vpl1]</icon>
	<onclick>Skin.SetBool(playlists)</onclick>
	<onclick>Skin.SetString(playlist,1)</onclick>
	<onclick>ActivateWindow(videolibrary,$INFO[skin.string(vpl1.path)],return)</onclick>
	<visible>!IsEmpty(skin.string(vpl1.path))</visible>
	</item>
	<item id="32"><!-- Vpl 2 -->
	<label fallback="31072">$INFO[skin.string(vpl2.label)]</label>
	<label2 fallback="31107">$VAR[value_libraryvpl2]</label2>
	<icon fallback="special://skin/backgrounds/vplaylist.jpg">$VAR[value_mainmenubg_vpl2]</icon>
	<onclick>Skin.SetBool(playlists)</onclick>
	<onclick>Skin.SetString(playlist,2)</onclick>
	<onclick>ActivateWindow(videolibrary,$INFO[skin.string(vpl2.path)],return)</onclick>
	<visible>!IsEmpty(skin.string(vpl2.path))</visible>
	</item>
	<item id="33"><!-- Vpl 3 -->
	<label fallback="31072">$INFO[skin.string(vpl3.label)]</label>
	<label2 fallback="31107">$VAR[value_libraryvpl3]</label2>
	<icon fallback="special://skin/backgrounds/vplaylist.jpg">$VAR[value_mainmenubg_vpl3]</icon>
	<onclick>Skin.SetBool(playlists)</onclick>
	<onclick>Skin.SetString(playlist,3)</onclick>
	<onclick>ActivateWindow(videolibrary,$INFO[skin.string(vpl3.path)],return)</onclick>
	<visible>!IsEmpty(skin.string(vpl3.path))</visible>
	</item>
	<item id="34"><!-- Vpl 4 -->
	<label fallback="31072">$INFO[skin.string(vpl4.label)]</label>
	<label2 fallback="31107">$VAR[value_libraryvpl4]</label2>
	<icon fallback="special://skin/backgrounds/vplaylist.jpg">$VAR[value_mainmenubg_vpl4]</icon>
	<onclick>Skin.SetBool(playlists)</onclick>
	<onclick>Skin.SetString(playlist,4)</onclick>
	<onclick>ActivateWindow(videolibrary,$INFO[skin.string(vpl4.path)],return)</onclick>
	<visible>!IsEmpty(skin.string(vpl4.path))</visible>
	</item>
	<item id="35"><!-- Vpl 5 -->
	<label fallback="31072">$INFO[skin.string(vpl5.label)]</label>
	<label2 fallback="31107">$VAR[value_libraryvpl5]</label2>
	<icon fallback="special://skin/backgrounds/vplaylist.jpg">$VAR[value_mainmenubg_vpl5]</icon>
	<onclick>Skin.SetBool(playlists)</onclick>
	<onclick>Skin.SetString(playlist,5)</onclick>
	<onclick>ActivateWindow(videolibrary,$INFO[skin.string(vpl5.path)],return)</onclick>
	<visible>!IsEmpty(skin.string(vpl5.path))</visible>
	</item>
	<item id="71"><!-- Node 1 -->
	<label fallback="31115">$INFO[skin.string(vnodes1.label)]</label>
	<label2>31107</label2>
	<icon fallback="special://skin/backgrounds/vnodes.jpg">$VAR[value_mainmenubg_vnodes1]</icon>
	<onclick>ActivateWindow(videolibrary,$INFO[skin.string(vnodes1.path)],return)</onclick>
	<visible>!IsEmpty(skin.string(vnodes1.path))</visible>
	</item>
	<item id="72"><!-- Node 2 -->
	<label fallback="31115">$INFO[skin.string(vnodes2.label)]</label>
	<label2>31107</label2>
	<icon fallback="special://skin/backgrounds/vnodes.jpg">$VAR[value_mainmenubg_vnodes2]</icon>
	<onclick>ActivateWindow(videolibrary,$INFO[skin.string(vnodes2.path)],return)</onclick>
	<visible>!IsEmpty(skin.string(vnodes2.path))</visible>
	</item>
	<item id="73"><!-- Node 3 -->
	<label fallback="31115">$INFO[skin.string(vnodes3.label)]</label>
	<label2>31107</label2>
	<icon fallback="special://skin/backgrounds/vnodes.jpg">$VAR[value_mainmenubg_vnodes3]</icon>
	<onclick>ActivateWindow(videolibrary,$INFO[skin.string(vnodes3.path)],return)</onclick>
	<visible>!IsEmpty(skin.string(vnodes3.path))</visible>
	</item>
	<item id="74"><!-- Node 4 -->
	<label fallback="31115">$INFO[skin.string(vnodes4.label)]</label>
	<label2>31107</label2>
	<icon fallback="special://skin/backgrounds/vnodes.jpg">$VAR[value_mainmenubg_vnodes4]</icon>
	<onclick>ActivateWindow(videolibrary,$INFO[skin.string(vnodes4.path)],return)</onclick>
	<visible>!IsEmpty(skin.string(vnodes4.path))</visible>
	</item>
	<item id="75"><!-- Node 5 -->
	<label fallback="31115">$INFO[skin.string(vnodes5.label)]</label>
	<label2>31107</label2>
	<icon fallback="special://skin/backgrounds/vnodes.jpg">$VAR[value_mainmenubg_vnodes5]</icon>
	<onclick>ActivateWindow(videolibrary,$INFO[skin.string(vnodes5.path)],return)</onclick>
	<visible>!IsEmpty(skin.string(vnodes5.path))</visible>
	</item>
	<item id="5"><!-- TV -->
	<label fallback="31006">$INFO[skin.string(livetv.label)]</label>
	<label2>31101</label2>
	<icon fallback="special://skin/backgrounds/livetv.jpg">$VAR[value_mainmenubg_livetv]</icon>
	<onclick>ActivateWindow(PVR)</onclick>
	<visible>SubString(skin.string(livetv.menu),on) + System.GetBool(pvrmanager.enabled)</visible>
	</item>
	<item id="4"><!-- Musicas -->
	<label fallback="31002">$INFO[skin.string(music.label)]</label>
	<label2 fallback="31100">$VAR[value_librarymusic]</label2>
	<icon fallback="special://skin/backgrounds/music.jpg">$VAR[value_mainmenubg_music]</icon>
	<onclick condition="Library.HasContent(Music)">ActivateWindow(music)</onclick>
	<onclick condition="!Library.HasContent(Music)">ActivateWindow(musicfiles)</onclick>
	<onclick condition="!Library.HasContent(Music)">Notification($LOCALIZE[31586],$LOCALIZE[31587]: [UPPERCASE]$LOCALIZE[1026][/UPPERCASE])</onclick>
	<visible>SubString(skin.string(music.menu),on)</visible>
	</item>
	<item id="41"><!-- Apl 1 -->
	<label fallback="31073">$INFO[skin.string(apl1.label)]</label>
	<label2 fallback="31107">$VAR[value_libraryapl1]</label2>
	<icon fallback="special://skin/backgrounds/aplaylist.jpg">$VAR[value_mainmenubg_apl1]</icon>
	<onclick>Skin.SetBool(playlists)</onclick>
	<onclick>Skin.SetString(playlist,a1)</onclick>
	<onclick>ActivateWindow(musiclibrary,$INFO[skin.string(apl1.path)],return)</onclick>
	<visible>!IsEmpty(skin.string(apl1.path))</visible>
	</item>
	<item id="42"><!-- Apl 2 -->
	<label fallback="31073">$INFO[skin.string(apl2.label)]</label>
	<label2 fallback="31107">$VAR[value_libraryapl2]</label2>
	<icon fallback="special://skin/backgrounds/aplaylist.jpg">$VAR[value_mainmenubg_apl2]</icon>
	<onclick>Skin.SetBool(playlists)</onclick>
	<onclick>Skin.SetString(playlist,a2)</onclick>
	<onclick>ActivateWindow(musiclibrary,$INFO[skin.string(apl2.path)],return)</onclick>
	<visible>!IsEmpty(skin.string(apl2.path))</visible>
	</item>
	<item id="43"><!-- Apl 3 -->
	<label fallback="31073">$INFO[skin.string(apl3.label)]</label>
	<label2 fallback="31107">$VAR[value_libraryapl3]</label2>
	<icon fallback="special://skin/backgrounds/aplaylist.jpg">$VAR[value_mainmenubg_apl3]</icon>
	<onclick>Skin.SetBool(playlists)</onclick>
	<onclick>Skin.SetString(playlist,a3)</onclick>
	<onclick>ActivateWindow(musiclibrary,$INFO[skin.string(apl3.path)],return)</onclick>
	<visible>!IsEmpty(skin.string(apl3.path))</visible>
	</item>
	<item id="44"><!-- Apl 4 -->
	<label fallback="31073">$INFO[skin.string(apl4.label)]</label>
	<label2 fallback="31107">$VAR[value_libraryapl4]</label2>
	<icon fallback="special://skin/backgrounds/aplaylist.jpg">$VAR[value_mainmenubg_apl4]</icon>
	<onclick>Skin.SetBool(playlists)</onclick>
	<onclick>Skin.SetString(playlist,a4)</onclick>
	<onclick>ActivateWindow(musiclibrary,$INFO[skin.string(apl4.path)],return)</onclick>
	<visible>!IsEmpty(skin.string(apl4.path))</visible>
	</item>
	<item id="45"><!-- Apl 5 -->
	<label fallback="31073">$INFO[skin.string(apl5.label)]</label>
	<label2 fallback="31107">$VAR[value_libraryapl5]</label2>
	<icon fallback="special://skin/backgrounds/aplaylist.jpg">$VAR[value_mainmenubg_apl5]</icon>
	<onclick>Skin.SetBool(playlists)</onclick>
	<onclick>Skin.SetString(playlist,a5)</onclick>
	<onclick>ActivateWindow(musiclibrary,$INFO[skin.string(apl5.path)],return)</onclick>
	<visible>!IsEmpty(skin.string(apl5.path))</visible>
	</item>
	<item id="10"><!-- Meu Menu 1 -->
	<label fallback="31075">$INFO[skin.string(mymenu1.label)]</label>
	<label2>31105</label2>
	<icon fallback="special://skin/backgrounds/mymenu.jpg">$VAR[value_mainmenubg_mymenu1]</icon>
	<onclick>SetFocus(510)</onclick>
	<visible>SubString(skin.string(mymenu1.menu),on)</visible>
	</item>
	<item id="11"><!-- Meu Menu 2 -->
	<label fallback="31075">$INFO[skin.string(mymenu2.label)]</label>
	<label2>31105</label2>
	<icon fallback="special://skin/backgrounds/mymenu.jpg">$VAR[value_mainmenubg_mymenu2]</icon>
	<onclick>SetFocus(510)</onclick>
	<visible>SubString(skin.string(mymenu2.menu),on)</visible>
	</item>
	<item id="21"><!-- Fav 1 -->
	<label fallback="31071">$INFO[skin.string(fav1.label)]</label>
	<label2>31106</label2>
	<icon fallback="special://skin/backgrounds/favourites.jpg">$VAR[value_mainmenubg_fav1]</icon>
	<onclick>$INFO[skin.string(fav1.path)]</onclick>
	<visible>!IsEmpty(skin.string(fav1.path))</visible>
	</item>
	<item id="22"><!-- Fav 2 -->
	<label fallback="31071">$INFO[skin.string(fav2.label)]</label>
	<label2>31106</label2>
	<icon fallback="special://skin/backgrounds/favourites.jpg">$VAR[value_mainmenubg_fav2]</icon>
	<onclick>$INFO[skin.string(fav2.path)]</onclick>
	<visible>!IsEmpty(skin.string(fav2.path))</visible>
	</item>
	<item id="23"><!-- Fav 3 -->
	<label fallback="31071">$INFO[skin.string(fav3.label)]</label>
	<label2>31106</label2>
	<icon fallback="special://skin/backgrounds/favourites.jpg">$VAR[value_mainmenubg_fav3]</icon>
	<onclick>$INFO[skin.string(fav3.path)]</onclick>
	<visible>!IsEmpty(skin.string(fav3.path))</visible>
	</item>
	<item id="24"><!-- Fav 4 -->
	<label fallback="31071">$INFO[skin.string(fav4.label)]</label>
	<label2>31106</label2>
	<icon fallback="special://skin/backgrounds/favourites.jpg">$VAR[value_mainmenubg_fav4]</icon>
	<onclick>$INFO[skin.string(fav4.path)]</onclick>
	<visible>!IsEmpty(skin.string(fav4.path))</visible>
	</item>
	<item id="25"><!-- Fav 5 -->
	<label fallback="31071">$INFO[skin.string(fav5.label)]</label>
	<label2>31106</label2>
	<icon fallback="special://skin/backgrounds/favourites.jpg">$VAR[value_mainmenubg_fav5]</icon>
	<onclick>$INFO[skin.string(fav5.path)]</onclick>
	<visible>!IsEmpty(skin.string(fav5.path))</visible>
	</item>
	<item id="51"><!-- Addon 1 -->
	<label fallback="31074">$VAR[value_addon1_label]</label>
	<label2>31108</label2>
	<icon fallback="special://skin/backgrounds/addons.jpg">$VAR[value_mainmenubg_addon1]</icon>
	<onclick>RunAddon($INFO[skin.string(addon1.path)])</onclick>
	<visible>!IsEmpty(skin.string(addon1.path))</visible>
	</item>
	<item id="52"><!-- Addon 2 -->
	<label fallback="31074">$VAR[value_addon2_label]</label>
	<label2>31108</label2>
	<icon fallback="special://skin/backgrounds/addons.jpg">$VAR[value_mainmenubg_addon2]</icon>
	<onclick>RunAddon($INFO[skin.string(addon2.path)])</onclick>
	<visible>!IsEmpty(skin.string(addon2.path))</visible>
	</item>
	<item id="53"><!-- Addon 3 -->
	<label fallback="31074">$VAR[value_addon3_label]</label>
	<label2>31108</label2>
	<icon fallback="special://skin/backgrounds/addons.jpg">$VAR[value_mainmenubg_addon3]</icon>
	<onclick>RunAddon($INFO[skin.string(addon3.path)])</onclick>
	<visible>!IsEmpty(skin.string(addon3.path))</visible>
	</item>
	<item id="54"><!-- Addon 4 -->
	<label fallback="31074">$VAR[value_addon4_label]</label>
	<label2>31108</label2>
	<icon fallback="special://skin/backgrounds/addons.jpg">$VAR[value_mainmenubg_addon4]</icon>
	<onclick>RunAddon($INFO[skin.string(addon4.path)])</onclick>
	<visible>!IsEmpty(skin.string(addon4.path))</visible>
	</item>
	<item id="55"><!-- Addon 5 -->
	<label fallback="31074">$VAR[value_addon5_label]</label>
	<label2>31108</label2>
	<icon fallback="special://skin/backgrounds/addons.jpg">$VAR[value_mainmenubg_addon5]</icon>
	<onclick>RunAddon($INFO[skin.string(addon5.path)])</onclick>
	<visible>!IsEmpty(skin.string(addon5.path))</visible>
	</item>
	<item id="6"><!-- Jogos -->
	<label fallback="31007">$INFO[skin.string(games.label)]</label>
	<label2>31102</label2>
	<icon fallback="special://skin/backgrounds/games.jpg">$VAR[value_mainmenubg_games]</icon>
	<onclick>Skin.SetBool(games)</onclick>
	<onclick condition="SubString(skin.string(games_link),rcb)">RunScript(script.games.rom.collection.browser)</onclick>
	<onclick condition="SubString(skin.string(games_link),advl)">ActivateWindow(10001,&quot;plugin://plugin.program.advanced.launcher/&quot;)</onclick>
	<visible>SubString(skin.string(games.menu),on) + [System.HasAddon(script.games.rom.collection.browser) + SubString(skin.string(games_link),rcb) | System.HasAddon(plugin.program.advanced.launcher) + SubString(skin.string(games_link),advl)]</visible>
	</item>
	<item id="7"><!-- Imagens -->
	<label fallback="31008">$INFO[skin.string(pictures.label)]</label>
	<label2>31103</label2>
	<icon fallback="special://skin/backgrounds/pictures.jpg">$VAR[value_mainmenubg_pictures]</icon>
	<onclick>ActivateWindow(pictures)</onclick>
	<visible>SubString(skin.string(pictures.menu),on)</visible>
	</item>
	<item id="8"><!-- Clima -->
	<label fallback="31009">$INFO[skin.string(weather.label)]</label>
	<label2>31104</label2>
	<icon>$VAR[value_mainmenubg_weather]</icon>
	<onclick>ActivateWindow(weather)</onclick>
	<visible>SubString(skin.string(weather.menu),on)</visible>
	</item>
	<item id="65"><!-- Ajustes -->
	<label fallback="31011">$INFO[skin.string(settings.label)]</label>
	<label2>31375</label2>
	<icon fallback="special://skin/backgrounds/settings.jpg">$VAR[value_mainmenubg_settings]</icon>
	<onclick>ActivateWindow(settings)</onclick>
	<visible>SubString(skin.string(settings.menu),on) + SubString(skin.string(menu),vertical)</visible>
	</item>
	<item id="66"><!-- Desligar -->
	<label fallback="31012">$VAR[value_mainmenulabel_shutdown]</label>
	<label2>31109</label2>
	<icon fallback="special://skin/backgrounds/shutdown.jpg">$VAR[value_mainmenubg_shutdown]</icon>
	<onclick condition="SubString(skin.string(shutdownbutton),shutdown)">Shutdown</onclick>
	<onclick condition="SubString(skin.string(shutdownbutton),quit)">Quit</onclick>
	<onclick condition="SubString(skin.string(shutdownbutton),powerdown)">Powerdown</onclick>
	<onclick condition="SubString(skin.string(shutdownbutton),suspend)">Suspend</onclick>
	<onclick condition="SubString(skin.string(shutdownbutton),hibernate)">Hibernate</onclick>
	<visible>SubString(skin.string(shutdown.menu),on) + SubString(skin.string(menu),vertical)</visible>
	</item>
	</include>

	<!-- ######################################################################### MENU CUSTOM ######################################################################### -->
	<include name="MenuCustom_Content">
	<item id="1"><!-- Filmes -->
	<label fallback="31003">$INFO[skin.string(movies.label)]</label>
	<label2>31097</label2>
	<icon fallback="special://skin/backgrounds/movies.jpg">$VAR[value_mainmenubg_movies]</icon>
	<property name="condition">$INFO[skin.string(movies.menu),on)]</property>
	<property name="empty">true</property>
	<property name="type">default</property>
	<property name="name">movies</property>
	<onclick>SetFocus(5000)</onclick>
	</item>
	<item id="9"><!-- Disco -->
	<label fallback="31004">$INFO[skin.string(disc.label)]</label>
	<label2>31110</label2>
	<icon fallback="special://skin/backgrounds/disc.jpg">$VAR[value_mainmenubg_disc]</icon>
	<property name="condition">$INFO[skin.string(disc.menu),on)]</property>
	<property name="empty">true</property>
	<property name="type">default</property>
	<property name="name">disc</property>
	<onclick>SetFocus(5000)</onclick>
	</item>
	<item id="2"><!-- Seriados -->
	<label fallback="31005">$INFO[skin.string(tvshows.label)]</label>
	<label2>31098</label2>
	<icon fallback="special://skin/backgrounds/tvshows.jpg">$VAR[value_mainmenubg_tvshows]</icon>
	<property name="condition">$INFO[skin.string(tvshows.menu),on)]</property>
	<property name="empty">true</property>
	<property name="type">default</property>
	<property name="name">tvshows</property>
	<onclick>SetFocus(5000)</onclick>
	</item>
	<item id="3"><!-- Concertos -->
	<label fallback="31013">$INFO[skin.string(concerts.label)]</label>
	<label2>31099</label2>
	<icon fallback="special://skin/backgrounds/concerts.jpg">$VAR[value_mainmenubg_concerts]</icon>
	<property name="condition">$INFO[skin.string(concerts.menu),on)]</property>
	<property name="empty">true</property>
	<property name="type">default</property>
	<property name="name">concerts</property>
	<onclick>SetFocus(5000)</onclick>
	</item>
	<item id="31"><!-- Vpl 1 -->
	<label fallback="31072">$INFO[skin.string(vpl1.label)]</label>
	<label2>31107</label2>
	<icon fallback="special://skin/backgrounds/vplaylist.jpg">$VAR[value_mainmenubg_vpl1]</icon>
	<property name="condition">true</property>
	<property name="empty">$INFO[skin.string(vpl1.path)]</property>
	<property name="type">vpl</property>
	<property name="name">vpl1</property>
	<onclick>SetFocus(5000)</onclick>
	</item>
	<item id="32"><!-- Vpl 2 -->
	<label fallback="31072">$INFO[skin.string(vpl2.label)]</label>
	<label2>31107</label2>
	<icon fallback="special://skin/backgrounds/vplaylist.jpg">$VAR[value_mainmenubg_vpl2]</icon>
	<property name="condition">true</property>
	<property name="empty">$INFO[skin.string(vpl2.path)]</property>
	<property name="type">vpl</property>
	<property name="name">vpl2</property>
	<onclick>SetFocus(5000)</onclick>
	</item>
	<item id="33"><!-- Vpl 3 -->
	<label fallback="31072">$INFO[skin.string(vpl3.label)]</label>
	<label2>31107</label2>
	<icon fallback="special://skin/backgrounds/vplaylist.jpg">$VAR[value_mainmenubg_vpl3]</icon>
	<property name="condition">true</property>
	<property name="empty">$INFO[skin.string(vpl3.path)]</property>
	<property name="type">vpl</property>
	<property name="name">vpl3</property>
	<onclick>SetFocus(5000)</onclick>
	</item>
	<item id="34"><!-- Vpl 4 -->
	<label fallback="31072">$INFO[skin.string(vpl4.label)]</label>
	<label2>31107</label2>
	<icon fallback="special://skin/backgrounds/vplaylist.jpg">$VAR[value_mainmenubg_vpl4]</icon>
	<property name="condition">true</property>
	<property name="empty">$INFO[skin.string(vpl4.path)]</property>
	<property name="type">vpl</property>
	<property name="name">vpl4</property>
	<onclick>SetFocus(5000)</onclick>
	</item>
	<item id="35"><!-- Vpl 5 -->
	<label fallback="31072">$INFO[skin.string(vpl5.label)]</label>
	<label2>31107</label2>
	<icon fallback="special://skin/backgrounds/vplaylist.jpg">$VAR[value_mainmenubg_vpl5]</icon>
	<property name="condition">true</property>
	<property name="empty">$INFO[skin.string(vpl5.path)]</property>
	<property name="type">vpl</property>
	<property name="name">vpl5</property>
	<onclick>SetFocus(5000)</onclick>
	</item>
	<item id="71"><!-- Node 1 -->
	<label fallback="31115">$INFO[skin.string(vnodes1.label)]</label>
	<label2>31107</label2>
	<icon fallback="special://skin/backgrounds/vnodes.jpg">$VAR[value_mainmenubg_vnodes1]</icon>
	<property name="condition">true</property>
	<property name="empty">$INFO[skin.string(vnodes1.path)]</property>
	<property name="type">vnodes</property>
	<property name="name">vnodes1</property>
	<onclick>SetFocus(5000)</onclick>
	</item>
	<item id="72"><!-- Node 2 -->
	<label fallback="31115">$INFO[skin.string(vnodes2.label)]</label>
	<label2>31107</label2>
	<icon fallback="special://skin/backgrounds/vnodes.jpg">$VAR[value_mainmenubg_vnodes2]</icon>
	<property name="condition">true</property>
	<property name="empty">$INFO[skin.string(vnodes2.path)]</property>
	<property name="type">vnodes</property>
	<property name="name">vnodes2</property>
	<onclick>SetFocus(5000)</onclick>
	</item>
	<item id="73"><!-- Node 3 -->
	<label fallback="31115">$INFO[skin.string(vnodes3.label)]</label>
	<label2>31107</label2>
	<icon fallback="special://skin/backgrounds/vnodes.jpg">$VAR[value_mainmenubg_vnodes3]</icon>
	<property name="condition">true</property>
	<property name="empty">$INFO[skin.string(vnodes3.path)]</property>
	<property name="type">vnodes</property>
	<property name="name">vnodes3</property>
	<onclick>SetFocus(5000)</onclick>
	</item>
	<item id="74"><!-- Node 4 -->
	<label fallback="31115">$INFO[skin.string(vnodes4.label)]</label>
	<label2>31107</label2>
	<icon fallback="special://skin/backgrounds/vnodes.jpg">$VAR[value_mainmenubg_vnodes4]</icon>
	<property name="condition">true</property>
	<property name="empty">$INFO[skin.string(vnodes4.path)]</property>
	<property name="type">vnodes</property>
	<property name="name">vnodes4</property>
	<onclick>SetFocus(5000)</onclick>
	</item>
	<item id="75"><!-- Node 5 -->
	<label fallback="31115">$INFO[skin.string(vnodes5.label)]</label>
	<label2>31107</label2>
	<icon fallback="special://skin/backgrounds/vnodes.jpg">$VAR[value_mainmenubg_vnodes5]</icon>
	<property name="condition">true</property>
	<property name="empty">$INFO[skin.string(vnodes5.path)]</property>
	<property name="type">vnodes</property>
	<property name="name">vnodes5</property>
	<onclick>SetFocus(5000)</onclick>
	</item>
	<item id="5"><!-- TV -->
	<label fallback="31006">$INFO[skin.string(livetv.label)]</label>
	<label2>31101</label2>
	<icon fallback="special://skin/backgrounds/livetv.jpg">$VAR[value_mainmenubg_livetv]</icon>
	<property name="condition">$INFO[skin.string(livetv.menu),on)]</property>
	<property name="empty">true</property>
	<property name="type">default</property>
	<property name="name">livetv</property>
	<onclick>SetFocus(5000)</onclick>
	<visible>System.GetBool(pvrmanager.enabled)</visible>
	</item>
	<item id="4"><!-- Musicas -->
	<label fallback="31002">$INFO[skin.string(music.label)]</label>
	<label2>31100</label2>
	<icon fallback="special://skin/backgrounds/music.jpg">$VAR[value_mainmenubg_music]</icon>
	<property name="condition">$INFO[skin.string(music.menu),on)]</property>
	<property name="empty">true</property>
	<property name="type">default</property>
	<property name="name">music</property>
	<onclick>SetFocus(5000)</onclick>
	</item>
	<item id="41"><!-- Apl 1 -->
	<label fallback="31073">$INFO[skin.string(apl1.label)]</label>
	<label2>31107</label2>
	<icon fallback="special://skin/backgrounds/aplaylist.jpg">$VAR[value_mainmenubg_apl1]</icon>
	<property name="condition">true</property>
	<property name="empty">$INFO[skin.string(apl1.path)]</property>
	<property name="type">apl</property>
	<property name="name">apl1</property>
	<onclick>SetFocus(5000)</onclick>
	</item>
	<item id="42"><!-- Apl 2 -->
	<label fallback="31073">$INFO[skin.string(apl2.label)]</label>
	<label2>31107</label2>
	<icon fallback="special://skin/backgrounds/aplaylist.jpg">$VAR[value_mainmenubg_apl2]</icon>
	<property name="condition">true</property>
	<property name="empty">$INFO[skin.string(apl2.path)]</property>
	<property name="type">apl</property>
	<property name="name">apl2</property>
	<onclick>SetFocus(5000)</onclick>
	</item>
	<item id="43"><!-- Apl 3 -->
	<label fallback="31073">$INFO[skin.string(apl3.label)]</label>
	<label2>31107</label2>
	<icon fallback="special://skin/backgrounds/aplaylist.jpg">$VAR[value_mainmenubg_apl3]</icon>
	<property name="condition">true</property>
	<property name="empty">$INFO[skin.string(apl3.path)]</property>
	<property name="type">apl</property>
	<property name="name">apl3</property>
	<onclick>SetFocus(5000)</onclick>
	</item>
	<item id="44"><!-- Apl 4 -->
	<label fallback="31073">$INFO[skin.string(apl4.label)]</label>
	<label2>31107</label2>
	<icon fallback="special://skin/backgrounds/aplaylist.jpg">$VAR[value_mainmenubg_apl4]</icon>
	<property name="condition">true</property>
	<property name="empty">$INFO[skin.string(apl4.path)]</property>
	<property name="type">apl</property>
	<property name="name">apl4</property>
	<onclick>SetFocus(5000)</onclick>
	</item>
	<item id="45"><!-- Apl 5 -->
	<label fallback="31073">$INFO[skin.string(apl5.label)]</label>
	<label2>31107</label2>
	<icon fallback="special://skin/backgrounds/aplaylist.jpg">$VAR[value_mainmenubg_apl5]</icon>
	<property name="condition">true</property>
	<property name="empty">$INFO[skin.string(apl5.path)]</property>
	<property name="type">apl</property>
	<property name="name">apl5</property>
	<onclick>SetFocus(5000)</onclick>
	</item>
	<item id="10"><!-- Meu Menu 1 -->
	<label fallback="31075">$INFO[skin.string(mymenu1.label)]</label>
	<label2>31105</label2>
	<icon fallback="special://skin/backgrounds/mymenu.jpg">$VAR[value_mainmenubg_mymenu1]</icon>
	<property name="condition">$INFO[skin.string(mymenu1.menu),on)]</property>
	<property name="empty">true</property>
	<property name="type">mymenu</property>
	<property name="name">mymenu1</property>
	<onclick>SetFocus(5000)</onclick>
	</item>
	<item id="11"><!-- Meu Menu 2 -->
	<label fallback="31075">$INFO[skin.string(mymenu2.label)]</label>
	<label2>31105</label2>
	<icon fallback="special://skin/backgrounds/mymenu.jpg">$VAR[value_mainmenubg_mymenu2]</icon>
	<property name="condition">$INFO[skin.string(mymenu2.menu),on)]</property>
	<property name="empty">true</property>
	<property name="type">mymenu</property>
	<property name="name">mymenu2</property>
	<onclick>SetFocus(5000)</onclick>
	</item>
	<item id="21"><!-- Fav 1 -->
	<label fallback="31071">$INFO[skin.string(fav1.label)]</label>
	<label2>31106</label2>
	<icon fallback="special://skin/backgrounds/favourites.jpg">$VAR[value_mainmenubg_fav1]</icon>
	<property name="condition">true</property>
	<property name="empty">$INFO[skin.string(fav1.path)]</property>
	<property name="type">fav</property>
	<property name="name">fav1</property>
	<onclick>SetFocus(5000)</onclick>
	</item>
	<item id="22"><!-- Fav 2 -->
	<label fallback="31071">$INFO[skin.string(fav2.label)]</label>
	<label2>31106</label2>
	<icon fallback="special://skin/backgrounds/favourites.jpg">$VAR[value_mainmenubg_fav2]</icon>>
	<property name="condition">true</property>
	<property name="empty">$INFO[skin.string(fav2.path)]</property>
	<property name="type">fav</property>
	<property name="name">fav2</property>
	<onclick>SetFocus(5000)</onclick>
	</item>
	<item id="23"><!-- Fav 3 -->
	<label fallback="31071">$INFO[skin.string(fav3.label)]</label>
	<label2>31106</label2>
	<icon fallback="special://skin/backgrounds/favourites.jpg">$VAR[value_mainmenubg_fav3]</icon>
	<property name="condition">true</property>
	<property name="empty">$INFO[skin.string(fav3.path)]</property>
	<property name="type">fav</property>
	<property name="name">fav3</property>
	<onclick>SetFocus(5000)</onclick>
	</item>
	<item id="24"><!-- Fav 4 -->
	<label fallback="31071">$INFO[skin.string(fav4.label)]</label>
	<label2>31106</label2>
	<icon fallback="special://skin/backgrounds/favourites.jpg">$VAR[value_mainmenubg_fav4]</icon>
	<property name="condition">true</property>
	<property name="empty">$INFO[skin.string(fav4.path)]</property>
	<property name="type">fav</property>
	<property name="name">fav4</property>
	<onclick>SetFocus(5000)</onclick>
	</item>
	<item id="25"><!-- Fav 5 -->
	<label fallback="31071">$INFO[skin.string(fav5.label)]</label>
	<label2>31106</label2>
	<icon fallback="special://skin/backgrounds/favourites.jpg">$VAR[value_mainmenubg_fav5]</icon>
	<property name="condition">true</property>
	<property name="empty">$INFO[skin.string(fav5.path)]</property>
	<property name="type">fav</property>
	<property name="name">fav5</property>
	<onclick>SetFocus(5000)</onclick>
	</item>
	<item id="51"><!-- Addon 1 -->
	<label fallback="31074">$VAR[value_addon1_label]</label>
	<label2>31108</label2>
	<icon fallback="special://skin/backgrounds/addons.jpg">$VAR[value_mainmenubg_addon1]</icon>
	<property name="condition">true</property>
	<property name="empty">$INFO[skin.string(addon1.path)]</property>
	<property name="type">addon</property>
	<property name="name">addon1</property>
	<onclick>SetFocus(5000)</onclick>
	</item>
	<item id="52"><!-- Addon 2 -->
	<label fallback="31074">$VAR[value_addon2_label]</label>
	<label2>31108</label2>
	<icon fallback="special://skin/backgrounds/addons.jpg">$VAR[value_mainmenubg_addon2]</icon>
	<property name="condition">true</property>
	<property name="empty">$INFO[skin.string(addon2.path)]</property>
	<property name="type">addon</property>
	<property name="name">addon2</property>
	<onclick>SetFocus(5000)</onclick>
	</item>
	<item id="53"><!-- Addon 3 -->
	<label fallback="31074">$VAR[value_addon3_label]</label>
	<label2>31108</label2>
	<icon fallback="special://skin/backgrounds/addons.jpg">$VAR[value_mainmenubg_addon3]</icon>
	<property name="condition">true</property>
	<property name="empty">$INFO[skin.string(addon3.path)]</property>
	<property name="type">addon</property>
	<property name="name">addon3</property>
	<onclick>SetFocus(5000)</onclick>
	</item>
	<item id="54"><!-- Addon 4 -->
	<label fallback="31074">$VAR[value_addon4_label]</label>
	<label2>31108</label2>
	<icon fallback="special://skin/backgrounds/addons.jpg">$VAR[value_mainmenubg_addon4]</icon>
	<property name="condition">true</property>
	<property name="empty">$INFO[skin.string(addon4.path)]</property>
	<property name="type">addon</property>
	<property name="name">addon4</property>
	<onclick>SetFocus(5000)</onclick>
	</item>
	<item id="55"><!-- Addon 5 -->
	<label fallback="31074">$VAR[value_addon5_label]</label>
	<label2>31108</label2>
	<icon fallback="special://skin/backgrounds/addons.jpg">$VAR[value_mainmenubg_addon5]</icon>
	<property name="condition">true</property>
	<property name="empty">$INFO[skin.string(addon5.path)]</property>
	<property name="type">addon</property>
	<property name="name">addon5</property>
	<onclick>SetFocus(5000)</onclick>
	</item>
	<item id="6"><!-- Jogos -->
	<label fallback="31007">$INFO[skin.string(games.label)]</label>
	<label2>31102</label2>
	<icon fallback="special://skin/backgrounds/games.jpg">$VAR[value_mainmenubg_games]</icon>
	<property name="condition">$INFO[skin.string(games.menu),on)]</property>
	<property name="empty">true</property>
	<property name="type">default</property>
	<property name="name">games</property>
	<onclick>SetFocus(5000)</onclick>
	<visible>System.HasAddon(script.games.rom.collection.browser) | System.HasAddon(plugin.program.advanced.launcher)</visible>
	</item>
	<item id="7"><!-- Imagens -->
	<label fallback="31008">$INFO[skin.string(pictures.label)]</label>
	<label2>31103</label2>
	<icon fallback="special://skin/backgrounds/pictures.jpg">$VAR[value_mainmenubg_pictures]</icon>
	<property name="condition">$INFO[skin.string(pictures.menu),on)]</property>
	<property name="empty">true</property>
	<property name="type">default</property>
	<property name="name">pictures</property>
	<onclick>SetFocus(5000)</onclick>
	</item>
	<item id="8"><!-- Clima -->
	<label fallback="31009">$INFO[skin.string(weather.label)]</label>
	<label2>31104</label2>
	<icon>$VAR[value_mainmenubg_weather]</icon>
	<property name="condition">$INFO[skin.string(weather.menu),on)]</property>
	<property name="empty">true</property>
	<property name="type">default</property>
	<property name="name">weather</property>
	<onclick>SetFocus(5000)</onclick>
	</item>
	<item id="65"><!-- Ajustes -->
	<label fallback="31011">$INFO[skin.string(settings.label)]</label>
	<label2>31375</label2>
	<icon fallback="special://skin/backgrounds/settings.jpg">$VAR[value_mainmenubg_settings]</icon>
	<property name="condition">$INFO[skin.string(settings.menu),on)]</property>
	<property name="empty">true</property>
	<property name="type">default</property>
	<property name="name">settings</property>
	<onclick>SetFocus(5000)</onclick>
	</item>
	<item id="66"><!-- Desligar -->
	<label fallback="31012">$VAR[value_mainmenulabel_shutdown]</label>
	<label2>31109</label2>
	<icon fallback="special://skin/backgrounds/settings.jpg">$VAR[value_mainmenubg_shutdown]</icon>
	<property name="condition">$INFO[skin.string(shutdown.menu),on)]</property>
	<property name="empty">true</property>
	<property name="type">default</property>
	<property name="name">shutdown</property>
	<onclick>SetFocus(5000)</onclick>
	</item>
	</include>
	</includes>
