	<!-- Ace -->

	<includes>
	<!--##################################################################################   MENU VERTICAL   #############################################################################-->
	<include name="MenuV">
	<control type="group">-<!-- CDart -->
	<animation effect="slide" start="300,300" end="0,0" time="1000" delay="1000" tween="cubic" easing="out">WindowOpen</animation>
	<animation effect="slide" start="300,300" end="0,0" time="1000" delay="1000" tween="cubic" easing="out">Visible</animation>
	<animation effect="slide" start="0,0" end="300,300" time="500" tween="cubic" easing="out">WindowClose</animation>
	<animation effect="slide" start="0,0" end="300,300" time="500" tween="cubic" easing="out">Hidden</animation>
	<visible>Player.HasMedia + ![Skin.HasSetting(nohomecdart) | Skin.HasSetting(submode) | Container(9000).HasFocus(8) | VideoPlayer.Content(LiveTV)]</visible>
	<control type="image">
	<animation effect="rotate" end="-360" center="auto" time="4000" loop="true" reversible="false" condition="!Player.Paused">Conditional</animation>
	<posx>1030</posx>
	<posy>480</posy>
	<width>500</width>
	<height>500</height>
	<aligny>center</aligny>
	<texture>cdart.png</texture>
	<aspectratio align="center">keep</aspectratio>
	</control>
	<control type="image">
	<animation effect="rotate" end="-360" center="auto" time="4000" loop="true" reversible="false" condition="!Player.Paused">Conditional</animation>
	<posx>1030</posx>
	<posy>480</posy>
	<width>500</width>
	<height>500</height>
	<aligny>center</aligny>
	<texture diffuse="cdart_diffuse.png" background="true">$VAR[value_cdart]</texture>
	<aspectratio align="center">keep</aspectratio>
	</control>
	</control>
	<control type="image"><!-- Fundo recentes -->
	<posx>300</posx>
	<posy>20</posy>
	<width>980</width>
	<height>380</height>
	<texture>$VAR[value_mfbg]</texture>
	<colordiffuse>$VAR[value_texturecolor]</colordiffuse>
	<fadetime>FanartCrossFadeTime</fadetime>
	<include>Animation_HomeGlass</include>
	<animation effect="slide" start="0,0" end="1000,0" time="400" easing="out" tween="sine" condition="Skin.HasSetting(homemenuclean) + ![Control.HasFocus(510) | Control.HasFocus(603) | Control.HasFocus(5100)]">Conditional</animation>
	<visible>[Control.IsVisible(602) | Control.IsVisible(603) | Control.HasFocus(510) | Control.HasFocus(5100)] + !Skin.HasSetting(submode)</visible>
	</control>

	<control type="group" id="601"><!-- Painel Em Progresso/Painel de detalhes -->
	<posx>326</posx>
	<posy>300</posy>
	<animation effect="zoom" start="0" end="100" center="auto" time="300" delay="1000" easing="out" tween="sine">WindowOpen</animation>
	<animation effect="zoom" start="0" end="100" center="auto" time="300" delay="1000" easing="out" tween="sine">Visible</animation>
	<animation effect="zoom" start="100" end="0" center="auto" time="200" easing="in" tween="sine">Hidden</animation>
	<animation effect="zoom" start="100" end="0" center="auto" time="200" easing="out" tween="sine" condition="Skin.HasSetting(homemenuclean) + ![Control.HasFocus(4200) | Player.HasMedia | Control.HasFocus(510) | Control.HasFocus(5100)]">Conditional</animation>
	<visible>[[Container(9000).HasFocus(1) + !IsEmpty(Window.Property(RecommendedMovie.1.Title)) | Container(9000).HasFocus(2) + !IsEmpty(Window.Property(RecommendedEpisode.1.Title)) | Container(9000).HasFocus(3) + !IsEmpty(Window.Property(RecommendedMusicVideo.1.Title)) | Container(9000).HasFocus(4) + !IsEmpty(Window.Property(RecommendedAlbum.1.Title))] + !Skin.HasSetting(noprogresspanel) | Player.HasMedia + !Skin.HasSetting(nonowplayingpanel) | Control.HasFocus(510) | Control.HasFocus(5100)] + ![Container(9000).HasFocus(8) | Container(9000).HasFocus(10) | Container(9000).HasFocus(11) | Skin.HasSetting(submode)]</visible>
	<control type="image">
	<posx>462</posx>
	<posy>158</posy>
	<width>459</width>
	<height>23</height>
	<align>left</align>
	<texture>whitebar.png</texture>
	<colordiffuse>C6FFFAF0</colordiffuse>
	</control>
	<!--<control type="progress">
	<posx>462</posx>
	<posy>153</posy>
	<width>459</width>
	<height>32</height>
	<texturebg>progress_clear.png</texturebg>
	<aspectratio>stretch</aspectratio>
	<info>Container(516).ListItem.Property(PercentPlayed)</info>
	<visible>![Player.HasMedia | IsEmpty(Container(516).ListItem.Property(PercentPlayed)) | Control.HasFocus(510) | Control.HasFocus(5100)]</visible>
	</control>
	<control type="progress">
	<posx>462</posx>
	<posy>153</posy>
	<width>459</width>
	<height>32</height>
	<texturebg>progress_clear.png</texturebg>
	<aspectratio>stretch</aspectratio>
	<info>Player.Progress</info>
	<include>Animation_Fade</include>
	<visible>Player.HasMedia + ![Control.HasFocus(510) | Control.HasFocus(5100)]</visible>
	</control>-->
	<control type="label"><!-- Contador da reproducao -->
	<posx>462</posx>
	<posy>149</posy>
	<width>459</width>
	<include>HomeFlagLabel</include>
	<label>$VAR[value_playerduration]</label>
	<animation effect="fade" start="100" end="0" time="750" condition="Player.HasMedia + System.IdleTime(8)">Conditional</animation>
	<visible>Player.HasMedia + ![Control.HasFocus(510) | Control.HasFocus(5100)]</visible>
	</control>
	<control type="image"><!-- Fundo -->
	<posx>-26</posx>
	<posy>90</posy>
	<width>980</width>
	<height>300</height>
	<texture>homewidget2.png</texture>
	<colordiffuse>$VAR[value_texturecolor]</colordiffuse>
	<include>Animation_HomeGlass</include>
	</control>
	<control type="image"><!-- Fundo -->
	<posx>-10</posx>
	<posy>101</posy>
	<width>475</width>
	<height>278</height>
	<texture>fanartframe.png</texture>
	</control>
	<control type="multiimage">
	<posx>5</posx>
	<posy>115</posy>
	<width>444</width>
	<height>250</height>
	<timeperimage>5000</timeperimage>
	<randomize>true</randomize>
	<aspectratio>stretch</aspectratio>
	<imagepath fallback="special://skin/backgrounds/extras/default.jpg" background="true">$VAR[value_mffanart]</imagepath>
	<fadetime>FanartCrossFadeTime</fadetime>
	</control>
	<control type="multiimage">
	<posx>5</posx>
	<posy>115</posy>
	<width>444</width>
	<height>250</height>
	<timeperimage>5000</timeperimage>
	<randomize>true</randomize>
	<aspectratio>keep</aspectratio>
	<imagepath background="true">$INFO[Window(Visualisation).Property(ArtistSlideshow)]</imagepath>
	<fadetime>FanartCrossFadeTime</fadetime>
	<visible>Player.HasAudio + ![Control.HasFocus(510) | Control.HasFocus(5100)]</visible>
	</control>
	<control type="videowindow" id="8">
	<posx>5</posx>
	<posy>115</posy>
	<width>444</width>
	<height>250</height>
	<aspectratio>stretch</aspectratio>
	<animation effect="slide" start="0,0" end="-2000,0" time="0">WindowClose</animation>
	<visible>![Control.HasFocus(510) | Control.HasFocus(5100)]</visible>
	</control>
	<control type="button" id="4200"><!-- Play/Pause/Resume -->
	<posx>5</posx>
	<posy>115</posy>
	<width>444</width>
	<height>250</height>
	<aligny>center</aligny>
	<label>-</label>
	<onclick condition="Container(9000).HasFocus(1) + !Player.HasMedia">$INFO[Window(0).Property(RecommendedMovie.1.Play)]</onclick>
	<onclick condition="Player.HasMedia">PlayerControl(Play)</onclick>
	<onclick condition="Container(9000).HasFocus(2) + !Player.HasMedia">$INFO[Window(0).Property(RecommendedEpisode.1.Play)]</onclick>
	<onclick condition="Container(9000).HasFocus(3) + !Player.HasMedia">$INFO[Window(0).Property(RecommendedMusicVideo.1.Play)]</onclick>
	<onclick condition="Container(9000).HasFocus(4) + !Player.HasMedia">$INFO[Window(0).Property(RecommendedAlbum.1.Play)]</onclick>
	<onup condition="Control.IsVisible(603)">603</onup>
	<onup condition="!Control.IsVisible(603)">510</onup>
	<ondown condition="!Player.HasMedia">9000</ondown>
	<ondown condition="Player.HasMedia">600</ondown>
	<onleft>9000</onleft>
	<onright condition="Control.IsVisible(603)">603</onright>
	<onright condition="!Control.IsVisible(603)">510</onright>
	<texturefocus>-</texturefocus>
	<texturenofocus>-</texturenofocus>
	<aspectratio>stretch</aspectratio>
	<colordiffuse>C3FFFFFF</colordiffuse>
	<visible>[Container(9000).HasFocus(1) + !IsEmpty(Window.Property(RecommendedMovie.1.Title)) | Container(9000).HasFocus(2) + !IsEmpty(Window.Property(RecommendedEpisode.1.Title)) | Container(9000).HasFocus(3) + !IsEmpty(Window.Property(RecommendedMusicVideo.1.Title)) | Container(9000).HasFocus(4) + !IsEmpty(Window.Property(RecommendedAlbum.1.Title)) | Player.HasMedia] + !Skin.HasSetting(submode)</visible>
	</control>
	<control type="image">
	<posx>5</posx>
	<posy>115</posy>
	<width>444</width>
	<height>250</height>
	<align>center</align>
	<aspectratio>stretch</aspectratio>
	<texture>black.png</texture>
	<colordiffuse>C3FFFFFF</colordiffuse>
	<animation effect="fade" time="300">Hidden</animation>
	<visible>Control.HasFocus(4200)</visible>
	</control>
	<control type="image">
	<posx>180</posx>
	<posy>180</posy>
	<width>100</width>
	<height>100</height>
	<align>center</align>
	<aspectratio>stretch</aspectratio>
	<texture>$VAR[value_button_playpause]</texture>
	<include>Animation_Fade</include>
	<visible>Control.HasFocus(4200)</visible>
	</control>
	<control type="label">
	<posx>20</posx>
	<posy>285</posy>
	<width>418</width>
	<height>30</height>
	<align>center</align>
	<font>Font_20</font>
	<textcolor>FFFFFAF0</textcolor>
	<label>$VAR[value_title_resume]</label>
	<scroll>true</scroll>
	<scrollout>false</scrollout>
	<visible>Control.HasFocus(4200)</visible>
	</control>
	<control type="label"><!-- Titulo do Filme -->
	<posx>462</posx>
	<posy>110</posy>
	<width>459</width>
	<height>30</height>
	<align>left</align>
	<font>Font_19</font>
	<textcolor>$VAR[value_headercolor]</textcolor>
	<label>$VAR[value_mftitle]</label>
	<scroll>true</scroll>
	<scrollout>false</scrollout>
	</control>
	<control type="label"><!-- Subtitulo -->
	<posx>462</posx>
	<posy>133</posy>
	<width>459</width>
	<height>20</height>
	<align>left</align>
	<font>Font_16</font>
	<textcolor>FFFFFAF0</textcolor>
	<label>$VAR[value_mfsubtitle]</label>
	<scroll>true</scroll>
	<scrollout>false</scrollout>
	</control>
	<control type="grouplist"><!-- Etiquetas -->
	<posx>472</posx>
	<posy>150</posy>
	<orientation>horizontal</orientation>
	<itemgap>2</itemgap>
	<visible>Control.HasFocus(510) | Control.HasFocus(5100)</visible>
	<control type="image"><!-- Mpaa -->
	<width>50</width>
	<height>40</height>
	<align>center</align>
	<aligny>center</aligny>
	<aspectratio>keep</aspectratio>
	<texture fallback="flags/rating/MPAA_NR_Certificate_US.png">$VAR[value_mfmpaa]</texture>
	<colordiffuse>E4101010</colordiffuse>
	<fadetime>FanartCrossFadeTime</fadetime>
	<visible>Container(9000).HasFocus(1) | Container(9000).HasFocus(2) | Container(9000).HasFocus(3) | Container(9000).HasFocus(31) | Container(9000).HasFocus(32) | Container(9000).HasFocus(33) | Container(9000).HasFocus(34) | Container(9000).HasFocus(35)</visible>
	</control>
	<control type="label">
	<include>HomeFlagSeparator</include>
	<visible>Container(9000).HasFocus(1) | Container(9000).HasFocus(2) | Container(9000).HasFocus(3) | Container(9000).HasFocus(31) | Container(9000).HasFocus(32) | Container(9000).HasFocus(33) | Container(9000).HasFocus(34) | Container(9000).HasFocus(35)</visible>
	</control>
	<control type="image"><!-- Video Star -->
	<width>80</width>
	<height>40</height>
	<align>center</align>
	<aligny>center</aligny>
	<aspectratio>keep</aspectratio>
	<texture fallback="rating0.png">$VAR[value_mfvideostarrating]</texture>
	<colordiffuse>$VAR[value_headercolor]</colordiffuse>
	<fadetime>FanartCrossFadeTime</fadetime>
	<visible>Container(9000).HasFocus(1) | Container(9000).HasFocus(2) | Container(9000).HasFocus(3)</visible>
	</control>
	<control type="image"><!-- Music Star -->
	<width>80</width>
	<height>40</height>
	<align>center</align>
	<aligny>center</aligny>
	<aspectratio>keep</aspectratio>
	<texture fallback="rating0.png">$VAR[value_mfmusicstarrating]</texture>
	<colordiffuse>$VAR[value_headercolor]</colordiffuse>
	<fadetime>FanartCrossFadeTime</fadetime>
	<visible>Container(9000).HasFocus(4)</visible>
	</control>
	<control type="label"><!-- Rating -->
	<width>40</width>
	<include>HomeFlagLabel</include>
	<label>$VAR[value_mfrating]</label>
	<scroll>true</scroll>
	<visible>!IsEmpty(Container(510).ListItem.Property(Rating))</visible>
	</control>
	<control type="label">
	<include>HomeFlagSeparator</include>
	<visible>Container(9000).HasFocus(1) | Container(9000).HasFocus(2) | Container(9000).HasFocus(3) | Container(9000).HasFocus(4)</visible>
	</control>
	<control type="label"><!-- Ano -->
	<width>100</width>
	<include>HomeFlagLabel</include>
	<label>$VAR[value_mfryear]</label>
	<scroll>true</scroll>
	<visible>!IsEmpty(Container(510).ListItem.Property(Year))</visible>
	</control>
	<control type="label">
	<include>HomeFlagSeparator</include>
	<visible>!IsEmpty(Container(510).ListItem.Property(Year))</visible>
	</control>
	<control type="label"><!-- Studio -->
	<width>200</width>
	<include>HomeFlagLabel</include>
	<label>$INFO[Container(510).ListItem.Property(Studio)]</label>
	<scroll>true</scroll>
	<visible>!IsEmpty(Container(510).ListItem.Property(Studio))</visible>
	</control>
	<control type="label"><!-- Duracao -->
	<width>120</width>
	<include>HomeFlagLabel</include>
	<label>$VAR[value_runtime]</label>
	<scroll>true</scroll>
	<visible>Container(9000).HasFocus(1) | Container(9000).HasFocus(2) | Container(9000).HasFocus(3)</visible>
	</control>
	</control>
	<control type="label"><!-- Palavra Em Progresso/Tocando agora/Detalhes -->
	<posx>472</posx>
	<posy>149</posy>
	<width>440</width>
	<height>41</height>
	<align>left</align>
	<aligny>center</aligny>
	<font>Font_16</font>
	<textcolor>FF101010</textcolor>
	<label>$VAR[value_mflabel]</label>
	<scroll>true</scroll>
	<scrollout>false</scrollout>
	</control>
	<control type="label"><!-- Genero -->
	<posx>462</posx>
	<posy>185</posy>
	<width>463</width>
	<height>20</height>
	<align>left</align>
	<textcolor>FFFFFAF0</textcolor>
	<font>Font_16</font>
	<label>$VAR[value_mfgenre]</label>
	<scroll>true</scroll>
	<scrollout>false</scrollout>
	</control>
	<control type="image">
	<posx>462</posx>
	<posy>209</posy>
	<width>459</width>
	<height>2</height>
	<align>left</align>
	<texture flipx="true">divider.png</texture>
	</control>
	<control type="textbox"><!-- Plot -->
	<posx>462</posx>
	<posy>220</posy>
	<width>459</width>
	<height>140</height>
	<align>justify</align>
	<label>$VAR[value_mfplot]</label>
	<textcolor>FFFFFAF0</textcolor>
	<font>Font_16</font>
	<autoscroll delay="20000" time="3000" repeat="20000">!Skin.HasSetting(noallowscroll)</autoscroll>
	</control>
	<control type="image"><!-- Barra de Titulo -->
	<posx>5</posx>
	<posy>339</posy>
	<width>444</width>
	<height>27</height>
	<texture>black.png</texture>
	<colordiffuse>D5FFFFFF</colordiffuse>
	<include>Animation_Fade</include>
	<visible>Player.HasMedia+ ![System.IdleTime(5) | Control.HasFocus(510) | Control.HasFocus(5100)]</visible>
	</control>
	<control type="group">
	<include>Animation_Fade</include>
	<visible>Player.HasMedia+ ![System.IdleTime(5) | Control.HasFocus(510) | Control.HasFocus(5100)]</visible>
	<control type="label">
	<posx>436</posx>
	<posy>344</posy>
	<width>408</width>
	<height>20</height>
	<align>right</align>
	<font>Font_15</font>
	<textcolor>$VAR[value_headercolor]</textcolor>
	<label>$VAR[value_playercontrols]</label>
	<scroll>true</scroll>
	<scrollout>false</scrollout>
	</control>
	<control type="list" id="600">
	<posx>10</posx>
	<posy>342</posy>
	<width>300</width>
	<height>40</height>
	<ondown>9000</ondown>
	<onup>4200</onup>
	<onleft>600</onleft>
	<onright>600</onright>
	<viewtype>list</viewtype>
	<orientation>horizontal</orientation>
	<scrolltime>200</scrolltime>
	<focusposition>0</focusposition>
	<itemlayout width="28" height="28">
	<control type="image">
	<posx>0</posx>
	<posy>0</posy>
	<width>22</width>
	<height>22</height>
	<info>ListItem.Icon</info>
	<colordiffuse>60DCDCDC</colordiffuse>
	<include>Animation_Fade</include>
	</control>
	</itemlayout>
	<focusedlayout width="28" height="28">
	<control type="image">
	<posx>0</posx>
	<posy>0</posy>
	<width>22</width>
	<height>22</height>
	<info>ListItem.Icon</info>
	<colordiffuse>60DCDCDC</colordiffuse>
	<include>Animation_Fade</include>
	<visible>!Control.HasFocus(600)</visible>
	</control>
	<control type="image">
	<posx>0</posx>
	<posy>0</posy>
	<width>22</width>
	<height>22</height>
	<info>ListItem.Icon</info>
	<colordiffuse>DCFFFFFF</colordiffuse>
	<include>Animation_Fade</include>
	<visible>Control.HasFocus(600)</visible>
	</control>
	</focusedlayout>
	<content>
	<item id="1"><!-- play DVD -->
	<label>-</label>
	<icon>osd_menu_play_square.png</icon>
	<onclick>PlayDVD</onclick>
	<visible>System.HasMediaDVD + ![Player.Playing | Player.Paused | Player.Forwarding | Player.Rewinding]</visible>
	</item>
	<item id="4"><!-- playlist -->
	<label>-</label>
	<icon>osd_menu_plyalist_square.png</icon>
	<onclick>ActivateWindow(musicplaylist)</onclick>
	<visible>Player.HasAudio + !IsEmpty(MusicPlayer.offset(1).Artist)</visible>
	</item>
	<item id="5"><!-- stop -->
	<label>-</label>
	<icon>osd_menu_stop_square.png</icon>
	<onclick>PlayerControl(Stop)</onclick>
	<onclick>SetFocus(9000)</onclick>
	</item>
	<item id="6"><!-- skipbwd -->
	<label>-</label>
	<icon>osd_menu_skipbwd_square.png</icon>
	<onclick>PlayerControl(Previous)</onclick>
	<visible>!VideoPlayer.Content(LiveTV)</visible>
	</item>
	<item id="6"><!-- - canal -->
	<label>-</label>
	<icon>osd_menu_skipbwd_channeldown.png</icon>
	<onclick>PlayerControl(Previous)</onclick>
	<visible>VideoPlayer.Content(LiveTV)</visible>
	</item>
	<item id="7"><!-- rew -->
	<label>-</label>
	<icon>osd_menu_rew_square.png</icon>
	<onclick>PlayerControl(Rewind)</onclick>
	</item>
	<item id="8"><!-- ff -->
	<label>-</label>
	<icon>osd_menu_ff_square.png</icon>
	<onclick>PlayerControl(Forward)</onclick>
	</item>
	<item id="9"><!-- skipfwd -->
	<label>-</label>
	<icon>osd_menu_skipfwd_square.png</icon>
	<onclick>PlayerControl(Next)</onclick>
	<visible>!VideoPlayer.Content(LiveTV)</visible>
	</item>
	<item id="9"><!-- + canal -->
	<label>-</label>
	<icon>osd_menu_skipfwd_channelup.png</icon>
	<onclick>PlayerControl(Next)</onclick>
	<visible>VideoPlayer.Content(LiveTV)</visible>
	</item>
	<item id="10"><!-- repeat -->
	<label>-</label>
	<icon>$VAR[value_playericon_repeat]</icon>
	<onclick>PlayerControl(Repeat)</onclick>
	<visible>!VideoPlayer.Content(LiveTV)</visible>
	</item>
	<item id="11"><!-- random -->
	<label>-</label>
	<icon>$VAR[value_playericon_random]</icon>
	<onclick>PlayerControl(Random)</onclick>
	<visible>!VideoPlayer.Content(LiveTV)</visible>
	</item>
	<item id="12"><!-- go to fullscreen -->
	<label>-</label>
	<icon>osd_menu_fullscreen_square.png</icon>
	<onclick>fullscreen</onclick>
	</item>
	</content>
	</control>
	<control type="image">
	<posx>5</posx>
	<posy>339</posy>
	<width>414</width>
	<height>27</height>
	<texture>gradient_small.png</texture>
	<colordiffuse>C3FFFFFF</colordiffuse>
	<include>Animation_Fade</include>
	<visible>Player.HasMedia+ ![System.IdleTime(5) | Control.HasFocus(510) | Control.HasFocus(5100)]</visible>
	</control>
	</control>
	</control>
	<include>WeatherPopup</include>
	<include>HomeVRSS</include>
	<include>BackMenuV</include><!-- Fundo Menu -->
	<include condition="!Skin.HasSetting(nodateandweather)">Date</include>
	<control type="button" id="5200"><!-- Somente para tela de toque -->
	<posx>0</posx>
	<posy>690</posy>
	<width>150</width>
	<height>29</height>
	<onleft>9000</onleft>
	<onright>9000</onright>
	<onup>9000</onup>
	<ondown>9000</ondown>
	<onclick condition="![Control.HasFocus(510) | Control.HasFocus(5100)]">Skin.SetBool(submode)</onclick>
	<onclick condition="![Control.HasFocus(510) | Control.HasFocus(5100)]">ActivateWindow($VAR[Sub_GoTo])</onclick>
	<align>left</align>
	<font>Font_15</font>
	<textwidth>150</textwidth>
	<textcolor>FF101010</textcolor>
	<focusedcolor>FFFFFAF0</focusedcolor>
	<label>$VAR[value_label1]</label>
	<texturefocus diffuse="gradient_button.png">settings_button.png</texturefocus>
	<texturenofocus>-</texturenofocus>
	<colordiffuse>F9FFFFFF</colordiffuse>
	<visible>!Skin.HasSetting(submode)</visible>
	</control>
	<control type="image">
	<posx>20</posx>
	<posy>693</posy>
	<width>22</width>
	<height>22</height>
	<texture>$VAR[value_arrow1]</texture>
	<colordiffuse>$VAR[value_arrow1_color]</colordiffuse>
	<include>Animation_Fade</include>
	<visible>!Skin.HasSetting(submode)</visible>
	</control>
	<control type="image">
	<posx>255</posx>
	<posy>693</posy>
	<width>22</width>
	<height>22</height>
	<texture>$VAR[value_arrow2]</texture>
	<colordiffuse>FF101010</colordiffuse>
	<include>Animation_Fade</include>
	</control>
	<control type="label"><!-- Para outros itens -->
	<posx>245</posx>
	<posy>695</posy>
	<width>150</width>
	<height>22</height>
	<label>$VAR[value_label2]</label>
	<font>Font_15</font>
	<align>right</align>
	<textcolor>FF101010</textcolor>
	<include>Animation_Fade</include>
	</control>
	<control type="group">
	<animation effect="slide" start="0,0" end="-300,0" time="300" easing="out" tween="cubic" condition="Skin.HasSetting(submode)">Conditional</animation>
	<control type="list" id="9000">
	<viewtype>list</viewtype>
	<posx>0</posx>
	<posy>65</posy>
	<width>300</width>
	<height>583</height>
	<onleft>Skin.SetBool(submode)</onleft>
	<onleft>ActivateWindow($VAR[Sub_GoTo])</onleft>
	<onright condition="Control.IsVisible(601) + !Container(9000).HasFocus(65)">4200</onright>
	<onright condition="![Control.IsVisible(601) | Container(9000).HasFocus(8) | Container(9000).HasFocus(65)]">510</onright>
	<onright condition="Container(9000).HasFocus(8)">520</onright>
	<onright condition="Container(9000).HasFocus(65)">ActivateWindow(111)</onright>
	<orientation>vertical</orientation>
	<scrolltime>450</scrolltime>
	<preloaditems>2</preloaditems>
	<focusposition>0</focusposition>
	<itemlayout width="300" height="40">
	<control type="image">
	<posx>0</posx>
	<posy>0</posy>
	<width>298</width>
	<height>3</height>
	<texture flipx="true">divider.png</texture>
	<colordiffuse>90FFFFFF</colordiffuse>
	</control>
	<control type="label">
	<posx>20</posx>
	<posy>1</posy>
	<width>260</width>
	<height>40</height>
	<font>Font_26</font>
	<label>$INFO[ListItem.Label]</label>
	<align>left</align>
	<aligny>center</aligny>
	<textcolor>E4101010</textcolor>
	</control>
	</itemlayout>
	<focusedlayout width="300" height="60">
	<control type="image">
	<posx>0</posx>
	<posy>0</posy>
	<width>299</width>
	<height>60</height>
	<texture>settings_button_large.png</texture>
	<colordiffuse>$VAR[value_texturecolor]</colordiffuse>
	<include>Animation_DefaultGlass</include>
	<animation effect="fade" start="100" end="75" time="0" condition="!Control.Hasfocus(9000)">conditional</animation>
	</control>
	<control type="label">
	<posx>20</posx>
	<posy>-8</posy>
	<width>260</width>
	<height>60</height>
	<font>Font_30</font>
	<label>$INFO[ListItem.Label]</label>
	<align>left</align>
	<aligny>center</aligny>
	<textcolor>FFFFFAF0</textcolor>
	<animation effect="fade" start="100" end="90" time="0" condition="!Control.Hasfocus(9000)">conditional</animation>
	</control>
	<control type="label">
	<posx>40</posx>
	<posy>35</posy>
	<width>240</width>
	<height>20</height>
	<font>Font_16</font>
	<label>$INFO[ListItem.Label2]</label>
	<align>left</align>
	<aligny>center</aligny>
	<textcolor>FFFFFAF0</textcolor>
	<animation effect="slide" end="-20" time="200" condition="!Control.Hasfocus(9000)">conditional</animation>
	<animation effect="fade" start="100" end="90" time="0" condition="!Control.Hasfocus(9000)">conditional</animation>
	</control>
	<control type="image">
	<posx>22</posx>
	<posy>41</posy>
	<width>8</width>
	<height>8</height>
	<texture>settings_led_focus.gif</texture>
	<include>Animation_Fade</include>
	<visible>Control.Hasfocus(9000)</visible>
	</control>
	</focusedlayout>
	<content>
	<include>Menu_Content</include>
	</content>
	</control>
	<include>Glass</include>
	</control>

	<control type="group" id="602"><!-- Painel de Recentes -->
	<posx>326</posx>
	<animation effect="fade" start="0" end="100" time="400" delay="1000">WindowOpen</animation>
	<animation effect="fade" start="0" end="100" time="400" delay="1000">Visible</animation>
	<animation effect="fade" start="100" end="0" time="200">Hidden</animation>
	<animation effect="slide" start="0,0" end="1000,0" time="400" easing="out" tween="sine" condition="Control.IsVisible(603) + ![Control.HasFocus(510) | Control.HasFocus(5100)]">Conditional</animation>
	<animation effect="slide" start="0,0" end="1000,0" time="400" easing="out" tween="sine" condition="Skin.HasSetting(homemenuclean) + ![Control.HasFocus(510) | Control.HasFocus(5100)]">Conditional</animation>
	<visible>[Container(9000).HasFocus(1) + Library.HasContent(Movies) + !Skin.HasSetting(nomovieswidget) | Container(9000).HasFocus(2) + Library.HasContent(TVShows) + !Skin.HasSetting(notvshowswidget) | Container(9000).HasFocus(3) + Library.HasContent(MusicVideos) + !Skin.HasSetting(noconcertswidget) | Container(9000).HasFocus(4) + Library.HasContent(Music) + !Skin.HasSetting(nomusicwidget) | Container(9000).HasFocus(5) + ![IsEmpty(Window(0).Property(NextAired.1.NextTitle)) | Skin.HasSetting(nonextairedwidget)] | Container(9000).HasFocus(6) + SubString(skin.string(games_link),rcb) + ![IsEmpty(Window(0).Property(MostPlayedROM.1.Title)) | Skin.HasSetting(nogameswidget)] | Container(9000).HasFocus(10) | Container(9000).HasFocus(11) | Container(9000).HasFocus(31) + !Skin.HasSetting(novpl1widget) | Container(9000).HasFocus(32) + !Skin.HasSetting(novpl2widget) | Container(9000).HasFocus(33) + !Skin.HasSetting(novpl3widget) | Container(9000).HasFocus(34) + !Skin.HasSetting(novpl4widget) | Container(9000).HasFocus(35) + !Skin.HasSetting(novpl5widget) | Container(9000).HasFocus(41) + !Skin.HasSetting(noapl1widget) | Container(9000).HasFocus(42) + !Skin.HasSetting(noapl2widget) | Container(9000).HasFocus(43) + !Skin.HasSetting(noapl3widget) | Container(9000).HasFocus(44) + !Skin.HasSetting(noapl4widget) | Container(9000).HasFocus(45) + !Skin.HasSetting(noapl5widget) | Container(9000).HasFocus(65) + !Skin.HasSetting(nosystemwidget)] + !Skin.HasSetting(submode)</visible>
	<control type="button" id="5110"><!-- Seletor de lista -->
	<include>InvisibleButton</include>
	<include>RecentRandomSelector</include>
	</control>
	<control type="button" id="9005">
	<include>InvisibleButton</include>
	<onup>510</onup>
	<ondown>4200</ondown>
	<onleft>9000</onleft>
	<onright>4200</onright>
	</control>
	<include condition="Library.HasContent(Movies) + !Skin.HasSetting(nomovieswidget)">mf_contentmovies</include>
	<include condition="Library.HasContent(TVShows) + !Skin.HasSetting(notvshowswidget)">mf_contenttvshows</include>
	<include condition="Library.HasContent(MusicVideos) + !Skin.HasSetting(noconcertswidget)">mf_contentconcerts</include>
	<include condition="Library.HasContent(Music) + !Skin.HasSetting(nomusicwidget)">mf_contentmusic</include>
	<include condition="SubString(skin.string(mymenu1.menu),on)">mf_contentmymenu1</include>
	<include condition="SubString(skin.string(mymenu2.menu),on)">mf_contentmymenu2</include>
	<include condition="System.HasAddon(script.randomandlastitems) + ![IsEmpty(skin.string(vpl1.path)) | Skin.HasSetting(novpl1widget)]">mf_contentvpl1</include>
	<include condition="System.HasAddon(script.randomandlastitems) + ![IsEmpty(skin.string(vpl2.path)) | Skin.HasSetting(novpl2widget)]">mf_contentvpl2</include>
	<include condition="System.HasAddon(script.randomandlastitems) + ![IsEmpty(skin.string(vpl3.path)) | Skin.HasSetting(novpl3widget)]">mf_contentvpl3</include>
	<include condition="System.HasAddon(script.randomandlastitems) + ![IsEmpty(skin.string(vpl4.path)) | Skin.HasSetting(novpl4widget)]">mf_contentvpl4</include>
	<include condition="System.HasAddon(script.randomandlastitems) + ![IsEmpty(skin.string(vpl5.path)) | Skin.HasSetting(novpl5widget)]">mf_contentvpl5</include>
	<include condition="System.HasAddon(script.randomandlastitems) + ![IsEmpty(skin.string(apl1.path)) | Skin.HasSetting(noapl1widget)]">mf_contentapl1</include>
	<include condition="System.HasAddon(script.randomandlastitems) + ![IsEmpty(skin.string(apl2.path)) | Skin.HasSetting(noapl2widget)]">mf_contentapl2</include>
	<include condition="System.HasAddon(script.randomandlastitems) + ![IsEmpty(skin.string(apl3.path)) | Skin.HasSetting(noapl3widget)]">mf_contentapl3</include>
	<include condition="System.HasAddon(script.randomandlastitems) + ![IsEmpty(skin.string(apl4.path)) | Skin.HasSetting(noapl4widget)]">mf_contentapl4</include>
	<include condition="System.HasAddon(script.randomandlastitems) + ![IsEmpty(skin.string(apl5.path)) | Skin.HasSetting(noapl5widget)]">mf_contentapl5</include>
	<include condition="SubString(skin.string(games.menu),on) + System.HasAddon(script.games.rom.collection.browser) + !Skin.HasSetting(nogameswidget)">mf_contentgames</include>
	<include condition="SubString(skin.string(livetv.menu),on) + System.GetBool(pvrmanager.enabled) + !Skin.HasSetting(nonextairedwidget)">mf_contentnextaired</include>
	<include condition="!Skin.HasSetting(nosystemwidget)">mf_contentsystem</include>
	<control type="list" id="516">
	<posx>0</posx>
	<posy>0</posy>
	<width>1</width>
	<height>1</height>
	<orientation>horizontal</orientation>
	<pagecontrol>-</pagecontrol>
	<scrolltime>-</scrolltime>
	<focusposition>0</focusposition>
	<itemlayout height="24" width="128">
	</itemlayout>
	<focusedlayout height="24" width="128">
	</focusedlayout>
	<content>
	<item>
	<label>-</label>
	<property name="PercentPlayed">$INFO[Window(0).Property(RecommendedMovie.1.PercentPlayed)]</property>
	<onclick>noop</onclick>
	<visible>Container(9000).HasFocus(1)</visible>
	</item>
	<item>
	<label>-</label>
	<property name="PercentPlayed">$INFO[Window(0).Property(RecommendedEpisode.1.PercentPlayed)]</property>
	<onclick>noop</onclick>
	<visible>Container(9000).HasFocus(2)</visible>
	</item>
	<item>
	<label>-</label>
	<property name="PercentPlayed">$INFO[Window(0).Property(RecommendedMusicVideo.1.PercentPlayed)]</property>
	<onclick>noop</onclick>
	<visible>Container(9000).HasFocus(3)</visible>
	</item>
	<item>
	<label>-</label>
	<property name="PercentPlayed">$INFO[Window(0).Property(RecommendedAlbum.1.PercentPlayed)]</property>
	<onclick>noop</onclick>
	<visible>Container(9000).HasFocus(4)</visible>
	</item>
	</content>
	</control>
	<control type="group">
	<include>Animation_HomeSlideUp</include>
	<visible>[Container(9000).HasFocus(1) + Library.HasContent(Movies) | Container(9000).HasFocus(2) + Library.HasContent(TVShows) | Container(9000).HasFocus(3) + Library.HasContent(MusicVideos) | Container(9000).HasFocus(4) + Library.HasContent(Music) | Container(9000).HasFocus(5) + !IsEmpty(Window(0).Property(NextAired.1.NextTitle)) | Container(9000).HasFocus(6) + SubString(skin.string(games_link),rcb) + !IsEmpty(Window(0).Property(MostPlayedROM.1.Title)) | Container(9000).HasFocus(10) | Container(9000).HasFocus(11) | Container(9000).HasFocus(31) | Container(9000).HasFocus(32) | Container(9000).HasFocus(33) | Container(9000).HasFocus(34) | Container(9000).HasFocus(35) | Container(9000).HasFocus(41) | Container(9000).HasFocus(42) | Container(9000).HasFocus(43) | Container(9000).HasFocus(44) | Container(9000).HasFocus(45) | Container(9000).HasFocus(65)] + !Skin.HasSetting(submode)</visible>
	<control type="button" id="5100">
	<posx>5</posx>
	<posy>35</posy>
	<width>412</width>
	<height>28</height>
	<onleft>9000</onleft>
	<onright>510</onright>
	<onup>9000</onup>
	<ondown>510</ondown>
	<onclick condition="System.HasAddon(service.skin.widgets)">SetFocus(5110)</onclick>
	<onclick condition="!System.HasAddon(service.skin.widgets)">ActivateWindow(Programs,Addons,return)</onclick>
	<label>-</label>
	<texturefocus>-</texturefocus>
	<texturenofocus>-</texturenofocus>
	</control>
	<control type="label">
	<posx>10</posx>
	<posy>36</posy>
	<width>412</width>
	<height>29</height>
	<font>Font_18</font>
	<label>[UPPERCASE]$VAR[value_mflistmode][/UPPERCASE]</label>
	<scroll>true</scroll>
	<scrollout>false</scrollout>
	<align>left</align>
	<aligny>center</aligny>
	<textcolor>FFFFFAF0</textcolor>
	<animation effect="slide" end="20" time="200" condition="Control.Hasfocus(5100) | [Container(9000).HasFocus(10) | Container(9000).HasFocus(11)] + Control.HasFocus(510)">conditional</animation>
	<animation effect="fade" start="100" end="70" time="0" condition="![Control.Hasfocus(5100) | [Container(9000).HasFocus(10) | Container(9000).HasFocus(11)] + Control.HasFocus(510)]">conditional</animation>
	</control>
	<control type="image">
	<posx>15</posx>
	<posy>45</posy>
	<width>8</width>
	<height>8</height>
	<texture>settings_led_focus.gif</texture>
	<include>Animation_Fade</include>
	<visible>Control.Hasfocus(5100) | [Container(9000).HasFocus(10) | Container(9000).HasFocus(11)] + Control.HasFocus(510)</visible>
	</control>
	<control type="image">
	<posx>10</posx>
	<posy>62</posy>
	<width>412</width>
	<height>2</height>
	<align>left</align>
	<texture flipx="true">divider.png</texture>
	</control>
	</control>
	</control>

	<control type="group">
	<animation effect="slide" start="0,0" end="1000,0" time="400" easing="out" tween="sine" condition="Skin.HasSetting(homemenuclean) + !Control.HasFocus(603)">Conditional</animation>
	<control type="label"><!-- Proximas faixas -->
	<posx>336</posx>
	<posy>36</posy>
	<width>412</width>
	<height>29</height>
	<font>Font_18</font>
	<label>31325</label>
	<scroll>true</scroll>
	<scrollout>false</scrollout>
	<align>left</align>
	<aligny>center</aligny>
	<textcolor>FFFFFAF0</textcolor>
	<include>Animation_HomeSlideUp</include>
	<visible>Control.IsVisible(603) + ![Control.HasFocus(510) | Control.HasFocus(5100) | Skin.HasSetting(submode) | Container(9000).HasFocus(8)]</visible>
	</control>
	<control type="image">
	<posx>336</posx>
	<posy>62</posy>
	<width>412</width>
	<height>2</height>
	<align>left</align>
	<texture flipx="true">divider.png</texture>
	<visible>Control.IsVisible(603) + ![Control.HasFocus(510) | Control.HasFocus(5100) | Skin.HasSetting(submode) | Container(9000).HasFocus(8)]</visible>
	</control>
	<control type="panel" id="603">
	<posx>336</posx>
	<posy>75</posy>
	<width>950</width>
	<height>245</height>
	<onup>9000</onup>
	<ondown condition="Control.IsVisible(4200)">4200</ondown>
	<ondown condition="!Control.IsVisible(4200)">9000</ondown>
	<onleft>9000</onleft>
	<onright>510</onright>
	<orientation>vertical</orientation>
	<pagecontrol>-</pagecontrol>
	<include>Animation_HomeFade</include>
	<animation effect="slide" start="0,0" end="1000,0" time="400" easing="in" tween="sine" condition="Control.HasFocus(510) | Control.HasFocus(5100)">Conditional</animation>
	<visible>![IsEmpty(MusicPlayer.offset(1).Artist) | Skin.HasSetting(nonowplayingpanel) | Skin.HasSetting(submode)] + Player.HasAudio + Container(9000).HasFocus(4)</visible>
	<itemlayout width="475" height="30">
	<control type="image">
	<posx>2</posx>
	<posy>2</posy>
	<width>25</width>
	<height>25</height>
	<texture fallback="DefaultAudioCover.png" diffuse="thumb_shelf_poster_diffuse.png" background="true">$INFO[ListItem.Icon]</texture>
	<aspectratio align="center">stretch</aspectratio>
	</control>
	<control type="label">
	<posx>54</posx>
	<posy>3</posy>
	<width>50</width>
	<height>18</height>
	<align>right</align>
	<font>Font_16</font>
	<label>$INFO[ListItem.Label]</label>
	<textcolor>$VAR[value_headercolor]</textcolor>
	</control>
	<control type="label">
	<posx>64</posx>
	<posy>3</posy>
	<width>390</width>
	<height>18</height>
	<align>left</align>
	<font>Font_16</font>
	<label>$INFO[ListItem.Label2]</label>
	<textcolor>B5FFFAF0</textcolor>
	</control>
	</itemlayout>
	<focusedlayout width="475" height="30">
	<control type="image">
	<posx>0</posx>
	<posy>1</posy>
	<width>412</width>
	<height>25</height>
	<texture>gradient_focus.png</texture>
	<colordiffuse>$VAR[value_headercolor]</colordiffuse>
	</control>
	<control type="image">
	<posx>0</posx>
	<posy>28</posy>
	<width>29</width>
	<height>2</height>
	<texture>grey.png</texture>
	<aspectratio>stretch</aspectratio>
	<animation type="Focus" reversible="false">
	<effect type="slide" start="0,-20" end="0,0" time="400" tween="back" easing="out" />
	<effect type="fade" start="80" end="100" time="400" />
	</animation>
	</control>
	<control type="image">
	<posx>2</posx>
	<posy>2</posy>
	<width>25</width>
	<height>25</height>
	<texture fallback="DefaultAudioCover.png" diffuse="thumb_shelf_poster_diffuse.png" background="true">$INFO[ListItem.Icon]</texture>
	<aspectratio align="center">stretch</aspectratio>
	</control>
	<control type="label">
	<posx>54</posx>
	<posy>3</posy>
	<width>50</width>
	<height>18</height>
	<align>right</align>
	<font>Font_16</font>
	<label>$INFO[ListItem.Label]</label>
	<textcolor>$VAR[value_headercolor]</textcolor>
	</control>
	<control type="label">
	<posx>64</posx>
	<posy>3</posy>
	<width>390</width>
	<height>18</height>
	<align>left</align>
	<font>Font_16</font>
	<label>$INFO[ListItem.Label2]</label>
	<textcolor>FFFFFAF0</textcolor>
	</control>
	</focusedlayout>
	<include>NextTracksContent</include>
	</control>
	</control>
	</include>
	</includes>