	<!-- Ace -->

	<window type="dialog" id="29">
	<defaultcontrol always="true">52</defaultcontrol>
	<allowoverlay>no</allowoverlay>
	<coordinates>
	<system>1</system>
	<posx>0</posx>
	<posy>0</posy>
	</coordinates>
	<controls>
	<control type="group"><!-- default group -->
	<include>Animation_Window</include>
	<control type="image">
	<posx>0</posx>
	<posy>0</posy>
	<width>1280</width>
	<height>720</height>
	<texture background="true">special://skin/backgrounds/settings.jpg</texture>
	<include>Animation_Fade</include>
	</control>
	<control type="image">
	<posx>364</posx>
	<posy>0</posy>
	<width>980</width>
	<height>720</height>
	<texture>middle_mask.png</texture>
	<colordiffuse>C1000000</colordiffuse>
	<include>Animation_Fade</include>
	</control>
	<control type="image">
	<posx>181</posx>
	<posy>0</posy>
	<width>30</width>
	<height>720</height>
	<texture flipx="true">shadow.png</texture>
	<colordiffuse>C3FFFFFF</colordiffuse>
	</control>
	<control type="image">
	<posx>363</posx>
	<posy>0</posy>
	<width>30</width>
	<height>720</height>
	<texture>shadow.png</texture>
	<colordiffuse>C3FFFFFF</colordiffuse>
	</control>
	<control type="image">
	<posx>210</posx>
	<posy>0</posy>
	<width>154</width>
	<height>720</height>
	<texture>black.png</texture>
	<colordiffuse>C3FFFFFF</colordiffuse>
	</control>
	<control type="list" id="52">
	<posx>78</posx>
	<posy>100</posy>
	<width>792</width>
	<height>600</height>
	<focusposition>1</focusposition>
	<orientation>vertical</orientation>
	<onleft>90</onleft>
	<onright>90</onright>
	<onup>52</onup>
	<ondown>98</ondown>
	<animation effect="slide" start="132,0" end="132,0" time="0" condition="stringcompare(container(52).numitems,2)">Conditional</animation>
	<itemlayout height="200" width="200">
	<control type="image">
	<posx>2</posx>
	<posy>154</posy>
	<width>150</width>
	<height>150</height>
	<fadetime>FanartCrossFadeTime</fadetime>
	<aspectratio align="center" aligny="top">keep</aspectratio>
	<texture flipy="true" diffuse="thumb_reflect.png" background="true">$INFO[ListItem.Icon]</texture>
	<bordertexture flipy="true" diffuse="thumb_reflect.png" border="-2">black.png</bordertexture>
	<colordiffuse>70FFFFFF</colordiffuse>
	</control>
	<control type="image">
	<posx>2</posx>
	<posy>0</posy>
	<width>150</width>
	<height>150</height>
	<fadetime>FanartCrossFadeTime</fadetime>
	<aspectratio align="center" aligny="bottom">keep</aspectratio>
	<texture fallback="DefaultAudioCover.png" background="true">$INFO[ListItem.Icon]</texture>
	<bordertexture border="-2">black.png</bordertexture>
	<colordiffuse>70FFFFFF</colordiffuse>
	</control>
	<control type="label">
	<posx>200</posx>
	<posy>50</posy>
	<width>600</width>
	<height>16</height>
	<align>left</align>
	<font>Font_30</font>
	<textcolor>80FFFAF0</textcolor>
	<info>ListItem.Label</info>
	<scroll>true</scroll>
	<scrollout>false</scrollout>
	<visible>Control.IsVisible(52) + !Window.IsVisible(111)</visible>
	</control>
	<control type="label">
	<posx>200</posx>
	<posy>90</posy>
	<width>600</width>
	<height>16</height>
	<align>left</align>
	<font>Font_18</font>
	<textcolor>80FFFAF0</textcolor>
	<info>ListItem.Label2</info>
	<scroll>true</scroll>
	<scrollout>false</scrollout>
	<visible>Control.IsVisible(52) + !Window.IsVisible(111)</visible>
	</control>
	</itemlayout>
	<focusedlayout height="200" width="200">
	<control type="image">
	<posx>2</posx>
	<posy>154</posy>
	<width>150</width>
	<height>150</height>
	<fadetime>FanartCrossFadeTime</fadetime>
	<aspectratio align="center" aligny="top">keep</aspectratio>
	<texture flipy="true" diffuse="thumb_reflect.png" background="true">$INFO[ListItem.Icon]</texture>
	<bordertexture flipy="true" diffuse="thumb_reflect.png" border="-2">black.png</bordertexture>
	</control>
	<control type="image">
	<posx>2</posx>
	<posy>0</posy>
	<width>150</width>
	<height>150</height>
	<fadetime>FanartCrossFadeTime</fadetime>
	<aspectratio align="center" aligny="bottom">keep</aspectratio>
	<texture fallback="DefaultAudioCover.png" background="true">$INFO[ListItem.Icon]</texture>
	<bordertexture border="-2">black.png</bordertexture>
	</control>
	<control type="label">
	<posx>200</posx>
	<posy>50</posy>
	<width>600</width>
	<height>16</height>
	<align>left</align>
	<font>Font_30</font>
	<textcolor>$VAR[value_headercolor]</textcolor>
	<info>ListItem.Label</info>
	<scroll>true</scroll>
	<scrollout>false</scrollout>
	<visible>Control.IsVisible(52) + !Window.IsVisible(111)</visible>
	</control>
	<control type="label">
	<posx>200</posx>
	<posy>90</posy>
	<width>600</width>
	<height>16</height>
	<align>left</align>
	<font>Font_18</font>
	<textcolor>FFFFFAF0</textcolor>
	<info>ListItem.Label2</info>
	<scroll>true</scroll>
	<scrollout>false</scrollout>
	<visible>Control.IsVisible(52) + !Window.IsVisible(111)</visible>
	</control>
	</focusedlayout>
	</control>
	<include>MultiData</include>
	</control>
	</controls>
	</window>