	<!-- Ace -->

	<window>
	<defaultcontrol>32</defaultcontrol>
	<allowoverlay>no</allowoverlay>
	<controls>
	<control type="image">
	<include>WindowBG</include>
	<texture fallback="special://skin/backgrounds/livetv.jpg" background="true">$INFO[skin.string(livetv.bg)]</texture>
	</control>

	<control type="group"><!-- default group -->
	<include>Animation_Window</include>

	<control type="button" id="9900"><!-- to menu/kiosk condition -->
	<include>InvisibleButton</include>
	<onfocus condition="![Skin.HasSetting(kiosk) | Skin.HasSetting(kiosksmart) + !SubString(skin.string(codestep),step3)]">SetFocus(9300)</onfocus>
	<onfocus condition="Skin.HasSetting(kiosksmart) + !SubString(skin.string(codestep),step3)">SetFocus(9100)</onfocus>
	</control>
	<control type="button" id="9920"><!-- hidden colection/view fanart -->
	<include>InvisibleButton</include>
	<onleft>SetFocus(11)</onleft>
	<onright>SetFocus(11)</onright>
	<onup>SetFocus(11)</onup>
	<ondown>SetFocus(11)</ondown>
	</control>

	<!-- Recording/Time -->
	<control type="group">
	<posx>-720</posx>
	<posy>-2</posy>
	<animation effect="slide" start="0,0" end="720,0" time="400" tween="cubic" easing="inout" condition="!PVR.IsRecording + PVR.HasTimer">Conditional</animation>
	<animation effect="slide" start="0,0" end="0,-40" time="400" tween="cubic" easing="inout" condition="Player.HasVideo">Conditional</animation>
	<animation effect="fade" end="85" condition="true">Conditional</animation>
	<animation type="WindowOpen" reversible="false" condition="true">
	<effect type="fade" start="20" end="100" time="1000" delay="2000" />
	<effect type="slide" start="-1200,-28" end="0,0" time="500" delay="2000" tween="sine" easing="out" />
	</animation>
	<animation type="Visible" reversible="false" condition="true">
	<effect type="fade" start="20" end="100" time="500" delay="500" />
	<effect type="slide" start="0,-28" end="0,0" time="400" delay="500" tween="cubic" easing="out" />
	</animation>
	<control type="image">
	<posx>0</posx>
	<posy>0</posy>
	<width>1200</width>
	<height>28</height>
	<aspectratio>stretch</aspectratio>
	<texture flipy="true">home_common_border_large.png</texture>
	<colordiffuse>$VAR[value_texturecolors]</colordiffuse>
	</control>
	<control type="image">
	<posx>0</posx>
	<posy>0</posy>
	<width>1200</width>
	<height>28</height>
	<aspectratio>stretch</aspectratio>
	<texture flipy="true">home_common_panel_large.png</texture>
	<colordiffuse>$VAR[value_texturecolors]</colordiffuse>
	<animation effect="fade" end="85" condition="true">Conditional</animation>
	</control>
	<control type="image">
	<posx>10</posx>
	<posy>7</posy>
	<width>15</width>
	<height>15</height>
	<aspectratio>stretch</aspectratio>
	<texture>pvr_hastimer.png</texture>
	</control>
	<control type="label">
	<posx>30</posx>
	<posy>5</posy>
	<width>600</width>
	<align>left</align>
	<font>Font_16</font>
	<textcolor>FFFFFAF0</textcolor>
	<label>[UPPERCASE][COLOR=$VAR[value_headercolor]]$LOCALIZE[19157]: [/COLOR]$INFO[PVR.NextRecordingDateTime][COLOR=80ffffff] | [/COLOR]$INFO[PVR.NextRecordingTitle][COLOR=80ffffff] | [/COLOR]$INFO[PVR.NextRecordingChannel][/UPPERCASE]</label>
	<scroll>true</scroll>
	<scrollout>false</scrollout>
	</control>
	</control>

	<control type="group"><!-- Visualizacao de fundo -->
	<animation effect="fade" reversible="true" time="300">VisibleChange</animation>
	<control type="videowindow">
	<posx>0</posx>
	<posy>0</posy>
	<width>1280</width>
	<height>720</height>
	<visible>Player.HasVideo</visible>
	<animation effect="slide" start="0,0" end="-2000,0" time="0">WindowClose</animation>
	</control>
	<control type="visualisation">
	<posx>0</posx>
	<posy>0</posy>
	<width>1280</width>
	<height>720</height>
	<visible>Player.HasAudio</visible>
	<animation effect="slide" start="0,0" end="-2000,0" time="0">WindowClose</animation>
	</control>
	<control type="image">
	<posx>0</posx>
	<posy>0</posy>
	<width>1280</width>
	<height>720</height>
	<texture>black.png</texture>
	<colordiffuse>E5FFFFFF</colordiffuse>
	<include>Animation_Fade</include>
	<visible>![Control.IsVisible(11) | Control.IsVisible(12)] + Player.HasMedia</visible>
	</control>
	</control>

	<control type="group">
	<include>Animation_Fade</include>
	<visible>Control.IsVisible(10) | Control.IsVisible(13) | Control.IsVisible(14) | Control.IsVisible(15) | Control.IsVisible(16) | Control.IsVisible(17)</visible>
	<control type="image"><!-- Fundo EPG -->
	<posx>0</posx>
	<posy>31</posy>
	<width>1280</width>
	<height>30</height>
	<texture>shadow_h.png</texture>
	<colordiffuse>C3FFFFFF</colordiffuse>
	</control>
	<control type="image">
	<posx>0</posx>
	<posy>60</posy>
	<width>1280</width>
	<height>660</height>
	<texture>darkgrey.png</texture>
	<colordiffuse>$VAR[value_texturecolor]</colordiffuse>
	<animation effect="fade" end="85" condition="true">Conditional</animation>
	</control>
	<include>MultiData</include>
	</control>

	<control type="group"><!-- Mobilia -->
	<visible>Control.IsVisible(11) | Control.IsVisible(12)</visible>
	<animation effect="slide" time="400" start="0,0" end="0,320" easing="in" tween="cubic" condition="Player.HasVideo + System.IdleTime(8) | Control.HasFocus(9920)">Conditional</animation>
	<control type="image">
	<posx>300</posx>
	<posy>387</posy>
	<width>980</width>
	<height>30</height>
	<texture>shadow_h.png</texture>
	<colordiffuse>C3FFFFFF</colordiffuse>
	</control>
	<control type="image">
	<posx>300</posx>
	<posy>664</posy>
	<width>980</width>
	<height>30</height>
	<texture flipy="true">shadow_h.png</texture>
	<colordiffuse>C3FFFFFF</colordiffuse>
	</control>
	<control type="image">
	<posx>300</posx>
	<posy>416</posy>
	<width>980</width>
	<height>249</height>
	<texture>darkgrey.png</texture>
	<colordiffuse>$VAR[value_texturecolor]</colordiffuse>
	<animation effect="fade" end="85" condition="true">Conditional</animation>
	</control>
	<control type="image">
	<posx>348</posx>
	<posy>418</posy>
	<width>255</width>
	<height>245</height>
	<fadetime>FanartCrossFadeTime</fadetime>
	<texture fallback="DefaultAudioCover.png" background="true">$INFO[Container(11).ListItem.Icon]</texture>
	<bordertexture border="-2">black.png</bordertexture>
	<aspectratio scalediffuse="false">scale</aspectratio>
	</control>
	<control type="label"><!-- Nome do canal -->
	<posx>635</posx>
	<posy>420</posy>
	<width>700</width>
	<height>20</height>
	<scroll>true</scroll>
	<font>Font_23</font>
	<textcolor>FFFFFAF0</textcolor>
	<label>$INFO[Container(11).ListItem.Label]</label>
	<visible>IsEmpty(Container(11).ListItem.Title)</visible>
	</control>
	<control type="label"><!-- Nome do programa -->
	<posx>635</posx>
	<posy>445</posy>
	<width>700</width>
	<height>20</height>
	<scroll>true</scroll>
	<font>Font_19</font>
	<textcolor>FFFFFAF0</textcolor>
	<label>$INFO[Container(11).ListItem.Title]</label>
	</control>
	<control type="progress">
	<posx>635</posx>
	<posy>475</posy>
	<width>595</width>
	<height>5</height>
	<info>Player.Progress</info>
	<animation effect="fade" end="90" condition="true">Conditional</animation>
	<animation effect="fade" reversible="true" time="300">VisibleChange</animation>
	<visible>Player.HasVideo</visible>
	</control>
	<control type="label">
	<posx>635</posx>
	<posy>468</posy>
	<width>160</width>
	<height>20</height>
	<font>Font_16</font>
	<textcolor>FFFFFAF0</textcolor>>
	<label>$INFO[Container(11).ListItem.StartTime]$INFO[Container(11).ListItem.EndTime, / ]</label>
	<animation effect="fade" reversible="true" time="300">VisibleChange</animation>
	<visible>!Player.HasVideo</visible>
	</control>
	<control type="textbox">
	<posx>635</posx>
	<posy>500</posy>
	<width>595</width>
	<height>155</height>
	<textcolor>FFFFFAF0</textcolor>
	<font>Font_16</font>
	<label>$INFO[Container(11).ListItem.Plot]</label>
	<autoscroll delay="8000" time="2000" repeat="8000">!Skin.HasSetting(noallowscroll)</autoscroll>
	<animation effect="fade" reversible="true" time="300">VisibleChange</animation>
	<visible>!Player.HasVideo</visible>
	</control>
	<control type="textbox">
	<posx>635</posx>
	<posy>530</posy>
	<width>595</width>
	<height>120</height>
	<textcolor>FFFFFAF0</textcolor>
	<font>Font_16</font>
	<label>$INFO[Container(11).ListItem.Plot]</label>
	<autoscroll delay="8000" time="2000" repeat="8000">!Skin.HasSetting(noallowscroll)</autoscroll>
	<animation effect="fade" reversible="true" time="300">VisibleChange</animation>
	<visible>Player.HasVideo</visible>
	</control>
	<control type="list" id="600">
	<animation effect="fade" time="800">Visible</animation>
	<animation effect="fade" time="400">Hidden</animation>
	<visible>Player.HasVideo | Player.HasAudio</visible>
	<posx>635</posx>
	<posy>465</posy>
	<height>50</height>
	<width>990</width>
	<ondown>300</ondown>
	<onup>SetFocus(403)</onup>
	<onleft>600</onleft>
	<onright>600</onright>
	<viewtype>list</viewtype>
	<align>right</align>
	<orientation>horizontal</orientation>
	<scrolltime>200</scrolltime>
	<focusposition>0</focusposition>
	<itemlayout width="28" height="40">
	<control type="image">
	<posy>22</posy>
	<width>24</width>
	<height>24</height>
	<info>ListItem.Icon</info>
	<colordiffuse>60DCDCDC</colordiffuse>
	<include>Animation_Fade</include>
	</control>
	</itemlayout>
	<focusedlayout width="28" height="40">
	<control type="image">
	<posy>22</posy>
	<width>24</width>
	<height>24</height>
	<info>ListItem.Icon</info>
	<colordiffuse>60DCDCDC</colordiffuse>
	<include>Animation_Fade</include>
	<visible>!Control.HasFocus(600)</visible>
	</control>
	<control type="image">
	<posy>22</posy>
	<width>24</width>
	<height>24</height>
	<info>ListItem.Icon</info>
	<colordiffuse>dcFFFFFF</colordiffuse>
	<include>Animation_Fade</include>
	<visible>Control.HasFocus(600)</visible>
	</control>
	</focusedlayout>
	<content>
	<item id="1"><!-- play DVD -->
	<label>-</label>
	<icon>osd_menu_play_square.png</icon>
	<onclick>PlayDVD</onclick>
	<visible>System.HasMediaDVD + ![Player.Playing | Player.Paused | Player.Forwarding | Player.Rewinding]</visible>
	</item>
	<item id="2"><!-- pause -->
	<label>-</label>
	<icon>osd_menu_pause_square.png</icon>
	<onclick>PlayerControl(Play)</onclick>
	<visible>!Player.Paused</visible>
	</item>
	<item id="3"><!-- play -->
	<label>-</label>
	<icon>osd_menu_play_square.png</icon>
	<onclick>PlayerControl(Play)</onclick>
	<visible>Player.Paused</visible>
	</item>
	<item id="4"><!-- playlist -->
	<label>-</label>
	<icon>osd_menu_plyalist_square.png</icon>
	<onclick>ActivateWindow(musicplaylist)</onclick>
	<visible>Player.HasAudio + !IsEmpty(MusicPlayer.offset(1).Artist)</visible>
	</item>
	<item id="5"><!-- stop -->
	<label>-</label>
	<icon>osd_menu_stop_square.png</icon>
	<onclick>PlayerControl(Stop)</onclick>
	</item>
	<item id="6"><!-- skipbwd -->
	<label>-</label>
	<icon>osd_menu_skipbwd_square.png</icon>
	<onclick>PlayerControl(Previous)</onclick>
	<visible>!VideoPlayer.Content(LiveTV)</visible>
	</item>
	<item id="6"><!-- - canal -->
	<label>-</label>
	<icon>osd_menu_skipbwd_channeldown.png</icon>
	<onclick>PlayerControl(Previous)</onclick>
	<visible>VideoPlayer.Content(LiveTV)</visible>
	</item>
	<item id="7"><!-- rew -->
	<label>-</label>
	<icon>osd_menu_rew_square.png</icon>
	<onclick>PlayerControl(Rewind)</onclick>
	</item>
	<item id="8"><!-- ff -->
	<label>-</label>
	<icon>osd_menu_ff_square.png</icon>
	<onclick>PlayerControl(Forward)</onclick>
	</item>
	<item id="9"><!-- skipfwd -->
	<label>-</label>
	<icon>osd_menu_skipfwd_square.png</icon>
	<onclick>PlayerControl(Next)</onclick>
	<visible>!VideoPlayer.Content(LiveTV)</visible>
	</item>
	<item id="9"><!-- + canal -->
	<label>-</label>
	<icon>osd_menu_skipfwd_channelup.png</icon>
	<onclick>PlayerControl(Next)</onclick>
	<visible>VideoPlayer.Content(LiveTV)</visible>
	</item>
	<item id="10"><!-- repeat -->
	<label>-</label>
	<icon>$VAR[value_playericon_repeat]</icon>
	<onclick>PlayerControl(Repeat)</onclick>
	</item>
	<item id="12"><!-- go to fullscreen -->
	<label>-</label>
	<icon>osd_menu_fullscreen_square.png</icon>
	<onclick>fullscreen</onclick>
	</item>
	</content>
	</control>
	<control type="label">
	<posx>890</posx>
	<posy>499</posy>
	<width>250</width>
	<font>Font_15</font>
	<align>left</align>
	<aligny>center</aligny>
	<textcolor>FFFFFAF0</textcolor>
	<label>$VAR[value_playercontrols,, | ]$INFO[Container(11).ListItem.StartTime]$INFO[Container(11).ListItem.EndTime, / ]</label>
	<scroll>true</scroll>
	<scrollout>false</scrollout>
	<animation effect="fade" time="200" delay="400">Visible</animation>
	<visible>Player.HasVideo | Player.HasAudio</visible>
	</control>
	<control type="label" id="29">
	<description>Current Category</description>
	<include>InvisibleButton</include>
	<visible>false</visible>
	</control>
	<control type="label" id="30">
	<description>Current Sub Category</description>
	<include>InvisibleButton</include>
	<visible>false</visible>
	</control>
	<include>HomeVRSS</include>
	</control>

	<!-- ViewTypes -->
	<control type="group" id="50">
	<include>ViewEPGTimeline</include><!-- 10 -->
	<include>ViewLiveTVChannel</include><!-- 11 -->
	<include>ViewLiveRadioChannel</include><!-- 12 -->
	<include>ViewLiveTVRecordings</include><!-- 13 -->
	<include>ViewLiveTVTimers</include><!-- 14 -->
	<include>ViewLiveTVGuideChannel</include><!-- 15 -->
	<include>ViewLiveTVGuideNowNext</include><!-- 16 -->
	<include>ViewLiveTVSeach</include><!-- 17 -->
	</control>

	<!-- Furniture -->
	<include>TouchScreen</include>
	<include>TopMenu_PVR</include>
	<include>BGBlack</include>
	</control>
	</controls>
	</window>
