	<!-- Ace -->

	<window id="25">
	<defaultcontrol always="true">51</defaultcontrol>
	<onunload condition="Skin.HasSetting(kioskcode)">Skin.Reset($INFO[skin.string(custom_code)])</onunload>
	<onunload condition="Skin.HasSetting(trailers)">Skin.Reset(trailers)</onunload>
	<onunload condition="Skin.HasSetting(playlists)">Skin.Reset(playlists)</onunload>
	<onload condition="Skin.HasSetting(ontvtunes) + System.HasAddon(script.tvtunes)">RunScript(script.tvtunes,backend=True)</onload>
	<onload condition="System.HasAddon(script.videolanguage)">RunScript(script.videolanguage,backend=True)</onload> 
	<allowoverlay>no</allowoverlay>
	<views>51,52,53,54,55,56,57,58,59,60,61,62,63</views>
	<controls>
	<control type="multiimage"><!-- Multi Fanart -->
	<include>WindowBG</include>
	<imagepath background="true">$VAR[value_videofanart]</imagepath>
	</control>
	<control type="image"><!-- Single Fanart -->
	<include>WindowBG</include>
	<texture background="true">$VAR[value_defaultvideofanart]</texture>
	</control>
	<control type="multiimage" id="5020"><!-- Extra Fanart Movies/TvShows/MusicVideos -->
	<include>InvisibleButton</include>
	<imagepath background="true">$INFO[ListItem.Path]extrafanart/</imagepath>
	<visible>Container.Content(movies) + !Skin.HasSetting(trailers) + SubString(skin.string(moviesfanart),extra) | Container.Content(tvshows) + SubString(skin.string(tvshowsfanart),extra) | Container.Content(musicvideos) + SubString(skin.string(musicvideosfanart),extra)</visible>
	</control>
	<control type="multiimage" id="5021"><!-- Extra Fanart Seasons -->
	<include>InvisibleButton</include>
	<imagepath background="true">$INFO[ListItem.Path,,extrafanart/]</imagepath>
	<visible>Container.Content(seasons) + SubString(skin.string(seasonsfanart),extra)</visible>
	</control>
	<control type="multiimage" id="5022"><!-- Extra Fanart Episodes -->
	<include>InvisibleButton</include>
	<imagepath background="true">$INFO[ListItem.Path,,../extrafanart/]</imagepath>
	<visible>Container.Content(episodes) + SubString(skin.string(episodesfanart),extra)</visible>
	</control>
	<control type="image" id="5023"><!-- Season Fanart -->
	<include>InvisibleButton</include>
	<texture background="true">$INFO[ListItem.Path]$INFO[ListItem.Label,,/fanart.jpg]</texture>
	<visible>Container.Content(seasons) + SubString(skin.string(seasonsfanart),seasons)</visible>
	</control>
	<control type="image" id="5024"><!-- Season Fanart/episodes -->
	<include>InvisibleButton</include>
	<texture background="true">$INFO[ListItem.Path,,fanart.jpg]</texture>
	<visible>Container.Content(episodes) + SubString(skin.string(episodesfanart),seasons)</visible>
	</control>
	<include>LiveBG</include>
	<control type="image">
	<posx>0</posx>
	<posy>0</posy>
	<width>1280</width>
	<height>720</height>
	<texture>black.png</texture>
	<colordiffuse>C3FFFFFF</colordiffuse>
	<include>Animation_Fade</include>
	<visible>Player.HasVideo + !Skin.HasSetting(fullscreentrailer)</visible>
	</control>
	<control type="group"><!-- default group -->
	<include>Animation_Window</include>

	<control type="button" id="9900"><!-- to menu/kiosk condition -->
	<include>InvisibleButton</include>
	<onfocus condition="![Skin.HasSetting(kiosk) | Skin.HasSetting(kiosksmart) + !SubString(skin.string(codestep),step3)]">SetFocus(9300)</onfocus>
	<onfocus condition="Skin.HasSetting(kiosksmart) + !SubString(skin.string(codestep),step3)">SetFocus(9100)</onfocus>
	<onfocus condition="Skin.HasSetting(kiosk) + IsEmpty(ListItem.Trailer)">SetFocus(51)</onfocus>
	<onfocus condition="Skin.HasSetting(kiosk) + !IsEmpty(ListItem.Trailer)">SetFocus(90000)</onfocus>
	</control>
	<control type="button" id="9910"><!-- panel focus -->
	<include>InvisibleButton</include>
	<onleft>SetFocus(51)</onleft>
	<onright>SetFocus(51)</onright>
	<onup>SetFocus(9900)</onup>
	<ondown>SetFocus(51)</ondown>
	</control>
	<control type="button" id="9920"><!-- hidden colection/view fanart -->
	<include>InvisibleButton</include>
	<onleft>SetFocus(51)</onleft>
	<onright>SetFocus(51)</onright>
	<onup>SetFocus(51)</onup>
	<ondown>SetFocus(51)</ondown>
	</control>
	<control type="button" id="9916">
	<include>InvisibleButton</include>
	<onleft>51</onleft>
	<onright>51</onright>
	<onup>9900</onup>
	<ondown>51</ondown>
	</control>
	<control type="group">
	<animation effect="slide" time="400" start="0,-250" end="0,0" easing="inout" tween="cubic">WindowOpen</animation>
	<animation effect="slide" time="400" start="0,-250" end="0,0" easing="inout" tween="cubic">Visible</animation>
	<animation effect="slide" time="400" start="0,0" end="0,-250" easing="inout" tween="cubic">WindowClose</animation>
	<animation effect="slide" time="400" start="0,0" end="0,-250" easing="inout" tween="cubic">Hidden</animation>
	<visible>[Control.IsVisible(52) | Control.IsVisible(53) | Control.IsVisible(54) | Control.IsVisible(56) | Control.IsVisible(58) | Control.IsVisible(60) | Control.IsVisible(61) | Control.IsVisible(62) | Control.IsVisible(63)] + ![SubString(ListItem.Label,..) | Control.HasFocus(9920) | Window.IsActive(2003)]</visible>
	<control type="image">
	<posx>0</posx>
	<posy>0</posy>
	<height>150</height>
	<width>1280</width>
	<texture flipy="true">shadow_mask.png</texture>
	<colordiffuse>85000000</colordiffuse>
	</control>
	<control type="group">
	<visible>!IsEmpty(Window(2003).Property(AudioLanguage.1))</visible>
	<control type="label"><!-- Title -->
	<posx>30</posx>
	<posy>8</posy>
	<width>750</width>
	<height>40</height>
	<font>Font_40</font>
	<label>$VAR[value_videotitle]</label>
	<textcolor>FFFFFAF0</textcolor>
	<scroll>true</scroll>
	<scrollout>false</scrollout>
	<visible>!IsEmpty(Window(2003).Property(AudioLanguage.1))</visible>
	</control>
	<control type="label">
	<posx>30</posx>
	<posy>50</posy>
	<width>750</width>
	<height>25</height>
	<font>Font_19</font>
	<label>$INFO[ListItem.Tagline]</label>
	<textcolor>90FFFFFF</textcolor>
	<scroll>true</scroll>
	<scrollout>false</scrollout>
	<visible>!IsEmpty(Window(2003).Property(AudioLanguage.1))</visible>
	</control>
	</control>
	<control type="group">
	<visible>IsEmpty(Window(2003).Property(AudioLanguage.1))</visible>
	<control type="label"><!-- Title -->
	<posx>30</posx>
	<posy>8</posy>
	<width>1100</width>
	<height>40</height>
	<font>Font_40</font>
	<label>$VAR[value_videotitle]</label>
	<textcolor>FFFFFAF0</textcolor>
	<scroll>true</scroll>
	<scrollout>false</scrollout>
	<visible>IsEmpty(Window(2003).Property(AudioLanguage.1))</visible>
	</control>
	<control type="label">
	<posx>30</posx>
	<posy>50</posy>
	<width>1100</width>
	<height>25</height>
	<font>Font_19</font>
	<label>$INFO[ListItem.Tagline]</label>
	<textcolor>90FFFFFF</textcolor>
	<scroll>true</scroll>
	<scrollout>false</scrollout>
	<visible>IsEmpty(Window(2003).Property(AudioLanguage.1))</visible>
	</control>
	</control>
	</control>	
	<control type="group"><!-- Linguagem de audio e legendas -->
	<animation effect="slide" time="400" start="0,-250" end="0,0" easing="inout" tween="cubic">WindowOpen</animation>
	<animation effect="slide" time="400" start="0,-250" end="0,0" easing="inout" tween="cubic">Visible</animation>
	<animation effect="slide" time="400" start="0,0" end="0,-250" easing="inout" tween="cubic">WindowClose</animation>
	<animation effect="slide" time="400" start="0,0" end="0,-250" easing="inout" tween="cubic">Hidden</animation>
	<animation effect="slide" end="-780,0" time="0" condition="Control.IsVisible(55)">Conditional</animation>
	<animation effect="slide" end="-450,0" time="0" condition="Control.IsVisible(57)">Conditional</animation>
	<animation effect="slide" end="-780,0" time="0" condition="Control.IsVisible(59)">Conditional</animation>
	<visible>![SubString(ListItem.Label,..) | IsEmpty(Window(2003).Property(AudioLanguage.1)) + IsEmpty(Window(2003).Property(SubtitleLanguage.1)) | Control.IsVisible(51) | Control.HasFocus(9920) | Window.IsActive(2003)]</visible>
	<posx>810</posx>
	<posy>15</posy>
    <include>AudioandSub</include>
	</control>
    <control type="group"><!-- Grupo ocultar flags ou fanart -->
	<include>Animation_HiddenView</include>

	<control type="group">
	<animation effect="slide" start="0,300" end="0,0"  time="500" tween="sine" easing="out">WindowOpen</animation>
	<animation effect="slide" start="0,300" end="0,0"  time="500" tween="sine" easing="out">Visible</animation>
	<animation effect="fade" start="100" end="0" time="200">Hidden</animation>
	<visible>![Skin.HasSetting(nomediaflags) | Control.IsVisible(57)]</visible>
	<control type="image"><!-- Barra das etiquetas -->
	<posx>0</posx>
	<posy>610</posy>
	<width>1280</width>
	<height>82</height>
	<colordiffuse>$VAR[value_flagsbar]</colordiffuse>
	<texture>shadow_mask.png</texture>
	</control>
	<control type="grouplist"><!-- Etiquetas -->
	<posx>20</posx>
	<posy>651</posy>
	<orientation>horizontal</orientation>
	<itemgap>27</itemgap>
	<control type="image"><!-- Mpaa -->
	<include>FlagImage</include>
	<texture>$VAR[value_mpaa]</texture>
	<visible>!IsEmpty(ListItem.Mpaa)</visible>
	</control>
	<control type="image">
	<include>FlagSeparator</include>
	<visible>!IsEmpty(ListItem.Mpaa)</visible>
	</control>
	<control type="label"><!-- Rating -->
	<include>FlagLabel</include>
	<label>$INFO[ListItem.Rating]</label>
	<visible>!IsEmpty(ListItem.Title)</visible>
	</control>
	<control type="image">
	<include>FlagSeparator</include>
	<visible>!IsEmpty(ListItem.Title)</visible>
	</control>
	<control type="image"><!-- Codec -->
	<include>FlagImage</include>
	<texture>$VAR[value_videocodec]</texture>
	<visible>!IsEmpty(ListItem.VideoCodec)</visible>
	</control>
	<control type="image">
	<include>FlagSeparator</include>
	<visible>!IsEmpty(ListItem.VideoCodec)</visible>
	</control>
	<control type="image"><!-- Resolution -->
	<include>FlagImage</include>
	<texture>$INFO[ListItem.VideoResolution,flags/resolution/,.png]</texture>
	<visible>!IsEmpty(ListItem.VideoResolution)</visible>
	</control>
	<control type="image">
	<include>FlagSeparator</include>
	<visible>!IsEmpty(ListItem.VideoResolution)</visible>
	</control>
	<control type="image"><!-- Aspect -->
	<include>FlagImage</include>
	<texture>$INFO[ListItem.VideoAspect,flags/aspectratio/,.png]</texture>
	<visible>!IsEmpty(ListItem.VideoAspect)</visible>
	</control>
	<control type="image">
	<include>FlagSeparator</include>
	<visible>!IsEmpty(ListItem.VideoAspect)</visible>
	</control>
	<control type="image"><!-- Audio Codec -->
	<include>FlagImage</include>
	<texture>$INFO[ListItem.AudioCodec,flags/audio/,.png]</texture>
	<visible>!IsEmpty(ListItem.AudioCodec)</visible>
	</control>
	<control type="image">
	<include>FlagSeparator</include>
	<visible>!IsEmpty(ListItem.AudioCodec)</visible>
	</control>
	<control type="image"><!-- Channels -->
	<include>FlagImage</include>
	<texture>$INFO[ListItem.AudioChannels,flags/audio/,ch.png]</texture>
	<visible>!IsEmpty(ListItem.AudioChannels)</visible>
	</control>
	<control type="image">
	<include>FlagSeparator</include>
	<visible>!IsEmpty(ListItem.AudioChannels)</visible>
	</control>
	<control type="image"><!-- Trailer -->
	<include>FlagImage</include>
	<texture>logo_trailer.png</texture>
	<visible>!IsEmpty(ListItem.Trailer)</visible>
	</control>
	<control type="image">
	<include>FlagSeparator</include>
	<visible>!IsEmpty(ListItem.Trailer) + !StringCompare(ListItem.PercentPlayed,0)</visible>
	</control>
	<control type="label"><!-- % Played -->
	<include>FlagLabel</include>
	<label>$INFO[ListItem.PercentPlayed]%</label>
	<visible>!StringCompare(ListItem.PercentPlayed,0)</visible>
	</control>
	</control>
	<control type="image">
	<posx>0</posx>
	<posy>650</posy>
	<height>42</height>
	<width>1280</width>
	<texture>gradient_small.png</texture>
	</control>
	</control>

	<!-- ViewTypes -->
	<include>ViewWide</include><!-- 51 -->
	<include>ViewBanner</include><!-- 52 -->
	<include>ViewBannerInfo</include><!-- 53 -->
	<include>ViewPoster</include><!-- 54 -->
	<include>ViewLowList</include><!-- 55 -->
	<include>ViewWallVideo</include><!-- 56 -->
	<include>ViewGlassList</include><!-- 57 -->
	<include>ViewCoverFlowVideo</include><!-- 58 -->
	<include>ViewRightList</include><!-- 59 -->
	<include>ViewShowArt</include><!-- 60 -->
	<include>ViewMultiplex</include><!-- 61 -->
	<include>ViewPanel</include><!-- 62 -->
	<include>ViewShelf</include><!-- 63 -->
	</control>
	<include>TouchScreen</include>
	<include>ScrollLabel</include>
	<include>MultiData</include>
	<include>TopMenu_Video</include>
	<include>BGBlack</include>
	<include>TrailerWindow</include>
	</control>
	</controls>
	</window>