	<!-- Ace -->

	<window id="2600">
	<defaultcontrol always="true">51</defaultcontrol>
	<allowoverlay>no</allowoverlay>
	<controls>
	<control type="multiimage">
	<include>HomeBG</include>
	<imagepath background="true">$VAR[value_mainmenubg_weather]</imagepath>
	</control>
	<control type="group"><!-- default group -->
	<include>Animation_Window</include>
	<include>SettingsBack</include><!-- Menu da direita -->
	<control type="image">
	<posx>268</posx>
	<posy>10</posy>
	<width>824</width>
	<height>70</height>
	<aspectratio>stretch</aspectratio>
	<texture>grey.png</texture>
	<colordiffuse>$INFO[Window.Property(Alerts.Color)]</colordiffuse>
	</control>
	<!-- views -->
	<control type="group" id="3000">
	<posx>70</posx>
	<include>TWC.Current</include>
	<include>TWC.36Hour</include>
	<include>TWC.Hourly</include>
	<include>TWC.Weekend</include>
	<include>TWC.Daily</include>
	<include>TWC.Maps</include>
	<include>TWC.Alerts</include>
	<include>TWC.Video</include>
	</control>
	<control type="image">
	<posx>-820</posx>
	<posy>0</posy>
	<width>846</width>
	<height>720</height>
	<texture>grey.png</texture>
	<colordiffuse>$INFO[Window.Property(Alerts.Color)]</colordiffuse>
	</control>
	<control type="image">
	<posx>26r</posx>
	<posy>0</posy>
	<width>846</width>
	<height>720</height>
	<texture>grey.png</texture>
	<colordiffuse>$INFO[Window.Property(Alerts.Color)]</colordiffuse>
	</control>
	<include>RSS</include>
	<include>SettingsMenu</include><!-- Menu da esquerda -->
	<include>Date</include>
	<control type="label">
	<include>SettingsSectionTitle</include>
	<label>31202</label>
	</control>
	<control type="grouplist" id="51">
	<posx>0</posx>
	<posy>120</posy>
	<width>240</width>
	<height>660</height>
	<orientation>vertical</orientation>
	<itemgap>0</itemgap>
	<onleft>9900</onleft>
	<focusposition>0</focusposition>
	<scrolltime>400</scrolltime>
	<control type="button" id="100"><!-- Current -->
	<label>31843</label>
	<include>SettingsButton</include>
	<onfocus>SetProperty(Weather.CurrentView,$LOCALIZE[31843] $LOCALIZE[31848])</onfocus>
	<onfocus>SetProperty(Weather.CurrentViewMenu,$LOCALIZE[31843])</onfocus>
	<onfocus>Skin.Reset(TWC.ZoomWeatherMap)</onfocus>
	</control>
	<control type="button" id="101"><!-- 36Hour -->
	<label>31051</label>
	<include>SettingsButton</include>
	<onfocus>SetProperty(Weather.CurrentView,$LOCALIZE[31386] $LOCALIZE[31847])</onfocus>
	<onfocus>SetProperty(Weather.CurrentViewMenu,$LOCALIZE[31386])</onfocus>
	<onfocus>Skin.Reset(TWC.ZoomWeatherMap)</onfocus>
	</control>
	<control type="button" id="102"><!-- Hourly -->
	<label>31840</label>
	<include>SettingsButton</include>
	<onright>SetFocus(6000)</onright>
	<onfocus>SetProperty(Weather.CurrentView,$LOCALIZE[31840] $LOCALIZE[31847])</onfocus>
	<onfocus>SetProperty(Weather.CurrentViewMenu,$LOCALIZE[31840])</onfocus>
	<onfocus>Skin.Reset(TWC.ZoomWeatherMap)</onfocus>
	</control>
	<control type="button" id="103"><!-- Weekend -->
	<label>31841</label>
	<include>SettingsButton</include>
	<onfocus>SetProperty(Weather.CurrentView,$LOCALIZE[31841] $LOCALIZE[31847])</onfocus>
	<onfocus>SetProperty(Weather.CurrentViewMenu,$LOCALIZE[31841])</onfocus>
	<onfocus>Skin.Reset(TWC.ZoomWeatherMap)</onfocus>
	</control>
	<control type="button" id="104"><!-- 10 Days -->
	<label>31842</label>
	<include>SettingsButton</include>
	<onright>SetFocus(70000)</onright>
	<onfocus>SetProperty(Weather.CurrentView,$LOCALIZE[31842] $LOCALIZE[31847])</onfocus>
	<onfocus>SetProperty(Weather.CurrentViewMenu,$LOCALIZE[31842])</onfocus>
	<onfocus>Skin.Reset(TWC.ZoomWeatherMap)</onfocus>
	</control>
	<control type="button" id="105"><!-- Maps -->
	<label>31844</label>
	<include>SettingsButton</include>
	<onfocus>SetProperty(Weather.CurrentView,$LOCALIZE[31844] - $LOCALIZE[31846])</onfocus>
	<onfocus>SetProperty(Weather.CurrentViewMenu,$LOCALIZE[31844])</onfocus>
	<onfocus>Skin.Reset(TWC.ZoomWeatherMap)</onfocus>
	</control>
	<control type="button" id="106"><!-- Alerts -->
	<label>31054</label>
	<include>SettingsButton</include>
	<onfocus>SetProperty(Weather.CurrentView,$LOCALIZE[31054] - $LOCALIZE[31849])</onfocus>
	<onfocus>SetProperty(Weather.CurrentViewMenu,$LOCALIZE[31054])</onfocus>
	<onfocus>Skin.Reset(TWC.ZoomWeatherMap)</onfocus>
	<visible>!IsEmpty(Window.Property(Alerts))</visible>
	</control>
	<control type="button" id="107"><!-- Video -->
	<label>31845</label>
	<include>SettingsButton</include>
	<onfocus>SetProperty(Weather.CurrentView,$LOCALIZE[31845] - $LOCALIZE[31850])</onfocus>
	<onfocus>SetProperty(Weather.CurrentViewMenu,$LOCALIZE[31845])</onfocus>
	<onfocus condition="!Player.HasVideo">PlayMedia($INFO[Window.Property(Video)],1,noresume)</onfocus>
	<visible>!IsEmpty(Window.Property(Video))</visible>
	</control>
	</control>
	<control type="image">
	<posx>0</posx>
	<posy>0</posy>
	<width>250</width>
	<height>720</height>
	<texture>menu_glass.png</texture>
	<colordiffuse>70FFFAF0</colordiffuse>
	</control>
	<include>TouchScreen</include>
	<include>TopMenu_Weather</include>
	<include>BGBlack</include>
	</control>
	</controls>
	</window>