	<!-- Ace -->

	<window type="dialog" id="114">
	<defaultcontrol always="true">100</defaultcontrol>
	<animation type="WindowOpen" reversible="false" condition="true">
	<effect type="zoom" start="80" end="100" center="640,360" easing="out" tween="back" time="200" />
	<effect type="fade" start="0" end="100" time="300" />
	</animation>
	<visible>Player.HasMedia + Window.IsActive(PlayerControls) + ![Window.IsActive(FullscreenVideo) | Window.IsActive(Visualisation)]</visible>
	<coordinates>
	<system>1</system>
	<posx>340</posx>
	<posy>240</posy>
	</coordinates>
	<controls>
	<control type="image">
	<posx>45</posx>
	<posy>180</posy>
	<width>500</width>
	<height>50</height>
	<texture>furniture_player_control.png</texture>
	<colordiffuse>$VAR[value_texturecolors]</colordiffuse>
	</control>
	<control type="image">
	<description>background 2</description>
	<posx>46</posx>
	<posy>181</posy>
	<width>498</width>
	<height>48</height>
	<bordersize>3</bordersize>
	<texture>furniture_player_info2.png</texture>
	<animation effect="fade" end="90" condition="true">Conditional</animation>
	</control>
	<control type="list" id="100">
	<posx>70</posx>
	<posy>160</posy>
	<height>200</height>
	<width>990</width>
	<ondown>300</ondown>
	<onup>300</onup>
	<onleft>600</onleft>
	<onright>600</onright>
	<viewtype>list</viewtype>
	<orientation>horizontal</orientation>
	<scrolltime>200</scrolltime>
	<preloaditems>2</preloaditems>
	<focusposition>2</focusposition>
	<visible>Player.HasVideo | Player.HasAudio</visible>
	<itemlayout width="51" height="30">
	<control type="image">
	<posy>22</posy>
	<width>46</width>
	<height>46</height>
	<texture>$INFO[ListItem.Icon]</texture>
	<colordiffuse>30FFFFFF</colordiffuse>
	</control>
	</itemlayout>
	<focusedlayout width="51" height="30">
	<control type="image">
	<posy>22</posy>
	<width>46</width>
	<height>46</height>
	<texture>$INFO[ListItem.Icon]</texture>
	<colordiffuse>$VAR[value_texturecolors]</colordiffuse>
	</control>
	</focusedlayout>
	<content>
	<item id="1"><!-- skipbwd -->
	<label>-</label>
	<icon>osd_menu_skipbwd.png</icon>
	<onclick>PlayerControl(Previous)</onclick>
	</item>
	<item id="2"><!-- rew -->
	<label>-</label>
	<icon>osd_menu_rew.png</icon>
	<onclick>PlayerControl(Rewind)</onclick>
	</item>
	<item id="3"><!-- pause -->
	<label>-</label>
	<icon>osd_menu_pause.png</icon>
	<onclick>PlayerControl(Play)</onclick>
	<visible>!Player.Paused</visible>
	</item>
	<item id="4"><!-- play -->
	<label>-</label>
	<icon>osd_menu_play.png</icon>
	<onclick>PlayerControl(Play)</onclick>
	<visible>Player.Paused</visible>
	</item>
	<item id="5"><!-- stop -->
	<label>-</label>
	<icon>osd_menu_stop.png</icon>
	<onclick>PlayerControl(Stop)</onclick>
	</item>
	<item id="6"><!-- ff -->
	<label>-</label>
	<icon>osd_menu_ff.png</icon>
	<onclick>PlayerControl(Forward)</onclick>
	</item>
	<item id="7"><!-- skipfwd -->
	<label>-</label>
	<icon>osd_menu_skipfwd.png</icon>
	<onclick>PlayerControl(Next)</onclick>
	</item>
	<item id="8"><!-- rec -->
	<label>-</label>
	<icon>osd_menu_rec.png</icon>
	<onclick>PlayerControl(record)</onclick>
	</item>
	<item id="9"><!-- repeat -->
	<label>-</label>
	<icon>$VAR[value_button_repeat]</icon>
	<onclick>PlayerControl(Repeat)</onclick>
	</item>
	<item id="10"><!-- random -->
	<label>-</label>
	<icon>$VAR[value_button_random]</icon>
	<onclick>PlayerControl(Random)</onclick>
	</item>
	</content>
	</control>

	<!-- player audio -->
	<control type="group">
	<posx>45</posx>
	<posy>12</posy>
	<visible>Player.HasAudio</visible>
	<control type="image">
	<description>background</description>
	<posx>0</posx>
	<posy>0</posy>
	<width>500</width>
	<height>165</height>
	<colordiffuse>$VAR[value_texturecolors]</colordiffuse>
	<texture>furniture_player_info.png</texture>
	</control>
	<control type="image">
	<description>background 2</description>
	<posx>1</posx>
	<posy>1</posy>
	<width>498</width>
	<height>163</height>
	<bordersize>3</bordersize>
	<texture>furniture_player_info2.png</texture>
	<animation effect="fade" end="90" condition="true">Conditional</animation>
	</control>
	<control type="image">
	<description>Line title</description>
	<posx>160</posx>
	<posy>43</posy>
	<width>330</width>
	<height>2</height>
	<texture>common_fadeline.png</texture>
	</control>
	<control type="image">
	<description>Cd overlay</description>
	<animation type="WindowOpen" reversible="false" condition="true">
	<effect type="slide" start="0" end="49" time="700" tween="cubic" easing="in" delay="1000"/>
	<effect type="fade" start="0" end="100" time="900" delay="1000"/>
	</animation>
	<animation type="WindowClose" condition="true">
	<effect type="slide" start="49" end="0" time="700" tween="cubic" easing="in" delay="0"/>
	<effect type="fade" start="100" end="0" time="900"/>
	</animation>
	<animation effect="rotate" end="-360" center="auto" time="4000" loop="true" reversible="false" condition="!Player.Paused">Conditional</animation>
	<posx>10</posx>
	<posy>17</posy>
	<width>130</width>
	<height>130</height>
	<aligny>top</aligny>
	<texture fallback="cdart.png" background="true">$INFO[Player.FolderPath]cdart.png</texture>
	<aspectratio align="bottom">keep</aspectratio>
	</control>
	<control type="image">
	<description>Cover image</description>
	<posx>10</posx>
	<posy>17</posy>
	<width>130</width>
	<height>130</height>
	<texture  diffuse="thumb_cdcover_mask_cdart.png" fallback="DefaultAudio.png" background="true">$INFO[MusicPlayer.Cover]</texture>
	<aspectratio>stretch</aspectratio>
	</control>
	<control type="label">
	<description>Artist label</description>
	<posx>180</posx>
	<posy>15</posy>
	<height>30</height>
	<width>305</width>
	<label>[B]$INFO[MusicPlayer.Artist][/B]</label>
	<align>left</align>
	<aligny>center</aligny>
	<font>Font_OSDOptions</font>
	<textcolor>FFF8F8FF</textcolor>
	</control>
	<control type="fadelabel">
	<description>Title label</description>
	<posx>195</posx>
	<posy>43</posy>
	<height>30</height>
	<width>290</width>
	<label>$INFO[MusicPlayer.Title]</label>
	<align>left</align>
	<aligny>center</aligny>
	<font>Font_OSDOptions</font>
	<textcolor>FF929191</textcolor>
	<scrollout>false</scrollout>
	<pauseatend>2000</pauseatend>
	</control>
	<control type="label">
	<description>Album Label</description>
	<posx>195</posx>
	<posy>66</posy>
	<height>30</height>
	<width>290</width>
	<label>$INFO[MusicPlayer.Album]$INFO[musicplayer.discnumber, - $LOCALIZE[427]:]</label>
	<align>left</align>
	<aligny>center</aligny>
	<font>Font_OSDOptions</font>
	<textcolor>FF929191</textcolor>
	</control>
	<control type="label">
	<description>Time Label</description>
	<posx>195</posx>
	<posy>89</posy>
	<height>30</height>
	<width>290</width>
	<label>$INFO[MusicPlayer.Time]$INFO[MusicPlayer.Duration, / ]</label>
	<align>left</align>
	<aligny>center</aligny>
	<font>Font_OSDOptions</font>
	<textcolor>FF929191</textcolor>
	</control>
	<control type="label">
	<description>Next Label</description>
	<posx>180</posx>
	<posy>120</posy>
	<height>30</height>
	<width>305</width>
	<label>[COLOR=FFF8F8FF]$LOCALIZE[209] :[/COLOR] $INFO[MusicPlayer.offset(1).Title]</label>
	<align>left</align>
	<aligny>center</aligny>
	<font>Font_OSDOptions</font>
	<textcolor>FF929191</textcolor>
	</control>
	</control>

	<!-- player video -->
	<control type="group">
	<posx>45</posx>
	<posy>12</posy>
	<visible>Player.HasVideo</visible>
	<control type="image">
	<description>background</description>
	<posx>0</posx>
	<posy>0</posy>
	<width>500</width>
	<height>165</height>
	<texture>osd_furniture_player_info.png</texture>
	</control>
	<control type="image">
	<description>background</description>
	<posx>0</posx>
	<posy>0</posy>
	<width>500</width>
	<height>165</height>
	<colordiffuse>$VAR[value_texturecolors]</colordiffuse>
	<texture>osd_furniture_player_info.png</texture>
	</control>
	<control type="image">
	<description>background 2</description>
	<posx>1</posx>
	<posy>1</posy>
	<width>498</width>
	<height>163</height>
	<bordersize>3</bordersize>
	<texture>osd_furniture_player_info2.png</texture>
	<animation effect="fade" end="90" condition="true">Conditional</animation>
	</control>
	<control type="image">
	<description>Line title</description>
	<posx>120</posx>
	<posy>43</posy>
	<width>360</width>
	<height>2</height>
	<texture>common_fadeline.png</texture>
	</control>
	<control type="image">
	<description>Cover image</description>
	<posx>5</posx>
	<posy>12</posy>
	<width>140</width>
	<height>140</height>
	<aspectratio>keep</aspectratio>
	<texture diffuse="thumb_poster_mask.png" background="true">$INFO[VideoPlayer.cover]</texture>
	</control>
	<control type="image">
	<description>Glass image</description>
	<posx>5</posx>
	<posy>12</posy>
	<width>140</width>
	<height>140</height>
	<aspectratio scalediffuse="false">keep</aspectratio>
	<texture>thumb_poster_glass_noedge.png</texture>
	</control>
	<control type="fadelabel">
	<description>Studio label</description>
	<posx>135</posx>
	<posy>43</posy>
	<height>30</height>
	<width>345</width>
	<label>$INFO[VideoPlayer.Studio]</label>
	<align>left</align>
	<aligny>center</aligny>
	<font>Font_OSDOptions</font>
	<textcolor>FF929191</textcolor>
	<scrollout>false</scrollout>
	<pauseatend>2000</pauseatend>
	<visible>!videoplayer.content(episodes) + !videoplayer.content(musicvideos)</visible>
	</control>
	<control type="fadelabel">
	<description>TV Show Title label</description>
	<posx>135</posx>
	<posy>15</posy>
	<height>30</height>
	<width>345</width>
	<label>$INFO[VideoPlayer.tvshowtitle]</label>
	<align>left</align>
	<aligny>center</aligny>
	<font>Font_OSDOptions</font>
	<textcolor>FFF8F8FF</textcolor>
	<scrollout>false</scrollout>
	<pauseatend>2000</pauseatend>
	<visible>videoplayer.content(episodes)</visible>
	</control>
	<control type="fadelabel">
	<description>Music Video Artist label</description>
	<posx>135</posx>
	<posy>15</posy>
	<height>30</height>
	<width>345</width>
	<label>$INFO[VideoPlayer.Artist]</label>
	<align>left</align>
	<aligny>center</aligny>
	<font>Font_OSDOptions</font>
	<textcolor>FF929191</textcolor>
	<scrollout>false</scrollout>
	<pauseatend>2000</pauseatend>
	<visible>videoplayer.content(musicvideos)</visible>
	</control>
	<control type="fadelabel">
	<description>Title label</description>
	<posx>135</posx>
	<posy>15</posy>
	<height>30</height>
	<width>345</width>
	<label>[B]$INFO[VideoPlayer.Title][/B]</label>
	<align>left</align>
	<aligny>center</aligny>
	<font>Font_OSDOptions</font>
	<textcolor>FFF8F8FF</textcolor>
	<scrollout>false</scrollout>
	<pauseatend>2000</pauseatend>
	</control>
	<control type="fadelabel">
	<description>Genre label</description>
	<posx>135</posx>
	<posy>70</posy>
	<height>30</height>
	<width>345</width>
	<label>$INFO[VideoPlayer.Genre]</label>
	<align>left</align>
	<aligny>center</aligny>
	<font>Font_OSDOptions</font>
	<textcolor>FF929191</textcolor>
	<scrollout>false</scrollout>
	<pauseatend>2000</pauseatend>
	<visible>!videoplayer.content(episodes) + !videoplayer.content(musicvideos)</visible>
	</control>
	<control type="fadelabel">
	<posx>135</posx>
	<posy>70</posy>
	<height>30</height>
	<width>345</width>
	<label>$INFO[VideoPlayer.Album]</label>
	<align>left</align>
	<aligny>center</aligny>
	<font>Font_OSDOptions</font>
	<textcolor>FF929191</textcolor>
	<scrollout>false</scrollout>
	<pauseatend>2000</pauseatend>
	<visible>videoplayer.content(musicvideos)</visible>
	</control>
	<control type="fadelabel">
	<description>Season and Episode label</description>
	<posx>135</posx>
	<posy>70</posy>
	<height>30</height>
	<width>345</width>
	<label>$LOCALIZE[20373] $INFO[VideoPlayer.Season] - $LOCALIZE[20359] $INFO[VideoPlayer.episode]</label>
	<align>left</align>
	<aligny>center</aligny>
	<font>Font_OSDOptions</font>
	<textcolor>FF929191</textcolor>
	<scrollout>false</scrollout>
	<pauseatend>2000</pauseatend>
	<visible>videoplayer.content(episodes)</visible>
	</control>
	<control type="label">
	<description>Time Label</description>
	<posx>135</posx>
	<posy>95</posy>
	<height>30</height>
	<width>345</width>
	<label>$INFO[VideoPlayer.Time]$INFO[VideoPlayer.Duration, / ]</label>
	<align>left</align>
	<aligny>center</aligny>
	<font>Font_OSDOptions</font>
	<textcolor>FF929191</textcolor>
	</control>
	</control>
	</controls>
	</window>