	<!-- Ace -->

	<window typ="dialog" id="130">
	<defaultcontrol>1</defaultcontrol>
	<coordinates>
	<system>1</system>
	<posx>0</posx>
	<posy>0</posy>
	</coordinates>
	<include>Animation_DialogPopup</include>
	<controls>
	<control type="group">
	<posx>217</posx>
	<posy>190</posy>
	<width>847</width>
	<height>328</height>
	<visible>Window.IsActive(ProfileSettings)</visible>
	<control type="image">
	<posx>0</posx>
	<posy>0</posy>
	<width>847</width>
	<height>1</height>
	<texture>grey.png</texture>
	</control>
	<control type="image">
	<posx>0</posx>
	<posy>327</posy>
	<width>847</width>
	<height>1</height>
	<texture>grey.png</texture>
	</control>
	<control type="image">
	<posx>-30</posx>
	<posy>0</posy>
	<width>30</width>
	<height>328</height>
	<texture flipx="true">shadow.png</texture>
	<colordiffuse>C3FFFFFF</colordiffuse>
	</control>
	<control type="image">
	<posx>0</posx>
	<posy>0</posy>
	<width>847</width>
	<height>328</height>
	<texture>darkgrey.png</texture>
	<colordiffuse>F0FFFFFF</colordiffuse>
	</control>
	<control type="image">
	<posx>0</posx>
	<posy>39</posy>
	<width>682</width>
	<height>1</height>
	<texture>black.png</texture>
	</control>
	<control type="image">
	<posx>0</posx>
	<posy>0</posy>
	<width>682</width>
	<height>40</height>
	<texture>black.png</texture>
	<colordiffuse>90FFFFFF</colordiffuse>
	</control>
	<control type="label"><!-- header -->
	<posx>10</posx>
	<posy>6</posy>
	<width>673</width>
	<height>28</height>
	<align>center</align>
	<aligny>center</aligny>
	<textcolor>$VAR[value_headercolor]</textcolor>
	<font>Font_18</font>
	<label>$INFO[Window.Property(heading)]</label>
	</control>
	<control type="group">
	<posx>0</posx>
	<posy>40</posy>
	<width>847</width>
	<height>288</height>
	<visible>![Window.IsActive(virtualkeyboard) | Window.IsActive(126) | Window.IsActive(LockSettings)]</visible>
	<control type="image" id="2">
	<description>Profile Image</description>
	<posx>414</posx>
	<posy>10</posy>
	<width>267</width>
	<height>267</height>
	<align>left</align>
	<texture>DefaultUser.png</texture>
	<colordiffuse>d0FFFFFF</colordiffuse>
	</control>
	<control type="label" id="0">
	<description>Profile Name</description>
	<posx>30</posx>
	<posy>150</posy>
	<width>280</width>
	<align>left</align>
	<textcolor>ab749a9a</textcolor>
	<label>$LOCALIZE[ 20093 ]</label>
	<visible>!Control.IsVisible(34)</visible>
	</control>
	<control type="label" id="1000">
	<description>Profile Name</description>
	<posx>30</posx>
	<posy>175</posy>
	<width>280</width>
	<align>left</align>
	<textcolor>FFFFFFFF</textcolor>
	<visible>!Control.IsVisible(34)</visible>
	</control>
	<control type="label" id="0">
	<description>Profile Name</description>
	<posx>30</posx>
	<posy>200</posy>
	<width>280</width>
	<align>left</align>
	<textcolor>ab749a9a</textcolor>
	<label>$LOCALIZE[ 20070 ]</label>
	<visible>!Control.IsVisible(34)</visible>
	</control>
	<control type="label" id="1001">
	<description>Profile Directory</description>
	<posx>30</posx>
	<posy>225</posy>
	<width>280</width>
	<align>left</align>
	<textcolor>FFFFFFFF</textcolor>
	<visible>!Control.IsVisible(34)</visible>
	</control>
	<control type="spincontrol" id="60">
	<description>Next page button</description>
	<posx>300</posx>
	<posy>300</posy>
	<subtype>int</subtype>
	<font>font12</font>
	<onleft>60</onleft>
	<onright>60</onright>
	<ondown>2</ondown>
	</control>
	<control type="grouplist" id="5">
	<description>control area</description>
	<posx>0</posx>
	<posy>20</posy>
	<width>414</width>
	<height>246</height>
	<itemgap>0</itemgap>
	<onup>2</onup>
	<ondown>2</ondown>
	<onleft>28</onleft>
	<onright>28</onright>
	</control>
	<control type="button" id="7">
	<description>Default Button</description>
	<width>414</width>
	<height>40</height>
	<font>Font_SettingsOptions</font>
	<texturefocus>grey.png</texturefocus>
	<texturenofocus>-</texturenofocus>
	<textcolor>FFbbbbbb</textcolor>
	<focusedcolor>FF101010</focusedcolor>
	<pulseonselect>false</pulseonselect>
	<textoffsetx>20</textoffsetx>
	<aligny>center</aligny>
	</control>
	<control type="radiobutton" id="8">
	<width>414</width>
	<height>40</height>
	<font>Font_SettingsOptions</font>
	<texturefocus>grey.png</texturefocus>
	<texturenofocus>-</texturenofocus>
	<textcolor>FFbbbbbb</textcolor>
	<focusedcolor>FF101010</focusedcolor>
	<pulseonselect>false</pulseonselect>
	<radiowidth>94</radiowidth>
	<radioposx>595</radioposx>
	<radioheight>65</radioheight>
	<textoffsetx>20</textoffsetx>
	<aligny>center</aligny>
	</control>
	<control type="spincontrolex" id="9">
	<description>directory content select spincontrol</description>
	<width>414</width>
	<height>40</height>
	<font>Font_SettingsOptions</font>
	<texturefocus>grey.png</texturefocus>
	<texturenofocus>-</texturenofocus>
	<textcolor>FFbbbbbb</textcolor>
	<focusedcolor>FF101010</focusedcolor>
	<pulseonselect>false</pulseonselect>
	<spinposx>-4</spinposx>
	<spinwidth>40</spinwidth>
	<spinheight>65</spinheight>
	<textoffsetx>20</textoffsetx>
	<aligny>center</aligny>
	<reverse>yes</reverse>
	</control>
	<control type="sliderex" id="10">
	<description>Default Slider</description>
	<posx>1000</posx>
	<posy>150</posy>
	<height>31</height>
	<width>300</width>
	<texturefocus>grey.png</texturefocus>
	<texturenofocus>settings_button_nofocus.png</texturenofocus>
	<sliderwidth>100</sliderwidth>
	<sliderheight>20</sliderheight>
	<textoffsetx>12</textoffsetx>
	</control>
	<control type="image" id="11">
	<description>separator image</description>
	<width>350</width>
	<height>5</height>
	<texture>-</texture>
	</control>
	</control>
	<control type="image"><!-- Options -->
	<posx>653</posx>
	<posy>0</posy>
	<width>30</width>
	<height>328</height>
	<texture flipx="true">shadow.png</texture>
	<colordiffuse>C3FFFFFF</colordiffuse>
	</control>
	<control type="image">
	<posx>846</posx>
	<posy>0</posy>
	<width>30</width>
	<height>328</height>
	<texture>shadow.png</texture>
	<colordiffuse>C3FFFFFF</colordiffuse>
	</control>
	<control type="image">
	<posx>683</posx>
	<posy>0</posy>
	<width>163</width>
	<height>328</height>
	<texture>grey.png</texture>
	<colordiffuse>90FFFFFF</colordiffuse>
	</control>
	<control type="grouplist" id="9001">
	<posx>683</posx>
	<posy>42</posy>
	<control type="button" id="28"><!-- OK -->
	<include>SettingsDialogButton</include>
	<label>186</label>
	<onleft>SetFocus(5)</onleft>
	<onright>SetFocus(5)</onright>
	</control>
	<control type="button" id="29"><!-- Cancel -->
	<include>SettingsDialogButton</include>
	<label>222</label>
	<onleft>SetFocus(5)</onleft>
	<onright>SetFocus(5)</onright>
	</control>
	</control>
	</control>
	</controls>
	</window>