	<!-- Ace -->

	<window id="137">
	<defaultcontrol always="true">15</defaultcontrol>
	<coordinates>
	<system>1</system>
	<posx>0</posx>
	<posy>0</posy>
	</coordinates>
	<include>Animation_DialogPopup</include>
	<controls>
	<control type="image">
	<posx>187</posx>
	<posy>196</posy>
	<width>30</width>
	<height>316</height>
	<texture flipx="true">shadow.png</texture>
	<colordiffuse>C3FFFFFF</colordiffuse>
	</control>
	<control type="group">
	<posx>216</posx>
	<posy>196</posy>
	<width>847</width>
	<height>328</height>
	<control type="image"><!-- Fundo -->
	<posx>0</posx>
	<posy>0</posy>
	<width>861</width>
	<height>316</height>
	<texture>darkgrey.png</texture>
	<colordiffuse>F0FFFFFF</colordiffuse>
	</control>
	<control type="image"><!-- Fundo do titulo -->
	<posx>0</posx>
	<posy>0</posy>
	<width>861</width>
	<height>50</height>
	<texture>black.png</texture>
	<colordiffuse>90FFFFFF</colordiffuse>
	</control>
	<control type="label"><!-- Titulo -->
	<posx>20</posx>
	<posy>10</posy>
	<width>692</width>
	<align>center</align>
	<label>21421</label>
	<font>Font_23</font>
	<textcolor>80FFFAF0</textcolor>
	</control>
	<control type="label" id="0"><!-- Rule match label -->
	<posx>25</posx>
	<posy>75</posy>
	<width>480</width>
	<label>21422</label>
	<font>Font_18</font>
	<textcolor>$VAR[value_headercolor]</textcolor>
	</control>
	<control type="group" id="9001">
	<control type="spincontrolex" id="15"><!-- Rule Field -->
	<posx>0</posx>
	<posy>110</posy>
	<width>340</width>
	<height>41</height>
	<font>Font_18</font>
	<textcolor>FFbbbbbb</textcolor>
	<focusedcolor>FF101010</focusedcolor>
	<disabledcolor>60ffffff</disabledcolor>
	<texturefocus>settings_button_focus.png</texturefocus>
	<spinposx>-4</spinposx>
	<textoffsetx>20</textoffsetx>
	<aligny>center</aligny>
	<reverse>yes</reverse>
	<onright>16</onright>
	<onleft>16</onleft>
	<onup>9000</onup>
	<ondown>17</ondown>
	</control>
	<control type="spincontrolex" id="16"><!-- Rule operator -->
	<posx>363</posx>
	<posy>110</posy>
	<width>336</width>
	<height>41</height>
	<font>Font_18</font>
	<textcolor>FFbbbbbb</textcolor>
	<focusedcolor>FF101010</focusedcolor>
	<disabledcolor>60ffffff</disabledcolor>
	<texturefocus>settings_button_focus.png</texturefocus>
	<spinposx>-4</spinposx>
	<textoffsetx>20</textoffsetx>
	<aligny>center</aligny>
	<reverse>yes</reverse>
	<onright>9000</onright>
	<onleft>15</onleft>
	<onup>9000</onup>
	<ondown>17</ondown>
	</control>
	</control>
	<control type="button" id="17"><!-- Value Button -->
	<textoffsetx>12</textoffsetx>
	<posx>0</posx>
	<posy>202</posy>
	<width>699</width>
	<height>44</height>
	<font>Font_20</font>
	<align>center</align>
	<aligny>center</aligny>
	<texturefocus>settings_button_focus.png</texturefocus>
	<texturenofocus>darkgrey.png</texturenofocus>
	<label>-</label>
	<onup>9001</onup>
	<onleft>17</onleft>
	<onright>18</onright>
	<ondown>17</ondown>
	</control>
	<control type="image"><!-- Options -->
	<posx>671</posx>
	<posy>0</posy>
	<width>30</width>
	<height>316</height>
	<texture flipx="true">shadow.png</texture>
	<colordiffuse>C3FFFFFF</colordiffuse>
	</control>
	<control type="image">
	<posx>863</posx>
	<posy>0</posy>
	<width>30</width>
	<height>316</height>
	<texture>shadow.png</texture>
	<colordiffuse>C3FFFFFF</colordiffuse>
	</control>
	<control type="image">
	<posx>700</posx>
	<posy>0</posy>
	<width>163</width>
	<height>316</height>
	<texture>grey.png</texture>
	<colordiffuse>90FFFFFF</colordiffuse>
	</control>
	<control type="grouplist" id="9000">
	<posx>700</posx>
	<posy>110</posy>
	<control type="button" id="20"><!-- Browse -->
	<include>SettingsDialogButton</include>
	<label>1024</label>
	<onleft>9001</onleft>
	</control>
	<control type="button" id="19"><!-- Cancel -->
	<include>SettingsDialogButton</include>
	<label>222</label>
	<onleft>9001</onleft>
	</control>
	<control type="button" id="18"><!-- OK -->
	<include>SettingsDialogButton</include>
	<label>186</label>
	<onleft>9001</onleft>
	</control>
	</control>
	<control type="image">
	<posx>692</posx>
	<posy>0</posy>
	<width>171</width>
	<height>316</height>
	<texture flipx="true">menu_glass.png</texture>
	<colordiffuse>70FFFAF0</colordiffuse>
	</control>
	</control>
	</controls>
	</window>