	<!-- Ace -->

	<window id="2901">
	<defaultcontrol always="true">100</defaultcontrol>
	<onunload>Skin.Reset(customosd)</onunload>
	<controls>
	<control type="group"><!-- Barra de info do modo custom -->
	<posy>0</posy>
	<include>Animation_TopPopup</include>
	<visible>Skin.HasSetting(customosd)</visible>
	<include>Dialogs_Bar</include>
	<control type="image"><!-- ativado azul -->
	<posx>50</posx>
	<posy>5</posy>
	<width>40</width>
	<height>19</height>
	<texture>grey.png</texture>
	<colordiffuse>FF007399</colordiffuse>
	</control>
	<control type="label">
	<posx>100</posx>
	<posy>4</posy>
	<width>250</width>
	<align>left</align>
	<font>Font_16</font>
	<textcolor>FFFFFAF0</textcolor>
	<label>31426</label>
	<scroll>true</scroll>
	<scrollout>false</scrollout>
	</control>
	<control type="image"><!-- desativado vermelho -->
	<posx>250</posx>
	<posy>5</posy>
	<width>40</width>
	<height>19</height>
	<texture>grey.png</texture>
	<colordiffuse>FFB20000</colordiffuse>
	</control>
	<control type="label">
	<posx>300</posx>
	<posy>4</posy>
	<width>250</width>
	<align>left</align>
	<font>Font_16</font>
	<textcolor>FFFFFAF0</textcolor>
	<label>31427</label>
	<scroll>true</scroll>
	<scrollout>false</scrollout>
	</control>
	</control>
	<control type="group">
	<animation effect="slide" time="400" start="0,-250" end="0,0" easing="out" tween="cubic">WindowOpen</animation>
	<animation effect="slide" time="400" start="0,-250" end="0,0" easing="out" tween="cubic">Visible</animation>
	<animation effect="slide" time="400" start="0,0" end="0,-250" easing="in" tween="cubic">WindowClose</animation>
	<animation effect="slide" time="400" start="0,0" end="0,-250" easing="in" tween="cubic">Hidden</animation>
	<visible>![Window.IsVisible(123) | Window.IsVisible(124) | Window.IsActive(142) | Skin.HasSetting(novideofurnituretemp) | Skin.HasSetting(customosd)]</visible>
	<control type="image">
	<posx>0</posx>
	<posy>0</posy>
	<height>150</height>
	<width>1280</width>
	<texture flipy="true">shadow_mask.png</texture>
	<colordiffuse>75000000</colordiffuse>
	</control>
	<control type="label"><!-- Title -->
	<posx>30</posx>
	<posy>8</posy>
	<width>1100</width>
	<height>40</height>
	<font>Font_40</font>
	<label>$VAR[value_videoosdtitle]</label>
	<textcolor>FFFFFAF0</textcolor>
	<scroll>true</scroll>
	<scrollout>false</scrollout>
	</control>
	<control type="label">
	<posx>30</posx>
	<posy>55</posy>
	<width>1100</width>
	<height>25</height>
	<font>Font_19</font>
	<label>$VAR[value_videoosdtag]</label>
	<textcolor>90FFFFFF</textcolor>
	<scroll>true</scroll>
	<scrollout>false</scrollout>
	</control>
	</control>

	<control type="group">
	<posy>520</posy>
	<animation effect="slide" time="400" start="0,200" end="0,0" easing="out" tween="cubic">WindowOpen</animation>
	<animation effect="slide" time="400" start="0,200" end="0,0" easing="out" tween="cubic">Visible</animation>
	<animation effect="slide" time="400" start="0,0" end="0,200" easing="in" tween="cubic">WindowClose</animation>
	<animation effect="slide" time="400" start="0,0" end="0,200" easing="in" tween="cubic">Hidden</animation>
	<visible>![Window.IsVisible(123) | Window.IsVisible(124) | Window.IsVisible(145) | Skin.HasSetting(novideofurnituretemp)]</visible>
	<!-- Seek Widget -->
	<control type="group">
	<posx>-500</posx>
	<posy>38</posy>
	<width>499</width>
	<height>28</height>
	<animation effect="slide" end="200,0" time="200" condition="Player.Forwarding2x">Conditional</animation>
	<animation effect="slide" end="275,0" time="200" condition="Player.Forwarding4x">Conditional</animation>
	<animation effect="slide" end="350,0" time="200" condition="Player.Forwarding8x">Conditional</animation>
	<animation effect="slide" end="425,0" time="200" condition="Player.Forwarding16x">Conditional</animation>
	<animation effect="slide" end="499,0" time="200" condition="Player.Forwarding32x">Conditional</animation>
	<control type="image">
	<posx>0</posx>
	<posy>0</posy>
	<width>499</width>
	<height>28</height>
	<texture flipy="true">osd_button_reverse.png</texture>
	</control>
	<control type="label">
	<include>Objects_OSDSeekForward</include>
	<label>$VAR[value_seekforward]</label>
	</control>
	</control>
	<control type="group">
	<posx>1280</posx>
	<posy>38</posy>
	<width>499</width>
	<height>28</height>
	<animation effect="slide" end="-200,0" time="200" condition="Player.Rewinding2x">Conditional</animation>
	<animation effect="slide" end="-275,0" time="200" condition="Player.Rewinding4x">Conditional</animation>
	<animation effect="slide" end="-350,0" time="200" condition="Player.Rewinding8x">Conditional</animation>
	<animation effect="slide" end="-425,0" time="200" condition="Player.Rewinding16x">Conditional</animation>
	<animation effect="slide" end="-499,0" time="200" condition="Player.Rewinding32x">Conditional</animation>
	<control type="image">
	<posx>0</posx>
	<posy>0</posy>
	<width>499</width>
	<height>28</height>
	<texture flipy="true" flipx="true">osd_button_reverse.png</texture>
	</control>
	<control type="label">
	<include>Objects_OSDSeekReverse</include>
	<label>$VAR[value_seekreverse]</label>
	</control>
	</control>
	<control type="image"><!-- Barra de fundo -->
	<posx>0</posx>
	<posy>36</posy>
	<width>1280</width>
	<height>30</height>
	<texture>shadow_h.png</texture>
	<colordiffuse>C3FFFFFF</colordiffuse>
	</control>
	<control type="image">
	<posx>0</posx>
	<posy>65</posy>
	<height>135</height>
	<width>1280</width>
	<texture>darkgrey.png</texture>
	<colordiffuse>$VAR[value_texturecolor]</colordiffuse>
	<include>Animation_HomeGlass2</include>
	</control>

	<!-- Menu Content -->
	<include condition="!Skin.HasSetting(videoosdfixedlist)">VideoOSDWrapList</include>
	<include condition="Skin.HasSetting(videoosdfixedlist)">VideoOSDFixedList</include>

	<control type="progress">
	<posx>30</posx>
	<posy>73</posy>
	<width>1220</width>
	<height>25</height>
	<info>Player.Progress</info>
	</control>
	<control type="slider" id="888">
	<posx>39</posx>
	<posy>75</posy>
	<width>1202</width>
	<height>21</height>
	<onup>Close</onup>
	<ondown>100</ondown>
	<action>seek</action>
	<texturesliderbar>sliderback_large.png</texturesliderbar>
	<textureslidernib>-</textureslidernib>
	<textureslidernibfocus>progress_mid.png</textureslidernibfocus>
	<animation effect="fade" time="200">VisibleChange</animation>
	</control>
	<control type="label">
	<posx>90</posx>
	<posy>75</posy>
	<width>1100</width>
	<height>30</height>
	<align>center</align>
	<font>Font_15</font>
	<textcolor>FFFFFAF0</textcolor>
	<shadowcolor>grey</shadowcolor>
	<label>$VAR[value_osd_timeduration]</label>
	</control>
	<control type="label"><!-- icons label -->
	<posx>320</posx>
	<posy>172</posy>
	<width>640</width>
	<height>25</height>
	<align>center</align>
	<font>Font_18</font>
	<label>$VAR[value_osdvideo_title]</label>
	<textcolor>FFFFFAF0</textcolor>
	</control>
	<control type="group">
	<include>Animation_Fade</include>
	<visible>!Skin.HasSetting(customosd)</visible>
	<control type="label"><!-- hora atual -->
	<posx>30</posx>
	<posy>130</posy>
	<width>300</width>
	<height>25</height>
	<font>Font_16</font>
	<textcolor>90FFFFFF</textcolor>
	<label>31310</label>
	</control>
	<control type="label">
	<posx>30</posx>
	<posy>155</posy>
	<width>300</width>
	<height>25</height>
	<font>Font_32</font>
	<textcolor>FFFFFAF0</textcolor>
	<label>$INFO[System.Time]</label>
	</control>
	<control type="label">
	<posx>1250</posx>
	<posy>130</posy>
	<width>300</width>
	<height>25</height>
	<align>right</align>
	<font>Font_16</font>
	<textcolor>90FFFFFF</textcolor>
	<label>31311</label>
	<visible>!VideoPlayer.Content(LiveTV)</visible>
	</control>
	<control type="label">
	<posx>1250</posx>
	<posy>155</posy>
	<width>300</width>
	<height>25</height>
	<align>right</align>
	<font>Font_32</font>
	<textcolor>FFFFFAF0</textcolor>
	<label>$INFO[Player.FinishTime]</label>
	<visible>!VideoPlayer.Content(LiveTV)</visible>
	</control>
	</control>
	<control type="image">
	<posx>0</posx>
	<posy>115</posy>
	<height>90</height>
	<width>1280</width>
	<texture>gradient_small.png</texture>
	</control>
	<control type="image">
	<posx>0</posx>
	<posy>65</posy>
	<height>130</height>
	<width>1280</width>
	<colordiffuse>99FFFFFF</colordiffuse>
	<texture>osd_glass.png</texture>
	</control>
	</control>
	<include>BGBlack</include>
	</controls>
	</window>