	<!-- Ace -->

	<window id="2005">
	<controls>

	<!-- Codec Info -->
	<control type="group">
	<posx>0</posx>
	<posy>0</posy>
	<width>1280</width>
	<height>125</height>
	<animation effect="slide" time="400" start="0,-125" end="0,0" easing="out" tween="cubic">WindowOpen</animation>
	<animation effect="slide" time="400" start="0,-125" end="0,0" easing="out" tween="cubic">Visible</animation>
	<animation effect="slide" time="400" start="0,0" end="0,-125" easing="in" tween="cubic">WindowClose</animation>
	<animation effect="slide" time="400" start="0,0" end="0,-125" easing="in" tween="cubic">Hidden</animation>
	<control type="image">
	<posx>0</posx>
	<posy>0</posy>
	<height>200</height>
	<width>1280</width>
	<texture flipy="true">shadow_mask.png</texture>
	<colordiffuse>75000000</colordiffuse>
	</control>
	<control type="grouplist">
	<posx>50</posx>
	<width>1230</width>
	<height>200</height>
	<itemgap>2</itemgap>
	<control type="label" id="10">
	<label>-</label>
	<width>1230</width>
	<height>30</height>
	<font>Font_15</font>
	</control>
	<control type="label" id="11">
	<label>-</label>
	<width>1230</width>
	<height>30</height>
	<font>Font_15</font>
	</control>
	<control type="label" id="12">
	<label>-</label>
	<width>1230</width>
	<height>30</height>
	<font>Font_15</font>
	</control>
	</control>
	</control>

	<!-- Buffering Dialog -->
	<control type="label" id="24">
	<description>buffering label</description>
	<label>$LOCALIZE[15107] $INFO[Player.CacheLevel]%</label>
	<posx>499</posx>
	<posy>430</posy>
	<width>281</width>
	<height>18</height>
	<aligny>center</aligny>
	<align>center</align>
	<font>Font_23</font>
	<textcolor>80FFFAF0</textcolor>
	<include>Animation_Fade</include>
	</control>
	</controls>
	</window>