	<!-- Ace -->

	<includes>
	<!--##################################################################################   VISTA LOW LIST - ID 55   ##################################################################################-->
	<include name="LowListLabel">
	<height>13</height>
	<width>160</width>
	<font>Font_15</font>
	<align>left</align>
	<textcolor>$VAR[value_headercolor]</textcolor>
	</include>
	<include name="LowListValue">
	<height>13</height>
	<width>340</width>
	<font>Font_16</font>
	<align>left</align>
	<textcolor>FFFFFAF0</textcolor>
	<scroll>true</scroll>
	</include>
	<include name="ViewLowList">
	<control type="group"><!-- default group -->
	<visible>Control.IsVisible(55)</visible>
	<control type="button" id="9915">
	<include>InvisibleButton</include>
	<onup>55</onup>
	<ondown>55</ondown>
	<onleft>55</onleft>
	<onright>9920</onright>
	</control>
	<control type="group">
	<animation effect="slide" time="500" start="0,400" end="0,0" tween="cubic" easing="out">WindowOpen</animation>
	<animation effect="slide" time="500" start="0,400" end="0,0" tween="cubic" easing="out">Visible</animation>
	<animation effect="fade" time="200" start="100" end="0">Hidden</animation>
	<control type="group">
	<animation effect="slide" time="600" start="0,0" end="-400,0" tween="cubic" easing="inout" condition="[Control.HasFocus(9915) | Window.IsActive(25) + Skin.HasSetting(lowlistplotvideo) | [Window.IsActive(500) | Window.IsActive(501) | Window.IsActive(502)] + Skin.HasSetting(lowlistplotaudio)] + !IsEmpty(Control.GetLabel(155))">Conditional</animation>
	<animation effect="slide" time="400" start="-400,0" end="0,0" tween="cubic" easing="inout">Hidden</animation>
	<control type="image"><!-- Logo -->
	<posx>960</posx>
	<posy>380</posy>
	<width>300</width>
	<height>130</height>
	<texture background="true">$INFO[Skin.String(CustomMusicLogoPath)]$INFO[ListItem.Artist,,/logo.png]</texture>
	<aspectratio align="right" aligny="bottom">keep</aspectratio>
	<fadetime>FanartCrossFadeTime</fadetime>
	<visible>Window.IsActive(500) | Window.IsActive(501) | Window.IsActive(502)</visible>
	</control>
	<control type="image"><!-- clearlogo e clearart -->
	<posx>960</posx>
	<posy>380</posy>
	<width>300</width>
	<height>130</height>
	<texture background="true">$VAR[value_logoandclearart]</texture>
	<aspectratio align="right" aligny="bottom">keep</aspectratio>
	<fadetime>FanartCrossFadeTime</fadetime>
	<visible>Window.IsActive(25)</visible>
	</control>
	</control>
	<control type="image">
	<posx>0</posx>
	<posy>481</posy>
	<width>1280</width>
	<height>30</height>
	<texture>shadow_h.png</texture>
	<colordiffuse>C3FFFFFF</colordiffuse>
	<include>Animation_Fade</include>
	</control>
	<control type="image">
	<posx>0</posx>
	<posy>650</posy>
	<width>1280</width>
	<height>30</height>
	<texture flipy="true">shadow_h.png</texture>
	<colordiffuse>C3FFFFFF</colordiffuse>
	</control>
	<control type="image">
	<posx>0</posx>
	<posy>510</posy>
	<width>300</width>
	<height>140</height>
	<texture>darkgrey.png</texture>
	<colordiffuse>$VAR[value_texturecolor]</colordiffuse>
	<animation effect="fade" end="85" condition="true">Conditional</animation>
	</control>
	<control type="image">
	<posx>900</posx>
	<posy>510</posy>
	<width>380</width>
	<height>140</height>
	<texture>darkgrey.png</texture>
	<colordiffuse>$VAR[value_texturecolor]</colordiffuse>
	<animation effect="fade" end="85" condition="true">Conditional</animation>
	<include>Animation_Fade</include>
	</control>
	<control type="group"><!-- Painel de Info -->
	<animation effect="slide" time="600" start="400,0" end="0,0" tween="cubic" easing="inout">Visible</animation>
	<animation effect="slide" time="400" start="0,0" end="400,0" tween="cubic" easing="inout">Hidden</animation>
	<visible>Control.HasFocus(9915) | Window.IsActive(25) + Skin.HasSetting(lowlistplotvideo) + !IsEmpty(Control.GetLabel(155)) | [Window.IsActive(500) | Window.IsActive(501) | Window.IsActive(502)] + Skin.HasSetting(lowlistplotaudio) + !IsEmpty(Control.GetLabel(155))</visible>
	<control type="image">
	<posx>871</posx>
	<posy>-70</posy>
	<width>30</width>
	<height>580</height>
	<texture flipx="true">shadow.png</texture>
	<colordiffuse>C3FFFFFF</colordiffuse>
	</control>
	<control type="image">
	<posx>900</posx>
	<posy>-70</posy>
	<width>380</width>
	<height>580</height>
	<texture>darkgrey.png</texture>
	<colordiffuse>$VAR[value_texturecolor]</colordiffuse>
	<animation effect="fade" end="85" condition="true">Conditional</animation>
	<include>Animation_Fade</include>
	</control>
	<control type="textbox">
	<posx>920</posx>
	<posy>20</posy>
	<width>340</width>
	<height>468</height>
	<font>Font_16</font>
	<label>$VAR[value_plot]</label>
	<autoscroll delay="30000" time="3000" repeat="30000">!Skin.HasSetting(noallowscroll)</autoscroll>
	</control>
	</control>
	<control type="group">
	<include>Animation_Fade</include>
	<visible>Control.HasFocus(9915) | Window.IsActive(25) + Skin.HasSetting(lowlistplotvideo) | [Window.IsActive(500) | Window.IsActive(501) | Window.IsActive(502)] + Skin.HasSetting(lowlistplotaudio)</visible>
	<control type="label">
	<include>LowListLabel</include>
	<posx>920</posx>
	<posy>525</posy>
	<label>$VAR[value_ground11_label]:</label>
	</control>
	<control type="label">
	<include>LowListValue</include>
	<posx>920</posx>
	<posy>542</posy>
	<label fallback="161">$VAR[value_ground11_value]</label>
	</control>
	<control type="label">
	<include>LowListLabel</include>
	<posx>920</posx>
	<posy>565</posy>
	<label>$VAR[value_ground12_label]:</label>
	</control>
	<control type="label">
	<include>LowListValue</include>
	<posx>920</posx>
	<posy>582</posy>
	<label fallback="161">$VAR[value_ground12_value]</label>
	</control>
	<control type="label">
	<include>LowListLabel</include>
	<posx>920</posx>
	<posy>605</posy>
	<label>$VAR[value_ground13_label]:</label>
	</control>
	<control type="label">
	<include>LowListValue</include>
	<posx>920</posx>
	<posy>622</posy>
	<label fallback="161">$VAR[value_ground13_value]</label>
	</control>
	</control>
	<control type="image">
	<posx>270</posx>
	<posy>510</posy>
	<width>30</width>
	<height>140</height>
	<texture flipx="true">shadow.png</texture>
	<colordiffuse>C3FFFFFF</colordiffuse>
	</control>
	<control type="image">
	<posx>900</posx>
	<posy>510</posy>
	<width>30</width>
	<height>140</height>
	<texture>shadow.png</texture>
	<colordiffuse>C3FFFFFF</colordiffuse>
	</control>
	<control type="image">
	<posx>300</posx>
	<posy>510</posy>
	<width>600</width>
	<height>140</height>
	<texture>darkgrey.png</texture>
	<colordiffuse>$VAR[value_texturecolor]</colordiffuse>
	<animation effect="fade" end="95" condition="true">Conditional</animation>
	</control>
	<control type="image">
	<posx>790</posx>
	<posy>510</posy>
	<width>70</width>
	<height>140</height>
	<texture>grey.png</texture>
	<animation effect="fade" end="20" condition="true">conditional</animation>
	<visible>[Container.Content(movies) | Container.Content(musicvideos) | Container.Content(tvshows) | Container.Content(episodes) | Container.Content(songs) | Container.Content(albums) | Container.Content(years)]</visible>
	</control>
	<control type="fixedlist" id="55">
	<viewtype label="31807">list</viewtype>
	<posx>300</posx>
	<posy>510</posy>
	<width>600</width>
	<height>140</height>
	<pagecontrol>80</pagecontrol>
	<onleft>80</onleft>
	<onright condition="![IsEmpty(Control.GetLabel(155)) | Window.IsActive(25) + Skin.HasSetting(lowlistplotvideo) | [Window.IsActive(500) | Window.IsActive(501) | Window.IsActive(502)] + Skin.HasSetting(lowlistplotaudio)]">9915</onright>
	<onright condition="IsEmpty(Control.GetLabel(155)) | Window.IsActive(25) + Skin.HasSetting(lowlistplotvideo) | [Window.IsActive(500) | Window.IsActive(501) | Window.IsActive(502)] + Skin.HasSetting(lowlistplotaudio)">9920</onright>
	<onup>55</onup>
	<ondown>55</ondown>
	<focusposition>1</focusposition>
	<orientation>vertical</orientation>
	<scrolltime>450</scrolltime>
	<preloaditems>2</preloaditems>
	<itemlayout condition="[Window.IsActive(25) + !Skin.HasSetting(slimlowlistvideo) | [Window.IsActive(500) | Window.IsActive(501) | Window.IsActive(502)] + !Skin.HasSetting(slimlowlistmusic)]" height="30">
	<control type="image">
	<posx>0</posx>
	<posy>0</posy>
	<width>599</width>
	<height>1</height>
	<texture>line.png</texture>
	</control>
	<control type="label">
	<posx>20</posx>
	<posy>1</posy>
	<width>450</width>
	<height>30</height>
	<font>Font_20</font>
	<aligny>center</aligny>
	<include>listcolor</include>
	<label>$INFO[ListItem.Label]</label>
	</control>
	<control type="label">
	<posx>525</posx>
	<posy>0</posy>
	<width>85</width>
	<height>30</height>
	<font>Font_16</font>
	<align>center</align>
	<aligny>center</aligny>
	<include>detailcolor</include>
	<label>$INFO[ListItem.Year]</label>
	<animation effect="slide" start="0,0" end="0,8" time="0" condition="Container.Content(albums) | Container.Content(years)">Conditional</animation>
	</control>
	</itemlayout>
	<itemlayout condition="[Window.IsActive(25) + Skin.HasSetting(slimlowlistvideo) | [Window.IsActive(500) | Window.IsActive(501) | Window.IsActive(502)] + Skin.HasSetting(slimlowlistmusic)]" height="27">
	<control type="image">
	<posx>0</posx>
	<posy>0</posy>
	<width>599</width>
	<height>1</height>
	<texture>line.png</texture>
	</control>
	<control type="label">
	<posx>20</posx>
	<posy>1</posy>
	<width>450</width>
	<height>27</height>
	<font>Font_20</font>
	<aligny>center</aligny>
	<include>listcolor</include>
	<label>$INFO[ListItem.Label]</label>
	</control>
	<control type="label">
	<posx>525</posx>
	<posy>1</posy>
	<width>85</width>
	<height>27</height>
	<font>Font_16</font>
	<align>center</align>
	<aligny>center</aligny>
	<include>detailcolor</include>
	<label>$INFO[ListItem.Year]</label>
	<animation effect="slide" start="0,0" end="0,8" time="0" condition="Container.Content(albums) | Container.Content(years)">Conditional</animation>
	</control>
	<control type="image">
	<posx>565</posx>
	<posy>0</posy>
	<width>28</width>
	<height>28</height>
	<info>ListItem.Overlay</info>
	<colordiffuse>$VAR[value_headercolor]</colordiffuse>
	<visible>!Skin.HasSetting(nooverlays)</visible>
	</control>
	</itemlayout>
	<focusedlayout condition="[Window.IsActive(25) + Skin.HasSetting(slimlowlistvideo) | [Window.IsActive(500) | Window.IsActive(501) | Window.IsActive(502)] + Skin.HasSetting(slimlowlistmusic)]" height="30">
	<control type="image">
	<posx>0</posx>
	<posy>0</posy>
	<width>600</width>
	<height>30</height>
	<texture>settings_button_focus.png</texture>
	</control>
	<control type="label">
	<posx>20</posx>
	<posy>1</posy>
	<width>450</width>
	<height>30</height>
	<font>Font_20</font>
	<aligny>center</aligny>
	<include>listcolorfocus</include>
	<label>$INFO[ListItem.Label]</label>
	</control>
	<control type="label">
	<posx>525</posx>
	<posy>0</posy>
	<width>85</width>
	<height>30</height>
	<font>Font_16</font>
	<align>center</align>
	<aligny>center</aligny>
	<include>detailcolorfocus</include>
	<label>$INFO[ListItem.Year]</label>
	<animation effect="slide" start="0,0" end="0,8" time="0" condition="Container.Content(albums) | Container.Content(years)">Conditional</animation>
	</control>
	<control type="image">
	<posx>565</posx>
	<posy>0</posy>
	<width>30</width>
	<height>30</height>
	<info>ListItem.Overlay</info>
	<colordiffuse>$VAR[value_headercolorfocus]</colordiffuse>
	<visible>!Skin.HasSetting(nooverlays)</visible>
	</control>
	</focusedlayout>
	<focusedlayout condition="[Window.IsActive(25) + !Skin.HasSetting(slimlowlistvideo) | [Window.IsActive(500) | Window.IsActive(501) | Window.IsActive(502)] + !Skin.HasSetting(slimlowlistmusic)]" height="50">
	<control type="image">
	<posx>0</posx>
	<posy>0</posy>
	<width>600</width>
	<height>50</height>
	<texture>settings_button_focus.png</texture>
	</control>
	<control type="label">
	<posx>20</posx>
	<posy>0</posy>
	<width>450</width>
	<height>30</height>
	<font>Font_23</font>
	<aligny>center</aligny>
	<include>listcolorfocus</include>
	<label>$INFO[ListItem.Label]</label>
	</control>
	<control type="label">
	<posx>20</posx>
	<posy>29</posy>
	<width>450</width>
	<height>16</height>
	<font>Font_16</font>
	<align>left</align>
	<aligny>center</aligny>
	<include>subcolorfocus</include>
	<label>$VAR[value_listinfofocus]</label>
	<visible>!SubString(ListItem.Label,..)</visible>
	</control>
	<control type="label">
	<posx>525</posx>
	<posy>0</posy>
	<width>85</width>
	<height>30</height>
	<font>Font_16</font>
	<align>center</align>
	<aligny>center</aligny>
	<include>detailcolorfocus</include>
	<label>$INFO[ListItem.Year]</label>
	</control>
	<control type="image">
	<description>IMDB rating</description>
	<posx>492</posx>
	<posy>30</posy>
	<width>65</width>
	<height>13</height>
	<info>ListItem.StarRating</info>
	<colordiffuse>$VAR[value_headercolorfocus]</colordiffuse>
	<visible>![Container.Content(artists) | Container.Content(years) | Container.Content(genres) | Container.Content(seasons) | IsEmpty(ListItem.Title)]</visible>
	</control>
	<control type="image">
	<posx>565</posx>
	<posy>10</posy>
	<width>30</width>
	<height>30</height>
	<info>ListItem.Overlay</info>
	<colordiffuse>$VAR[value_headercolorfocus]</colordiffuse>
	<visible>!Skin.HasSetting(nooverlays)</visible>
	</control>
	</focusedlayout>
	</control>
	<control type="textbox">
	<posx>920</posx>
	<posy>520</posy>
	<width>340</width>
	<height>118</height>
	<font>Font_16</font>
	<label>$VAR[value_plot]</label>
	<autoscroll delay="8000" time="2000" repeat="8000">!Skin.HasSetting(noallowscroll)</autoscroll>
	<include>Animation_Fade</include>
	<visible>![Control.HasFocus(9915) | Window.IsActive(25) + Skin.HasSetting(lowlistplotvideo) | [Window.IsActive(500) | Window.IsActive(501) | Window.IsActive(502)] + Skin.HasSetting(lowlistplotaudio)]</visible>
	</control>
	<control type="label" id="155"><!-- Plot -->
	<include>InvisibleButton</include>
	<label>$VAR[value_plot]</label>
	</control>
	</control>

	<control type="group"><!-- Default Group - Miniaturas -->
	<posx>30</posx>
	<posy>200</posy>
	<visible>Control.IsVisible(55)</visible>
	<animation effect="slide" time="1000" start="-400,0" end="0,0" tween="cubic" easing="out">WindowOpen</animation>
	<animation effect="slide" time="1000" start="-400,0" end="0,0" tween="cubic" easing="out">Visible</animation>
	<animation effect="fade" time="400" start="100" end="0">Hidden</animation>

	<control type="group"><!-- CDART VIDEO -->
	<animation type="WindowOpen">
	<effect type="slide" start="-100,0" end="0,0" time="500" delay="500" tween="cubic" easing="out"/>
	<effect type="fade" start="0" end="100" time="500" delay="500"/>
	</animation>
	<animation type="Visible">
	<effect type="slide" start="-100,0" end="0,0" time="500" delay="500" tween="cubic" easing="out"/>
	<effect type="fade" start="0" end="100" time="500" delay="500"/>
	</animation>
	<animation effect="fade" start="100" end="0" time="200">WindowClose</animation>
	<animation type="Hidden">
	<effect type="slide" start="0,0" end="-100,0" time="300" tween="cubic" easing="out"/>
	<effect type="fade" start="100" end="0" time="200"/>
	</animation>
	<animation effect="slide" time="200" start="0,0" end="0,-20" tween="cubic" easing="out" condition="!Skin.HasSetting(novideomediacase)">Conditional</animation>
	<visible>!IsEmpty(ListItem.Art(discart)) + !Skin.HasSetting(nodiscart) + Window.IsActive(25)</visible>
	<control type="image">
	<posx>112</posx>
	<posy>70</posy>
	<width>250</width>
	<height>250</height>
	<aligny>center</aligny>
	<texture>cdart.png</texture>
	<aspectratio align="center">keep</aspectratio>
	<animation effect="rotate" start="0" end="-360" center="auto" time="40000" delay="5000" loop="true" reversible="false" condition="!Player.HasVideo">Conditional</animation>
	<animation effect="rotate" end="-360" center="auto" time="4000" loop="true" reversible="false" condition="Player.HasVideo + !Player.Paused">Conditional</animation>
	</control>
	<control type="image">
	<posx>112</posx>
	<posy>70</posy>
	<width>250</width>
	<height>250</height>
	<aligny>center</aligny>
	<fadetime>FanartCrossFadeTime</fadetime>
	<texture diffuse="cdart_diffuse.png" background="true">$INFO[ListItem.Art(discart)]</texture>
	<aspectratio align="center">keep</aspectratio>
	<animation effect="rotate" start="0" end="-360" center="auto" time="40000" delay="5000" loop="true" reversible="false" condition="!Player.HasVideo">Conditional</animation>
	<animation effect="rotate" end="-360" center="auto" time="4000" loop="true" reversible="false" condition="Player.HasVideo + !Player.Paused">Conditional</animation>
	</control>
	</control>

	<control type="group"><!-- VIDEO SEM ESTOJO -->
	<include>Animation_Fade</include>
	<visible>![!Skin.HasSetting(novideomediacase) + Container.Content(movies) | Window.IsActive(500) | Window.IsActive(501) | Window.IsActive(502)]</visible>
	<control type="image"><!-- Filmes/Fotos/Arquivos reflexo -->
	<posx>-5</posx>
	<posy>419</posy>
	<width>245</width>
	<height>350</height>
	<fadetime>FanartCrossFadeTime</fadetime>
	<aspectratio align="center" aligny="top">keep</aspectratio>
	<texture flipy="true" diffuse="thumb_reflect.png" background="true">$VAR[value_poster]</texture>
	<bordertexture flipy="true" diffuse="thumb_reflect.png" border="-2">black.png</bordertexture>
	</control>
	<control type="image"><!-- Filmes/Fotos/Arquivos -->
	<posx>-5</posx>
	<posy>65</posy>
	<width>245</width>
	<height>350</height>
	<fadetime>FanartCrossFadeTime</fadetime>
	<aspectratio align="center" aligny="bottom">keep</aspectratio>
	<texture fallback="DefaultVideoPoster.png" background="true">$VAR[value_poster]</texture>
	<bordertexture border="-2">black.png</bordertexture>
	</control>
	</control>

	<control type="group"><!-- FILMES ESTOJO -->
	<include>Animation_Fade</include>
	<visible>!Skin.HasSetting(novideomediacase) + Container.Content(movies)</visible>
	<control type="image"><!-- Poster reflexo -->
	<posx>-3</posx>
	<posy>434</posy>
	<width>245</width>
	<height>350</height>
	<fadetime>FanartCrossFadeTime</fadetime>
	<texture flipy="true" diffuse="thumb_reflect.png" background="true">$INFO[ListItem.Icon]</texture>
	<aspectratio>stretch</aspectratio>
	</control>
	<control type="image"><!-- Estojo reflexo -->
	<posx>-26</posx>
	<posy>398</posy>
	<width>295</width>
	<height>435</height>
	<fadetime>FanartCrossFadeTime</fadetime>
	<texture flipy="true" diffuse="thumb_box_reflect.png">$VAR[value_videocase0]</texture>
	<aspectratio>stretch</aspectratio>
	</control>
	<control type="image"><!-- Poster -->
	<posx>-3</posx>
	<posy>55</posy>
	<width>245</width>
	<height>350</height>
	<fadetime>FanartCrossFadeTime</fadetime>
	<texture fallback="DefaultVideoPoster.png" background="true">$VAR[value_poster]</texture>
	</control>
	<control type="image"><!-- Estojo -->
	<posx>-26</posx>
	<posy>0</posy>
	<width>295</width>
	<height>435</height>
	<fadetime>FanartCrossFadeTime</fadetime>
	<texture>$VAR[value_videocase0]</texture>
	</control>
	<control type="image"><!-- Codec -->
	<posx>86</posx>
	<posy>-3</posy>
	<width>70</width>
	<height>70</height>
	<fadetime>FanartCrossFadeTime</fadetime>
	<align>center</align>
	<aligny>center</aligny>
	<aspectratio scalediffuse="true">keep</aspectratio>
	<texture>$VAR[value_videocodec0]</texture>
	</control>
	</control>

	<control type="group"><!-- MUSICA -->
	<include>Animation_Fade</include>
	<visible>[Window.IsActive(500) | Window.IsActive(501) | Window.IsActive(502)] + Skin.HasSetting(noaudiomediacase)</visible>
	<control type="image"><!-- Musica reflexo -->
	<posx>-5</posx>
	<posy>420</posy>
	<width>245</width>
	<height>350</height>
	<fadetime>FanartCrossFadeTime</fadetime>
	<aspectratio align="center" aligny="top">keep</aspectratio>
	<texture flipy="true" diffuse="thumb_reflect.png" background="true">$INFO[ListItem.Icon]</texture>
	<bordertexture flipy="true" diffuse="thumb_reflect.png" border="-2">black.png</bordertexture>
	</control>
	<control type="image"><!-- Musica -->
	<posx>-5</posx>
	<posy>65</posy>
	<width>245</width>
	<height>350</height>
	<fadetime>FanartCrossFadeTime</fadetime>
	<aspectratio align="center" aligny="bottom">keep</aspectratio>
	<texture fallback="DefaultAudioCover.png" background="true">$INFO[ListItem.Icon]</texture>
	<bordertexture border="-2">black.png</bordertexture>
	</control>
	</control>

	<control type="group"><!-- MUSICA ESTOJO -->
	<include>Animation_Fade</include>
	<visible>[Window.IsActive(500) | Window.IsActive(501) | Window.IsActive(502)] + !Skin.HasSetting(noaudiomediacase)</visible>
	<control type="image"><!-- Musica/Estojo reflexo-->
	<posx>18</posx>
	<posy>420</posy>
	<width>230</width>
	<height>230</height>
	<fadetime>FanartCrossFadeTime</fadetime>
	<aspectratio scalediffuse="false">stretch</aspectratio>
	<texture flipy="true" diffuse="thumb_box_diffuse_reflect.png" background="true">$INFO[ListItem.Icon]</texture>
	</control>
	<control type="image"><!-- Estojo reflexo -->
	<posx>-20</posx>
	<posy>418</posy>
	<width>278</width>
	<height>243</height>
	<texture flipy="true" diffuse="thumb_box_reflect.png">thumb_box_cd.png</texture>
	</control>
	<control type="image"><!-- Musica -->
	<posx>18</posx>
	<posy>194</posy>
	<width>230</width>
	<height>230</height>
	<fadetime>FanartCrossFadeTime</fadetime>
	<aspectratio scalediffuse="false">stretch</aspectratio>
	<texture diffuse="thumb_box_diffuse.png" fallback="DefaultAudioCover.png" background="true">$INFO[ListItem.Icon]</texture>
	</control>
	<control type="image"><!-- Estojo -->
	<posx>-20</posx>
	<posy>190</posy>
	<width>278</width>
	<height>243</height>
	<texture>thumb_box_cd.png</texture>
	<colordiffuse>DEFFFFFF</colordiffuse>
	</control>
	</control>
	</control>
	<control type="scrollbar" id="80">
	<include>ScrollBar_Vertical</include>
	<posx>272</posx>
	<posy>511</posy>
	<height>140</height>
	<onleft>9900</onleft>
	<onright>55</onright>
	<include>Animation_Fade</include>
	<visible allowhiddenfocus="true">Control.IsVisible(55) + Control.HasFocus(80)</visible>
	</control>
	</control>
	</include>
	</includes>