	<!-- Ace -->

	<includes>
	<!--##################################################################################   VISTA WALL - ID 56   ##################################################################################-->
	<include name="ViewWallVideo">
	<control type="group">
	<include>ViewBack</include><!-- Fundo -->
	<visible>Control.IsVisible(56)</visible>
	<control type="panel" id="56">
	<viewtype label="31805">Panel</viewtype>
	<posx>0</posx>
	<posy>91</posy>
	<width>1285</width>
	<height>553</height>
	<onleft>9900</onleft>
	<onup>9900</onup>
	<ondown>9920</ondown>
	<orientation>vertical</orientation>
	<pagecontrol>-</pagecontrol>
	<visible>Container.Content(movies) | Container.Content(tvshows) | Container.Content(seasons) | Container.Content(musicvideos) | Window.IsActive(videofiles)</visible>
	<itemlayout condition="[Container.Content(movies) | Container.Content(musicvideos)] + Skin.HasSetting(novideomediacase) | Container.Content(tvshows) | Container.Content(seasons) | Window.IsActive(videofiles)" width="98.5" height="138"><!-- POSTER SEM ESTOJO -->
	<control type="image">
	<posx>2</posx>
	<posy>2</posy>
	<width>94</width>
	<height>134</height>
	<texture fallback="DefaultVideoPoster.png" background="true">$VAR[value_poster]</texture>
	<bordertexture border="-2">black.png</bordertexture>
	<aspectratio align="center">stretch</aspectratio>
	</control>
	<control type="image">
	<posx>72</posx>
	<posy>1</posy>
	<width>25</width>
	<height>25</height>
	<info>ListItem.Overlay</info>
	<colordiffuse>$VAR[value_headercolorfocus]</colordiffuse>
	<visible>!Skin.HasSetting(nooverlays)</visible>
	</control>
	</itemlayout>
	<itemlayout condition="[Container.Content(movies) | Container.Content(musicvideos)] + !Skin.HasSetting(novideomediacase)" width="116" height="184"><!-- POSTER ESTOJO -->
	<control type="image">
	<posx>4</posx>
	<posy>18</posy>
	<width>113</width>
	<height>158</height>
	<texture fallback="DefaultVideoPoster.png" background="true">$VAR[value_poster]</texture>
	<aspectratio align="center">stretch</aspectratio>
	</control>
	<control type="image"><!-- Estojo -->
	<posx>-6</posx>
	<posy>-5</posy>
	<width>135</width>
	<height>197</height>	
	<texture>$VAR[value_videocase0]</texture>
	<aspectratio align="center" aligny="bottom">stretch</aspectratio>
	</control>
	<control type="image"><!-- Codec -->
	<posx>45</posx>
	<posy>-7</posy>
	<width>34</width>
	<height>34</height>
	<align>center</align>
	<aligny>center</aligny>
	<aspectratio>keep</aspectratio>
	<texture>$VAR[value_videocodec0]</texture>
	</control>
	<control type="image">
	<posx>91</posx>
	<posy>18</posy>
	<width>25</width>
	<height>25</height>
	<info>ListItem.Overlay</info>
	<colordiffuse>$VAR[value_headercolorfocus]</colordiffuse>
	<visible>!Skin.HasSetting(nooverlays)</visible>
	</control>
	</itemlayout>
	<focusedlayout condition="[Container.Content(movies) | Container.Content(musicvideos)] + Skin.HasSetting(novideomediacase) | Container.Content(tvshows) | Container.Content(seasons) | Window.IsActive(videofiles)" width="98.5" height="138"><!-- POSTER SEM ESTOJO -->
	<control type="image">
	<posx>2</posx>
	<posy>2</posy>
	<width>94</width>
	<height>134</height>
	<texture fallback="DefaultVideoPoster.png" background="true">$VAR[value_poster]</texture>
	<bordertexture border="-2">grey.png</bordertexture>
	<aspectratio align="center">stretch</aspectratio>
	<animation type="Focus" reversible="false">
	<effect type="zoom" center="auto" start="80" end="100" time="400" tween="back" easing="out" />
	<effect type="fade" start="80" end="100" time="400" />
	</animation>
	</control>
	<control type="image">
	<posx>72</posx>
	<posy>1</posy>
	<width>25</width>
	<height>25</height>
	<info>ListItem.Overlay</info>
	<colordiffuse>$VAR[value_headercolor]</colordiffuse>
	<animation type="Focus" reversible="false">
	<effect type="zoom" center="60,60" start="80" end="100" time="400" tween="back" easing="out" />
	<effect type="fade" start="80" end="100" time="400" />
	</animation>
	<visible>!Skin.HasSetting(nooverlays)</visible>
	</control>
	</focusedlayout>
	<focusedlayout condition="[Container.Content(movies) | Container.Content(musicvideos)] + !Skin.HasSetting(novideomediacase)" width="116" height="184"><!-- POSTER ESTOJO -->
	<control type="image">
	<posx>4</posx>
	<posy>18</posy>
	<width>113</width>
	<height>158</height>
	<texture fallback="DefaultVideoPoster.png" background="true">$VAR[value_poster]</texture>
	<aspectratio align="center">stretch</aspectratio>
	<animation type="Focus" reversible="false">
	<effect type="zoom" center="auto" start="80" end="113" time="400" tween="back" easing="out" />
	<effect type="fade" start="80" end="100" time="400" />
	</animation>
	</control>
	<control type="image"><!-- Estojo -->
	<posx>-6</posx>
	<posy>-5</posy>
	<width>135</width>
	<height>197</height>	
	<texture>$VAR[value_videocase0]</texture>
	<aspectratio align="center" aligny="bottom">stretch</aspectratio>
	<animation type="Focus" reversible="false">
	<effect type="zoom" center="auto" start="80" end="113" time="400" tween="back" easing="out" />
	<effect type="fade" start="80" end="100" time="400" />
	</animation>
	</control>
	<control type="image"><!-- Codec -->
	<posx>45</posx>
	<posy>-7</posy>
	<width>34</width>
	<height>34</height>
	<align>center</align>
	<aligny>center</aligny>
	<aspectratio>keep</aspectratio>
	<texture>$VAR[value_videocodec0]</texture>
	<animation type="Focus" reversible="false">
	<effect type="zoom" center="60,90" start="80" end="113" time="400" tween="back" easing="out" />
	<effect type="fade" start="80" end="100" time="400" />
	</animation>
	</control>
	<control type="image">
	<posx>91</posx>
	<posy>18</posy>
	<width>25</width>
	<height>25</height>
	<info>ListItem.Overlay</info>
	<colordiffuse>$VAR[value_headercolor]</colordiffuse>
	<animation type="Focus" reversible="false">
	<effect type="zoom" center="70,70" start="80" end="113" time="400" tween="back" easing="out" />
	<effect type="fade" start="80" end="100" time="400" />
	</animation>
	<visible>!Skin.HasSetting(nooverlays)</visible>
	</control>
	</focusedlayout>
	</control>
	</control>
	</include>
	<include name="ViewWallAudio">
	<control type="group">
	<include>ViewBack</include><!-- Fundo -->
	<visible>Control.IsVisible(56)</visible>
	<control type="panel" id="56">
	<viewtype label="31805">Panel</viewtype>
	<posx>0</posx>
	<posy>100</posy>
	<width>1285</width>
	<height>534</height>
	<onleft>9900</onleft>
	<onup>9900</onup>
	<ondown>9920</ondown>
	<orientation>vertical</orientation>
	<pagecontrol>-</pagecontrol>
	<visible>Window.IsActive(500) | Window.IsActive(501) | Window.IsActive(502) | Window.IsActive(1)</visible>
	<itemlayout width="106.5" height="106.5">
	<control type="image">
	<posx>2</posx>
	<posy>2</posy>
	<width>103</width>
	<height>103</height>
	<texture fallback="DefaultAudioCover.png" background="true">$VAR[value_poster]</texture>
	<bordertexture border="-2">black.png</bordertexture>
	<colordiffuse>FF909090</colordiffuse>
	<aspectratio align="center">stretch</aspectratio>
	</control>
	</itemlayout>
	<focusedlayout width="106.5" height="106.5">
	<control type="image">
	<posx>2</posx>
	<posy>2</posy>
	<width>103</width>
	<height>103</height>
	<texture fallback="DefaultAudioCover.png" background="true">$VAR[value_poster]</texture>
	<bordertexture border="-2">grey.png</bordertexture>
	<aspectratio align="center">stretch</aspectratio>
	<animation type="Focus" reversible="false">
	<effect type="zoom" center="auto" start="80" end="100" time="400" tween="back" easing="out" />
	<effect type="fade" start="80" end="100" time="400" />
	</animation>
	</control>
	</focusedlayout>
	</control>
	</control>
	</include>
	</includes>