	<!-- Ace -->

	<includes>
	<!--##################################################################################   VISTA GLASS LIST - ID 57   ##################################################################################-->
	<include name="GlassListLabel">
	<posx>350</posx>
	<height>27</height>
	<width>200</width>
	<align>left</align>
	<aligny>center</aligny>
	<font>Font_15</font>
	<textcolor>$VAR[value_headercolor]</textcolor>
	</include>
	<include name="GlassListValue">
	<posx>350</posx>
	<height>27</height>
	<width>330</width>
	<align>left</align>
	<aligny>center</aligny>
	<font>Font_15</font>
	<textcolor>FFFFFAF0</textcolor>
	<scroll>true</scroll>
	<scrollout>false</scrollout>
	</include>
	<include name="ViewGlassList">
	<control type="group">
	<animation effect="slide" start="1000,0" end="0,0" time="600" easing="out" tween="sine">WindowOpen</animation>
	<animation effect="slide" start="1000,0" end="0,0" time="600" easing="out" tween="sine">Visible</animation>
	<animation effect="slide" start="0,0" end="1000,0" time="600" easing="out" tween="sine">Hidden</animation>
	<visible>Control.IsVisible(57) + [Control.HasFocus(9916) | Skin.HasSetting(panelglassliston)]</visible>
	<control type="group">
	<animation effect="slide" start="0,300" end="0,0"  time="500" tween="sine" easing="out">WindowOpen</animation>
	<animation effect="slide" start="0,300" end="0,0"  time="500" tween="sine" easing="out">Visible</animation>
	<animation effect="fade" start="100" end="0" time="200">Hidden</animation>
	<visible>!Skin.HasSetting(nomediaflags)</visible>
	<control type="image"><!-- Barra das etiquetas -->
	<posx>300</posx>
	<posy>610</posy>
	<width>980</width>
	<height>80</height>
	<colordiffuse>FFFFF0F0</colordiffuse>
	<texture>shadow_mask.png</texture>
	</control>
	<control type="grouplist"><!-- Etiquetas -->
	<posx>320</posx>
	<posy>651</posy>
	<orientation>horizontal</orientation>
	<itemgap>8</itemgap>
	<control type="label"><!-- Rating -->
	<include>FlagLabel</include>
	<label>$INFO[ListItem.Rating]</label>
	<visible>!IsEmpty(ListItem.Title)</visible>
	</control>
	<control type="image">
	<include>FlagSeparator</include>
	<visible>!IsEmpty(ListItem.Title)</visible>
	</control>
	<control type="image"><!-- Codec -->
	<include>FlagImage</include>
	<texture>$VAR[value_videocodec]</texture>
	<visible>!IsEmpty(ListItem.VideoCodec)</visible>
	</control>
	<control type="image">
	<include>FlagSeparator</include>
	<visible>!IsEmpty(ListItem.VideoCodec)</visible>
	</control>
	<control type="image"><!-- Resolution -->
	<include>FlagImage</include>
	<texture>$INFO[ListItem.VideoResolution,flags/resolution/,.png]</texture>
	<visible>!IsEmpty(ListItem.VideoResolution)</visible>
	</control>
	<control type="image">
	<include>FlagSeparator</include>
	<visible>!IsEmpty(ListItem.VideoResolution)</visible>
	</control>
	<control type="image"><!-- Aspect -->
	<include>FlagImage</include>
	<texture>$INFO[ListItem.VideoAspect,flags/aspectratio/,.png]</texture>
	<visible>!IsEmpty(ListItem.VideoAspect)</visible>
	</control>
	<control type="image">
	<include>FlagSeparator</include>
	<visible>!IsEmpty(ListItem.VideoAspect)</visible>
	</control>
	<control type="label"><!-- Audio Language -->
	<include>FlagLabel</include>
	<label>$INFO[ListItem.AudioLanguage]</label>
	<visible>!IsEmpty(ListItem.AudioLanguage)</visible>
	</control>
	<control type="image">
	<include>FlagSeparator</include>
	<visible>!IsEmpty(ListItem.AudioLanguage)</visible>
	</control>
	<control type="image"><!-- Audio Codec -->
	<include>FlagImage</include>
	<texture>$INFO[ListItem.AudioCodec,flags/audio/,.png]</texture>
	<visible>!IsEmpty(ListItem.AudioCodec)</visible>
	</control>
	<control type="image">
	<include>FlagSeparator</include>
	<visible>!IsEmpty(ListItem.AudioCodec)</visible>
	</control>
	<control type="image"><!-- Channels -->
	<include>FlagImage</include>
	<texture>$INFO[ListItem.AudioChannels,flags/audio/,ch.png]</texture>
	<visible>!IsEmpty(ListItem.AudioChannels)</visible>
	</control>
	<control type="image">
	<include>FlagSeparator</include>
	<visible>!IsEmpty(ListItem.AudioChannels)</visible>
	</control>
	<control type="image"><!-- Trailer -->
	<include>FlagImage</include>
	<texture>logo_trailer.png</texture>
	<visible>!IsEmpty(ListItem.Trailer)</visible>
	</control>
	<control type="image">
	<include>FlagSeparator</include>
	<visible>!IsEmpty(ListItem.Trailer) + !StringCompare(ListItem.PercentPlayed,0)</visible>
	</control>
	<control type="label"><!-- % Played -->
	<include>FlagLabel</include>
	<label>$INFO[ListItem.PercentPlayed]%</label>
	<visible>!StringCompare(ListItem.PercentPlayed,0)</visible>
	</control>
	</control>
	<control type="image">
	<posx>300</posx>
	<posy>650</posy>
	<height>40</height>
	<width>980</width>
	<texture>gradient_small.png</texture>
	</control>
	</control>
	<control type="group"><!-- Painel de Info -->
	<animation effect="slide" end="0,40" time="500" tween="sine" easing="out" condition="Skin.HasSetting(nomediaflags)">Conditional</animation>
	<control type="image"><!-- Fundo -->
	<posx>300</posx>
	<posy>56</posy>
	<width>980</width>
	<height>30</height>
	<texture>shadow_h.png</texture>
	<colordiffuse>C3FFFFFF</colordiffuse>
	</control>
	<control type="image">
	<posx>300</posx>
	<posy>650</posy>
	<width>980</width>
	<height>30</height>
	<texture flipy="true">shadow_h.png</texture>
	<colordiffuse>C3FFFFFF</colordiffuse>
	</control>
	<control type="image">
	<posx>300</posx>
	<posy>85</posy>
	<width>980</width>
	<height>565</height>
	<texture>darkgrey.png</texture>
	<colordiffuse>$VAR[value_texturecolor]</colordiffuse>
	<animation effect="fade" end="85" condition="true">Conditional</animation>
	</control>
	<control type="image"><!-- Certification -->
	<posx>330</posx>
	<posy>83</posy>
	<height>60</height>
	<width>158</width>
	<align>center</align>
	<aligny>center</aligny>
	<aspectratio>keep</aspectratio>
	<texture>$VAR[value_mpaa]</texture>
	</control>
	<control type="image">
	<posx>510</posx>
	<posy>86</posy>
	<width>2</width>
	<height>55</height>
	<texture>separator_v.png</texture>
	</control>
	<control type="label"><!-- Year -->
	<posx>575</posx>
	<posy>83</posy>
	<height>60</height>
	<width>110</width>
	<align>left</align>
	<aligny>center</aligny>
	<font>Font_26</font>
	<label>$INFO[ListItem.Year]</label>
	<textcolor>FFFFFAF0</textcolor>
	</control>
	<control type="image">
	<posx>300</posx>
	<posy>140</posy>
	<height>2</height>
	<width>400</width>
	<texture>separator.png</texture>
	</control>
	<control type="image">
	<posx>700</posx>
	<posy>86</posy>
	<width>2</width>
	<height>404</height>
	<texture>separator_v.png</texture>
	</control>
	<control type="group">
	<posy>170</posy>
	<control type="label"><!-- Genre -->
	<include>GlassListLabel</include>
	<posy>0</posy>
	<label>$LOCALIZE[515]:</label>
	</control>
	<control type="label">
	<include>GlassListValue</include>
	<posy>20</posy>
	<label>$INFO[ListItem.Genre]</label>
	</control>
	<control type="label"><!-- Original Title/Movies - Premiered/TvShows -->
	<include>GlassListLabel</include>
	<posy>50</posy>
	<label>$VAR[value_videoinfo_label1]</label>
	</control>
	<control type="label">
	<include>GlassListValue</include>
	<posy>70</posy>
	<label fallback="161">$VAR[value_videoinfo_value1]</label>
	</control>
	<control type="label"><!-- Country -->
	<include>GlassListLabel</include>
	<posy>100</posy>
	<label>$LOCALIZE[574]</label>
	</control>
	<control type="label">
	<include>GlassListValue</include>
	<posy>120</posy>
	<label fallback="161">$INFO[ListItem.Country]</label>
	</control>
	<control type="label"><!-- Director/Written -->
	<include>GlassListLabel</include>
	<posy>150</posy>
	<label>$LOCALIZE[31046]/$LOCALIZE[31521]</label>
	</control>
	<control type="label">
	<include>GlassListValue</include>
	<posy>170</posy>
	<label fallback="161">$INFO[ListItem.Director]/$INFO[ListItem.Writer]</label>
	</control>
	<control type="label"><!-- Studios -->
	<include>GlassListLabel</include>
	<posy>200</posy>
	<label>31047</label>
	</control>
	<control type="label">
	<include>GlassListValue</include>
	<posy>220</posy>
	<label fallback="161">$INFO[ListItem.Studio]</label>
	</control>
	<control type="label"><!-- Duration -->
	<include>GlassListLabel</include>
	<posy>250</posy>
	<label>31522</label>
	<visible>!IsEmpty(ListItem.Duration)</visible>
	</control>
	<control type="label">
	<include>GlassListValue</include>
	<posy>270</posy>
	<label fallback="161">$VAR[value_videoinfo_value5]</label>
	<visible>!IsEmpty(ListItem.Duration)</visible>
	</control>
	</control>
	<control type="group"><!-- CDART VIDEO -->
	<posx>730</posx>
	<posy>75</posy>
	<animation type="WindowOpen">
	<effect type="slide" start="-100,0" end="0,0" time="500" delay="1000" tween="cubic" easing="out"/>
	<effect type="fade" start="0" end="100" time="500" delay="1000"/>
	</animation>
	<animation type="Visible">
	<effect type="slide" start="-100,0" end="0,0" time="500" delay="1000" tween="cubic" easing="out"/>
	<effect type="fade" start="0" end="100" time="500" delay="1000"/>
	</animation>
	<animation effect="fade" start="100" end="0" time="200">WindowClose</animation>
	<animation type="Hidden">
	<effect type="slide" start="0,0" end="-100,0" time="300" tween="cubic" easing="out"/>
	<effect type="fade" start="100" end="0" time="200"/>
	</animation>
	<visible>!IsEmpty(ListItem.Art(discart)) + !Skin.HasSetting(nodiscart) + Window.IsActive(25) + [Control.HasFocus(9916) | Skin.HasSetting(panelglassliston)]</visible>
	<control type="image">
	<posx>112</posx>
	<posy>55</posy>
	<width>250</width>
	<height>250</height>
	<aligny>center</aligny>
	<texture>cdart.png</texture>
	<aspectratio align="center">keep</aspectratio>
	<animation effect="rotate" start="0" end="-360" center="auto" time="40000" delay="5000" loop="true" reversible="false" condition="!Player.HasVideo">Conditional</animation>
	<animation effect="rotate" end="-360" center="auto" time="4000" loop="true" reversible="false" condition="Player.HasVideo + !Player.Paused">Conditional</animation>
	</control>
	<control type="image">
	<posx>112</posx>
	<posy>55</posy>
	<width>250</width>
	<height>250</height>
	<aligny>center</aligny>
	<fadetime>FanartCrossFadeTime</fadetime>
	<texture diffuse="cdart_diffuse.png" background="true">$INFO[ListItem.Art(discart)]</texture>
	<aspectratio align="center">keep</aspectratio>
	<animation effect="rotate" start="0" end="-360" center="auto" time="40000" delay="5000" loop="true" reversible="false" condition="!Player.HasVideo">Conditional</animation>
	<animation effect="rotate" end="-360" center="auto" time="4000" loop="true" reversible="false" condition="Player.HasVideo + !Player.Paused">Conditional</animation>
	</control>
	</control>

	<control type="group"><!-- VIDEO SEM ESTOJO -->
	<posx>704</posx>
	<posy>88</posy>
	<include>Animation_Fade</include>
	<visible>![!Skin.HasSetting(novideomediacase) + Container.Content(movies) | Window.IsActive(500) | Window.IsActive(501) | Window.IsActive(502)]</visible>
	<control type="image"><!-- Filmes/Fotos/Arquivos reflexo -->
	<posx>0</posx>
	<posy>406</posy>
	<width>530</width>
	<height>400</height>
	<fadetime>FanartCrossFadeTime</fadetime>
	<aspectratio align="left" aligny="top">keep</aspectratio>
	<texture flipy="true" diffuse="thumb_reflect.png" background="true">$VAR[value_poster]</texture>
	<bordertexture flipy="true" diffuse="thumb_reflect.png" border="-2">black.png</bordertexture>
	</control>
	<control type="image"><!-- Filmes/Fotos/Arquivos -->
	<posx>0</posx>
	<posy>0</posy>
	<width>530</width>
	<height>400</height>
	<fadetime>FanartCrossFadeTime</fadetime>
	<aspectratio align="left" aligny="bottom">keep</aspectratio>
	<texture fallback="DefaultVideoPoster.png" background="true">$VAR[value_poster]</texture>
	<bordertexture border="-2">black.png</bordertexture>
	</control>
	</control>

	<control type="group"><!-- FILMES ESTOJO -->
	<posx>730</posx>
	<posy>75</posy>
	<include>Animation_Fade</include>
	<visible>!Skin.HasSetting(novideomediacase) + Container.Content(movies)</visible>
	<control type="image"><!-- Poster reflexo -->
	<posx>-3</posx>
	<posy>434</posy>
	<width>245</width>
	<height>350</height>
	<fadetime>FanartCrossFadeTime</fadetime>
	<texture flipy="true" diffuse="thumb_reflect.png" background="true">$INFO[ListItem.Icon]</texture>
	<aspectratio>stretch</aspectratio>
	</control>
	<control type="image"><!-- Estojo reflexo -->
	<posx>-26</posx>
	<posy>398</posy>
	<width>295</width>
	<height>435</height>
	<fadetime>FanartCrossFadeTime</fadetime>
	<texture flipy="true" diffuse="thumb_box_reflect.png">$VAR[value_videocase0]</texture>
	<aspectratio>stretch</aspectratio>
	</control>
	<control type="image"><!-- Poster -->
	<posx>-3</posx>
	<posy>55</posy>
	<width>245</width>
	<height>350</height>
	<fadetime>FanartCrossFadeTime</fadetime>
	<texture fallback="DefaultVideoPoster.png" background="true">$VAR[value_poster]</texture>
	</control>
	<control type="image"><!-- Estojo -->
	<posx>-26</posx>
	<posy>0</posy>
	<width>295</width>
	<height>435</height>
	<fadetime>FanartCrossFadeTime</fadetime>
	<texture>$VAR[value_videocase0]</texture>
	</control>
	<control type="image"><!-- Codec -->
	<posx>86</posx>
	<posy>-3</posy>
	<width>70</width>
	<height>70</height>
	<fadetime>FanartCrossFadeTime</fadetime>
	<align>center</align>
	<aligny>center</aligny>
	<aspectratio scalediffuse="true">keep</aspectratio>
	<texture>$VAR[value_videocodec0]</texture>
	</control>
	</control>

	<control type="group"><!-- MUSICA -->
	<include>Animation_Fade</include>
	<visible>[Window.IsActive(500) | Window.IsActive(501) | Window.IsActive(502)] + Skin.HasSetting(noaudiomediacase)</visible>
	<control type="image"><!-- Musica reflexo -->
	<posx>-5</posx>
	<posy>420</posy>
	<width>245</width>
	<height>350</height>
	<fadetime>FanartCrossFadeTime</fadetime>
	<aspectratio align="center" aligny="top">keep</aspectratio>
	<texture flipy="true" diffuse="thumb_reflect.png" background="true">$INFO[ListItem.Icon]</texture>
	<bordertexture flipy="true" diffuse="thumb_reflect.png" border="-2">black.png</bordertexture>
	</control>
	<control type="image"><!-- Musica -->
	<posx>-5</posx>
	<posy>65</posy>
	<width>245</width>
	<height>350</height>
	<fadetime>FanartCrossFadeTime</fadetime>
	<aspectratio align="center" aligny="bottom">keep</aspectratio>
	<texture fallback="DefaultAudioCover.png" background="true">$INFO[ListItem.Icon]</texture>
	<bordertexture border="-2">black.png</bordertexture>
	</control>
	</control>

	<control type="group"><!-- MUSICA ESTOJO -->
	<include>Animation_Fade</include>
	<visible>[Window.IsActive(500) | Window.IsActive(501) | Window.IsActive(502)] + !Skin.HasSetting(noaudiomediacase)</visible>
	<control type="image"><!-- Musica/Estojo reflexo-->
	<posx>18</posx>
	<posy>420</posy>
	<width>230</width>
	<height>230</height>
	<fadetime>FanartCrossFadeTime</fadetime>
	<aspectratio scalediffuse="false">stretch</aspectratio>
	<texture flipy="true" diffuse="thumb_box_diffuse_reflect.png" background="true">$INFO[ListItem.Icon]</texture>
	</control>
	<control type="image"><!-- Estojo reflexo -->
	<posx>-20</posx>
	<posy>418</posy>
	<width>278</width>
	<height>243</height>
	<texture flipy="true" diffuse="thumb_box_reflect.png">thumb_box_cd.png</texture>
	</control>
	<control type="image"><!-- Musica -->
	<posx>18</posx>
	<posy>194</posy>
	<width>230</width>
	<height>230</height>
	<fadetime>FanartCrossFadeTime</fadetime>
	<aspectratio scalediffuse="false">stretch</aspectratio>
	<texture diffuse="thumb_box_diffuse.png" fallback="DefaultAudioCover.png" background="true">$INFO[ListItem.Icon]</texture>
	</control>
	<control type="image"><!-- Estojo -->
	<posx>-20</posx>
	<posy>190</posy>
	<width>278</width>
	<height>243</height>
	<texture>thumb_box_cd.png</texture>
	<colordiffuse>DEFFFFFF</colordiffuse>
	</control>
	</control>

	<control type="group"><!-- GENERO -->
	<visible>[Window.IsActive(500) | Window.IsActive(501) | Window.IsActive(502)] + Container.Content(genres)</visible>
	<control type="image"><!-- Genre icon -->
	<posy>165</posy>
	<width>346</width>
	<height>346</height>
	<fadetime>FanartCrossFadeTime</fadetime>
	<aspectratio scalediffuse="false">stretch</aspectratio>
	<texture fallback="DefaultMusicGenre.jpg">$VAR[value_musicgenre_icon]</texture>
	<bordertexture border="-2">black.png</bordertexture>
	</control>
	<control type="image"><!-- Genre icon Reflect -->
	<posy>513</posy>
	<width>346</width>
	<height>346</height>
	<fadetime>FanartCrossFadeTime</fadetime>
	<aspectratio scalediffuse="false">stretch</aspectratio>
	<texture flipy="true" diffuse="thumb_reflect.png" fallback="DefaultMusicGenre.jpg">$VAR[value_musicgenre_icon]</texture>
	<bordertexture flipy="true" diffuse="thumb_reflect.png" border="-2">black.png</bordertexture>
	</control>
	</control>
	<control type="image"><!-- Logo -->
	<posx>1050</posx>
	<posy>60</posy>
	<height>145</height>
	<width>190</width>
	<aspectratio>keep</aspectratio>
	<texture background="true">$INFO[ListItem.Art(clearlogo)]</texture>
	</control>
	<control type="image"><!-- ClearArt -->
	<posx>1040</posx>
	<posy>335</posy>
	<height>200</height>
	<width>200</width>
	<aspectratio align="bottom">keep</aspectratio>
	<texture background="true">$INFO[ListItem.Art(clearart)]</texture>
	</control>
	<control type="image">
	<posx>300</posx>
	<posy>490</posy>
	<height>2</height>
	<width>980</width>
	<texture>separator.png</texture>
	</control>
	<control type="textbox"><!-- Plot -->
	<posx>350</posx>
	<posy>500</posy>
	<width>885</width>
	<height>140</height>
	<align>justify</align>
	<font>Font_16</font>
	<label>$INFO[ListItem.Plot]</label>
	<textcolor>FFFFFAF0</textcolor>
	<autoscroll delay="15000" time="5000" repeat="15000">!Skin.HasSetting(noinfoplotscroll)</autoscroll>
	</control>
	</control>
	</control>

	<control type="group">
	<visible>Control.IsVisible(57)</visible>
	<control type="button" id="9916">
	<include>InvisibleButton</include>
	<onleft>57</onleft>
	<onright>9920</onright>
	<onup>57</onup>
	<ondown>57</ondown>
	</control>
	<control type="image">
	<posx>300</posx>
	<posy>-30</posy>
	<width>30</width>
	<height>720</height>
	<texture>shadow.png</texture>
	<colordiffuse>C3FFFFFF</colordiffuse>
	</control>
	<control type="image">
	<posx>0</posx>
	<posy>-30</posy>
	<width>300</width>
	<height>720</height>
	<texture>grey.png</texture>
	<colordiffuse>90FFFFFF</colordiffuse>
	</control>
	<control type="image">
	<posx>0</posx>
	<posy>658</posy>
	<width>298</width>
	<height>3</height>
	<texture flipx="true">divider.png</texture>
	<colordiffuse>90FFFFFF</colordiffuse>
	</control>
	<control type="label"><!-- Contador de pagina -->
	<posx>20</posx>
	<posy>665</posy>
	<width>150</width>
	<height>22</height>
	<label>$LOCALIZE[31757] $INFO[Container.CurrentPage]/$INFO[Container.NumPages]</label>
	<font>Font_15</font>
	<align>left</align>
	<textcolor>FF101010</textcolor>
	<include>Animation_Fade</include>
	</control>
	<control type="image">
	<posx>298</posx>
	<posy>-30</posy>
	<width>2</width>
	<height>720</height>
	<texture>separator_v.png</texture>
	</control>
	<control type="list" id="57">
	<viewtype label="31827">List</viewtype>
	<posx>0</posx>
	<posy>0</posy>
	<width>300</width>
	<height>650</height>
	<onleft>9900</onleft>
	<onright condition="!Skin.HasSetting(panelglassliston)">9916</onright>
	<onright condition="Skin.HasSetting(panelglassliston)">9920</onright>
	<orientation>vertical</orientation>
	<scrolltime>450</scrolltime>
	<preloaditems>2</preloaditems>
	<focusposition>0</focusposition>
	<pagecontrol>-</pagecontrol>
	<itemlayout width="300" height="40">
	<control type="image">
	<posx>0</posx>
	<posy>0</posy>
	<width>298</width>
	<height>3</height>
	<texture flipx="true">divider.png</texture>
	<colordiffuse>90FFFFFF</colordiffuse>
	</control>
	<control type="label">
	<posx>20</posx>
	<posy>1</posy>
	<width>260</width>
	<height>40</height>
	<font>Font_23</font>
	<label>$INFO[ListItem.Label]</label>
	<align>left</align>
	<aligny>center</aligny>
	<textcolor>FF101010</textcolor>
	</control>
	</itemlayout>
	<focusedlayout condition="IsEmpty(Control.GetLabel(198)) | Window.IsActive(25) + Skin.HasSetting(slimglasslistvideo) | [Window.IsActive(500) | Window.IsActive(501) | Window.IsActive(502)] + Skin.HasSetting(slimglasslistmusic)" width="300" height="40">
	<control type="image">
	<posx>0</posx>
	<posy>0</posy>
	<width>299</width>
	<height>40</height>
	<texture>settings_button.png</texture>
	<colordiffuse>F9FFFFFF</colordiffuse>
	<animation effect="fade" start="100" end="75" time="0" condition="!Control.Hasfocus(57)">conditional</animation>
	</control>
	<control type="label">
	<posx>20</posx>
	<posy>1</posy>
	<width>260</width>
	<height>40</height>
	<font>Font_23</font>
	<label>$INFO[ListItem.Label]</label>
	<align>left</align>
	<aligny>center</aligny>
	<textcolor>FFFFFAF0</textcolor>
	<animation effect="fade" start="100" end="90" time="0" condition="!Control.Hasfocus(57)">conditional</animation>
	</control>
	</focusedlayout>
	<focusedlayout condition="![IsEmpty(Control.GetLabel(198)) | Window.IsActive(25) + Skin.HasSetting(slimglasslistvideo) | [Window.IsActive(500) | Window.IsActive(501) | Window.IsActive(502)] + Skin.HasSetting(slimglasslistmusic)]" width="300" height="60">
	<control type="image">
	<posx>0</posx>
	<posy>0</posy>
	<width>299</width>
	<height>60</height>
	<texture>settings_button_large.png</texture>
	<colordiffuse>F9FFFFFF</colordiffuse>
	<animation effect="fade" start="100" end="75" time="0" condition="!Control.Hasfocus(57)">conditional</animation>
	</control>
	<control type="label">
	<posx>20</posx>
	<posy>-8</posy>
	<width>260</width>
	<height>60</height>
	<font>Font_23</font>
	<label>$INFO[ListItem.Label]</label>
	<align>left</align>
	<aligny>center</aligny>
	<textcolor>FFFFFAF0</textcolor>
	<animation effect="fade" start="100" end="90" time="0" condition="!Control.Hasfocus(57)">conditional</animation>
	</control>
	<control type="label">
	<posx>20</posx>
	<posy>35</posy>
	<width>260</width>
	<height>20</height>
	<font>Font_16</font>
	<label>[UPPERCASE]$INFO[ListItem.Tagline][/UPPERCASE]</label>
	<align>left</align>
	<aligny>center</aligny>
	<textcolor>80FFFAF0</textcolor>
	</control>
	</focusedlayout>
	</control>
	<control type="image">
	<posx>0</posx>
	<posy>-30</posy>
	<width>313</width>
	<height>720</height>
	<texture>menu_glass.png</texture>
	<colordiffuse>70FFFAF0</colordiffuse>
	</control>
	<control type="label" id="198"><!-- Tag -->
	<include>InvisibleButton</include>
	<label>$INFO[ListItem.Tagline]</label>
	</control>
	</control>
	</include>
	</includes>