	<!-- Ace -->

	<includes>
	<!--##################################################################################   VISTAS LIVETV   ##################################################################################-->
	<include name="ViewEPGTimeline">
	<control type="group">
	<visible>Control.IsVisible(10)</visible>
	<animation effect="fade" reversible="true" time="300">VisibleChange</animation>
	<control type="epggrid" id="10">
	<posx>40</posx>
	<posy>81</posy>
	<width>1200</width>
	<height>550</height>
	<pagecontrol>10</pagecontrol>
	<scrolltime>350</scrolltime>
	<timeblocks>40</timeblocks>
	<rulerunit>6</rulerunit>
	<onleft>31</onleft>
	<onright>31</onright>
	<onup>10</onup>
	<ondown>10</ondown>
	<rulerlayout height="30" width="40">
	<control type="image" id="1">
	<posx>0</posx>
	<posy>0</posy>
	<width>40</width>
	<height>29</height>
	<texture>settings_button_focus.png</texture>
	</control>
	<control type="label" id="2">
	<posx>5</posx>
	<posy>0</posy>
	<width>40</width>
	<height>29</height>
	<aligny>center</aligny>
	<align>left</align>
	<font>Font_18</font>
	<include>listcolor</include>
	<label>$INFO[ListItem.Label]</label>
	<textcolor>$VAR[value_headercolor]</textcolor>
	</control>
	</rulerlayout>
	<channellayout height="52" width="230">
	<animation effect="fade" start="110" time="200">UnFocus</animation>
	<control type="image" id="1">
	<posx>0</posx>
	<posy>0</posy>
	<width>220</width>
	<height>52</height>
	<texture>settings_button_focus.png</texture>
	<animation effect="fade" end="60" condition="true">Conditional</animation>
	</control>
	<control type="image">
	<posx>170</posx>
	<posy>4</posy>
	<width>45</width>
	<height>44</height>
	<texture fallback="DefaultAudioCover.png" background="true">$INFO[ListItem.Icon]</texture>
	<bordertexture border="-2">black.png</bordertexture>
	</control>
	<control type="label" id="1">
	<posx>160</posx>
	<posy>0</posy>
	<width>155</width>
	<height>52</height>
	<aligny>center</aligny>
	<align>right</align>
	<font>Font_18</font>
	<include>listcolor</include>
	<label>$INFO[ListItem.ChannelName]</label>
	</control>
	</channellayout>
	<focusedchannellayout height="52" width="230">
	<animation effect="fade" start="110" time="200">OnFocus</animation>
	<control type="image" id="1">
	<posx>0</posx>
	<posy>0</posy>
	<width>220</width>
	<height>52</height>
	<texture>settings_button_focus.png</texture>
	</control>
	<control type="image">
	<posx>170</posx>
	<posy>4</posy>
	<width>45</width>
	<height>44</height>
	<texture fallback="DefaultAudioCover.png" background="true">$INFO[ListItem.Icon]</texture>
	<bordertexture border="-2">grey.png</bordertexture>
	</control>
	<control type="label" id="1">
	<posx>160</posx>
	<posy>0</posy>
	<width>155</width>
	<height>52</height>
	<aligny>center</aligny>
	<align>right</align>
	<font>Font_18</font>
	<include>listcolorfocus</include>
	<label>$INFO[ListItem.ChannelName]</label>
	<textcolor>$VAR[value_headercolorfocus]</textcolor>
	</control>
	</focusedchannellayout>
	<itemlayout height="52" width="50">
	<control type="image" id="2">
	<width>40</width>
	<height>52</height>
	<posx>0</posx>
	<posy>0</posy>
	<aspectratio>stretch</aspectratio>
	<texture>genres/$INFO[ListItem.Property(GenreType)].png</texture>
	</control>
	<control type="label" id="1">
	<posx>6</posx>
	<posy>3</posy>
	<width>42</width>
	<height>25</height>
	<aligny>center</aligny>
	<align>left</align>
	<font>Font_18</font>
	<include>listcolor</include>
	<info>ListItem.Label</info>
	</control>
	<control type="image">
	<posx>5</posx>
	<posy>28</posy>
	<width>30</width>
	<height>20</height>
	<texture>pvr_isrecording.png</texture>
	<visible>ListItem.IsRecording</visible>
	</control>
	<control type="image">
	<posx>5</posx>
	<posy>28</posy>
	<width>20</width>
	<height>20</height>
	<texture>pvr_hastimer.png</texture>
	<visible>ListItem.HasTimer + !ListItem.IsRecording</visible>
	</control>
	</itemlayout>
	<focusedlayout height="52" width="50">
	<control type="image" id="14">
	<width>49</width>
	<height>52</height>
	<posx>0</posx>
	<posy>0</posy>
	<texture>settings_button_focus.png</texture>
	</control>
	<control type="image" id="2">
	<width>40</width>
	<height>52</height>
	<posx>0</posx>
	<posy>0</posy>
	<aspectratio>stretch</aspectratio>
	<texture>genres/$INFO[ListItem.Property(GenreType)].png</texture>
	</control>
	<control type="label" id="1">
	<posx>6</posx>
	<posy>3</posy>
	<width>42</width>
	<height>25</height>
	<aligny>center</aligny>
	<align>left</align>
	<font>Font_18</font>
	<include>listcolorfocus</include>
	<info>ListItem.Label</info>
	</control>
	<control type="image">
	<posx>5</posx>
	<posy>28</posy>
	<width>30</width>
	<height>20</height>
	<texture>pvr_isrecording.png.png</texture>
	<visible>ListItem.IsRecording</visible>
	</control>
	<control type="image">
	<posx>5</posx>
	<posy>28</posy>
	<width>20</width>
	<height>20</height>
	<texture>pvr_hastimer.png</texture>
	<visible>ListItem.HasTimer + !ListItem.IsRecording</visible>
	</control>
	</focusedlayout>
	</control>
	</control>
	</include>

	<include name="ViewLiveTVChannel">
	<control type="group">
	<animation effect="fade" reversible="true" time="300">VisibleChange</animation>
	<animation effect="slide" start="0,0" end="-320,0" time="300" easing="out" tween="cubic" condition="Player.HasVideo + System.IdleTime(8) | Control.HasFocus(9920)">Conditional</animation>
	<visible>Control.IsVisible(11)</visible>
	<include>BackMenuV</include><!-- Fundo Menu -->
	<control type="label">
	<posx>20</posx>
	<posy>695</posy>
	<width>260</width>
	<height>22</height>
	<font>Font_15</font>
	<align>left</align>
	<textcolor>E4101010</textcolor>
	<include>Animation_Fade</include>
	<label>[UPPERCASE]$INFO[Control.GetLabel(29)][COLOR=80ffffff] | [/COLOR]$INFO[Control.GetLabel(30)][COLOR=80ffffff] | [/COLOR]$VAR[value_pvrnumitems][/UPPERCASE]</label>
	<scroll>true</scroll>
	<scrollout>false</scrollout>
	</control>
	<include>Date</include>
	<control type="list" id="11">
	<viewtype>list</viewtype>
	<posx>0</posx>
	<posy>65</posy>
	<width>300</width>
	<height>583</height>
	<onright condition="Player.HasVideo">600</onright>
	<onright condition="!Player.HasVideo">403</onright>
	<ondown>11</ondown>
	<orientation>vertical</orientation>
	<focusposition>2</focusposition>
	<scrolltime>300</scrolltime>
	<pagecontrol>71</pagecontrol>
	<itemlayout width="300" height="40">
	<control type="image">
	<posx>0</posx>
	<posy>0</posy>
	<width>298</width>
	<height>3</height>
	<texture flipx="true">divider.png</texture>
	<colordiffuse>90FFFFFF</colordiffuse>
	</control>
	<control type="label">
	<posx>20</posx>
	<posy>1</posy>
	<width>260</width>
	<height>40</height>
	<font>Font_23</font>
	<label>$INFO[ListItem.ChannelNumber]$INFO[ListItem.Label, - ]</label>
	<align>left</align>
	<aligny>center</aligny>
	<textcolor>E4101010</textcolor>
	<selectedcolor>$VAR[value_headercolor]</selectedcolor>
	</control>
	</itemlayout>
	<focusedlayout width="300" height="60">
	<control type="image">
	<posx>0</posx>
	<posy>0</posy>
	<width>299</width>
	<height>60</height>
	<texture>settings_button_large.png</texture>
	<colordiffuse>$VAR[value_texturecolor]</colordiffuse>
	<include>Animation_DefaultGlass</include>
	<animation effect="fade" start="100" end="50" time="0" condition="!Control.Hasfocus(11)">conditional</animation>
	</control>
	<control type="label">
	<posx>20</posx>
	<posy>-8</posy>
	<width>260</width>
	<height>60</height>
	<font>Font_23</font>
	<label>$INFO[ListItem.ChannelNumber]$INFO[ListItem.Label, - ]</label>
	<align>left</align>
	<aligny>center</aligny>
	<textcolor>FFFFFAF0</textcolor>
	<selectedcolor>$VAR[value_headercolorfocus]</selectedcolor>
	<animation effect="fade" start="100" end="50" time="0" condition="!Control.Hasfocus(11)">conditional</animation>
	</control>
	<control type="progress">
	<posx>20</posx>
	<posy>46</posy>
	<width>260</width>
	<height>6</height>
	<info>ListItem.Progress</info>
	<include>Animation_Fade</include>
	<visible>ListItem.HasEpg</visible>
	</control>
	</focusedlayout>
	</control>
	<control type="image">
	<posx>0</posx>
	<posy>537.5</posy>
	<width>1280</width>
	<height>98</height>
	<aspectratio>stretch</aspectratio>
	<colordiffuse>d0FFFFFF</colordiffuse>
	<texture background="true">home_menubar_gradient.png</texture>
	</control>
	<include>Glass</include>
	<control type="scrollbar" id="71">
	<include>ScrollBar_Horizontal</include>
	<posx>620</posx>
	<posy>645</posy>
	<width>590</width>
	<onup>SetFocus(11)</onup>
	<ondown>9920</ondown>
	<onleft>71</onleft>
	<onright>71</onright>
	<include>Animation_Fade</include>
	<visible allowhiddenfocus="true">Control.IsVisible(11) + Control.HasFocus(71)</visible>
	</control>
	</control>
	</include>

	<include name="ViewLiveRadioChannel">
	<control type="group">
	<animation effect="fade" reversible="true" time="300">VisibleChange</animation>
	<animation effect="slide" start="0,0" end="-320,0" time="300" easing="out" tween="cubic" condition="Player.HasAudio + System.IdleTime(8) | Control.HasFocus(9920)">Conditional</animation>
	<visible>Control.IsVisible(12)</visible>
	<include>BackMenuV</include><!-- Fundo Menu -->
	<control type="label">
	<posx>20</posx>
	<posy>695</posy>
	<width>260</width>
	<height>22</height>
	<font>Font_15</font>
	<align>left</align>
	<textcolor>E4101010</textcolor>
	<include>Animation_Fade</include>
	<label>[UPPERCASE]$INFO[Control.GetLabel(29)][COLOR=80ffffff] | [/COLOR]$INFO[Control.GetLabel(30)][COLOR=80ffffff] | [/COLOR]$VAR[value_pvrnumitems][/UPPERCASE]</label>
	<scroll>true</scroll>
	<scrollout>false</scrollout>
	</control>
	<control type="list" id="12">
	<viewtype>list</viewtype>
	<posx>0</posx>
	<posy>65</posy>
	<width>300</width>
	<height>583</height>
	<onright condition="Player.HasVideo">600</onright>
	<onright condition="!Player.HasVideo">403</onright>
	<ondown>11</ondown>
	<orientation>vertical</orientation>
	<focusposition>2</focusposition>
	<scrolltime>300</scrolltime>
	<pagecontrol>71</pagecontrol>
	<itemlayout width="300" height="40">
	<control type="image">
	<posx>0</posx>
	<posy>0</posy>
	<width>298</width>
	<height>3</height>
	<texture flipx="true">divider.png</texture>
	<colordiffuse>90FFFFFF</colordiffuse>
	</control>
	<control type="label">
	<posx>20</posx>
	<posy>1</posy>
	<width>260</width>
	<height>40</height>
	<font>Font_23</font>
	<label>$INFO[ListItem.ChannelNumber]$INFO[ListItem.Label, - ]</label>
	<align>left</align>
	<aligny>center</aligny>
	<textcolor>E4101010</textcolor>
	<selectedcolor>$VAR[value_headercolor]</selectedcolor>
	</control>
	</itemlayout>
	<focusedlayout width="300" height="60">
	<control type="image">
	<posx>0</posx>
	<posy>0</posy>
	<width>299</width>
	<height>60</height>
	<texture>settings_button_large.png</texture>
	<colordiffuse>$VAR[value_texturecolor]</colordiffuse>
	<include>Animation_DefaultGlass</include>
	<animation effect="fade" start="100" end="50" time="0" condition="!Control.Hasfocus(12)">conditional</animation>
	</control>
	<control type="label">
	<posx>20</posx>
	<posy>-8</posy>
	<width>260</width>
	<height>60</height>
	<font>Font_23</font>
	<label>$INFO[ListItem.ChannelNumber]$INFO[ListItem.Label, - ]</label>
	<align>left</align>
	<aligny>center</aligny>
	<textcolor>FFFFFAF0</textcolor>
	<selectedcolor>$VAR[value_headercolorfocus]</selectedcolor>
	<animation effect="fade" start="100" end="50" time="0" condition="!Control.Hasfocus(12)">conditional</animation>
	</control>
	<control type="progress">
	<posx>20</posx>
	<posy>46</posy>
	<width>260</width>
	<height>6</height>
	<info>Container(12).ListItem.Progress</info>
	<include>Animation_Fade</include>
	<visible>Container(12).ListItem.HasEpg</visible>
	</control>
	</focusedlayout>
	</control>
	<control type="scrollbar" id="72">
	<include>ScrollBar_Horizontal</include>
	<posx>350</posx>
	<posy>653</posy>
	<width>590</width>
	<onup>12</onup>
	<ondown>9920</ondown>
	<onleft>72</onleft>
	<onright>72</onright>
	<include>Animation_Fade</include>
	<visible allowhiddenfocus="true">Control.IsVisible(12) + Control.HasFocus(72)</visible>
	</control>
	<control type="image">
	<posx>0</posx>
	<posy>537.5</posy>
	<width>1280</width>
	<height>98</height>
	<aspectratio>stretch</aspectratio>
	<colordiffuse>d0FFFFFF</colordiffuse>
	<texture background="true">home_menubar_gradient.png</texture>
	</control>
	<include>Glass</include>
	<control type="scrollbar" id="71">
	<include>ScrollBar_Horizontal</include>
	<posx>620</posx>
	<posy>645</posy>
	<width>590</width>
	<onup>SetFocus(11)</onup>
	<ondown>9920</ondown>
	<onleft>71</onleft>
	<onright>71</onright>
	<include>Animation_Fade</include>
	<visible allowhiddenfocus="true">Control.IsVisible(11) + Control.HasFocus(71)</visible>
	</control>
	</control>
	</include>

	<include name="ViewLiveTVRecordings">
	<control type="group">
	<animation effect="fade" reversible="true" time="300">VisibleChange</animation>
	<visible>Control.IsVisible(13)</visible>
	<control type="group">
	<posx>0</posx>
	<posy>30</posy>
	<control type="panel" id="13">
	<posx>165</posx>
	<posy>65</posy>
	<width>950</width>
	<height>360</height>
	<onleft>34</onleft>
	<onright>73</onright>
	<onup>13</onup>
	<ondown>13</ondown>
	<viewtype label="544">list</viewtype>
	<pagecontrol>73</pagecontrol>
	<scrolltime>200</scrolltime>
	<itemlayout height="45" width="950">
	<control type="image">
	<posx>5</posx>
	<posy>3</posy>
	<width>55</width>
	<height>39</height>
	<texture fallback="DefaultAudioCover.png" background="true">$INFO[ListItem.Icon]</texture>
	<bordertexture border="-2">black.png</bordertexture>
	</control>
	<control type="label">
	<posx>70</posx>
	<posy>0</posy>
	<width>800</width>
	<height>45</height>
	<align>left</align>
	<aligny>center</aligny>
	<font>Font_23</font>
	<textcolor>FFFFFAF0</textcolor>
	<label>$INFO[ListItem.Label]</label>
	</control>
	<control type="label">
	<posx>930</posx>
	<posy>0</posy>
	<width>695</width>
	<height>45</height>
	<align>right</align>
	<aligny>center</aligny>
	<font>Font_15</font>
	<textcolor>FFFFFAF0</textcolor>
	<label>$INFO[ListItem.Date]</label>
	</control>
	</itemlayout>
	<focusedlayout height="45" width="950">
	<control type="image">
	<posx>0</posx>
	<posy>0</posy>
	<width>950</width>
	<height>45</height>
	<texture>settings_button_focus.png</texture>
	</control>
	<control type="image">
	<posx>5</posx>
	<posy>3</posy>
	<width>55</width>
	<height>39</height>
	<texture fallback="DefaultAudioCover.png" background="true">$INFO[ListItem.Icon]</texture>
	<bordertexture border="-2">grey.png</bordertexture>
	</control>
	<control type="label">
	<posx>70</posx>
	<posy>0</posy>
	<width>800</width>
	<height>45</height>
	<align>left</align>
	<aligny>center</aligny>
	<font>Font_23</font>
	<textcolor>E4101010</textcolor>
	<label>$INFO[ListItem.Label]</label>
	</control>
	<control type="label">
	<posx>930</posx>
	<posy>0</posy>
	<width>695</width>
	<height>45</height>
	<align>right</align>
	<aligny>center</aligny>
	<font>Font_23</font>
	<textcolor>E4101010</textcolor>
	<label>$INFO[ListItem.Date]</label>
	</control>
	</focusedlayout>
	</control>
	<control type="group">
	<control type="label">
	<posx>360</posx>
	<posy>470</posy>
	<width>840</width>
	<height>35</height>
	<scroll>true</scroll>
	<align>left</align>
	<aligny>center</aligny>
	<font>Font_23</font>
	<textcolor>E4101010</textcolor>
	<label>$INFO[ListItem.Label]</label>
	</control>
	<control type="image">
	<posx>80</posx>
	<posy>470</posy>
	<width>266</width>
	<height>150</height>
	<texture fallback="DefaultAudioCover.png" background="true">$INFO[ListItem.Icon]</texture>
	<aspectratio align="right">keep</aspectratio>
	<bordertexture border="-2">grey.png</bordertexture>
	<fadetime>FanartCrossFadeTime</fadetime>
	</control>
	<control type="textbox">
	<posx>360</posx>
	<posy>510</posy>
	<width>840</width>
	<height>105</height>
	<scroll>true</scroll>
	<align>left</align>
	<label>$VAR[value_plot]</label>
	<font>Font_16</font>
	<textcolor>FFFFFAF0</textcolor>
	<autoscroll delay="8000" time="2000" repeat="8000">!Skin.HasSetting(noallowscroll)</autoscroll>
	</control>
	</control>
	</control>
	<control type="scrollbar" id="73">
	<include>ScrollBar_Vertical</include>
	<posx>1195</posx>
	<posy>108</posy>
	<height>530</height>
	<onleft>13</onleft>
	<onright>34</onright>
	<ondown>73</ondown>
	<onup>73</onup>
	</control>
	</control>
	</include>

	<include name="ViewLiveTVTimers">
	<control type="group">
	<animation effect="fade" reversible="true" time="300">VisibleChange</animation>
	<visible>Control.IsVisible(14)</visible>
	<control type="group">
	<posx>90</posx>
	<posy>85</posy>
	<control type="image">
	<description>header image</description>
	<posx>0</posx>
	<posy>0</posy>
	<width>1100</width>
	<height>2</height>
	<texture>divider.png</texture>
	</control>
	<control type="label">
	<description>Title header label</description>
	<posx>55</posx>
	<posy>0</posy>
	<width>300</width>
	<height>35</height>
	<align>left</align>
	<aligny>center</aligny>
	<label>369</label>
	<font>Font_23</font>
	<textcolor>$VAR[value_headercolor]</textcolor>
	</control>
	<control type="label">
	<description>Schedule Time header label</description>
	<posx>1040</posx>
	<posy>0</posy>
	<width>600</width>
	<height>35</height>
	<align>right</align>
	<aligny>center</aligny>
	<label>31700</label>
	<font>Font_23</font>
	<textcolor>$VAR[value_headercolor]</textcolor>
	</control>
	<control type="panel" id="14">
	<posx>0</posx>
	<posy>35</posy>
	<width>1100</width>
	<height>540</height>
	<onup>14</onup>
	<ondown>14</ondown>
	<onleft>35</onleft>
	<onright>73</onright>
	<pagecontrol>73</pagecontrol>
	<scrolltime>200</scrolltime>
	<itemlayout height="45" width="1100">
	<control type="image">
	<posx>10</posx>
	<posy>5</posy>
	<width>35</width>
	<height>35</height>
	<texture fallback="DefaultAudioCover.png" background="true">$INFO[ListItem.Icon]</texture>
	<bordertexture border="-2">black.png</bordertexture>
	</control>
	<control type="label">
	<posx>55</posx>
	<posy>0</posy>
	<width>900</width>
	<height>45</height>
	<align>left</align>
	<aligny>center</aligny>
	<info>ListItem.Label</info>
	<font>Font_23</font>
	<textcolor>FFFFFAF0</textcolor>
	</control>
	<control type="label">
	<posx>1040</posx>
	<posy>0</posy>
	<width>900</width>
	<height>45</height>
	<align>right</align>
	<aligny>center</aligny>
	<info>ListItem.Date</info>
	<font>Font_15</font>
	<textcolor>FFFFFAF0</textcolor>
	</control>
	<control type="image">
	<posx>1050</posx>
	<posy>7</posy>
	<width>40</width>
	<height>30</height>
	<texture>pvr_isrecording.png</texture>
	<visible>StringCompare(ListItem.Comment,$LOCALIZE[19162])</visible>
	</control>
	<control type="image">
	<posx>1055</posx>
	<posy>11</posy>
	<width>30</width>
	<height>23</height>
	<texture>OverlayWatched.png</texture>
	<visible>StringCompare(ListItem.Comment,$LOCALIZE[305])</visible>
	</control>
	</itemlayout>
	<focusedlayout height="45" width="1100">
	<control type="image">
	<posx>0</posx>
	<posy>0</posy>
	<width>1100</width>
	<height>45</height>
	<texture>settings_button_focus.png</texture>
	</control>
	<control type="image">
	<posx>10</posx>
	<posy>5</posy>
	<width>35</width>
	<height>35</height>
	<texture fallback="DefaultAudioCover.png" background="true">$INFO[ListItem.Icon]</texture>
	<bordertexture border="-2">grey.png</bordertexture>
	</control>
	<control type="label">
	<posx>55</posx>
	<posy>0</posy>
	<width>900</width>
	<height>45</height>
	<align>left</align>
	<aligny>center</aligny>
	<info>ListItem.Label</info>
	<font>Font_23</font>
	<textcolor>E4101010</textcolor>
	</control>
	<control type="label">
	<posx>1040</posx>
	<posy>0</posy>
	<width>900</width>
	<height>45</height>
	<align>right</align>
	<aligny>center</aligny>
	<info>ListItem.Date</info>
	<font>Font_15</font>
	<textcolor>E4101010</textcolor>
	</control>
	<control type="image">
	<posx>1050</posx>
	<posy>7</posy>
	<width>40</width>
	<height>30</height>
	<texture>pvr_isrecording.png.png</texture>
	<visible>StringCompare(ListItem.Comment,$LOCALIZE[19162])</visible>
	</control>
	<control type="image">
	<posx>1055</posx>
	<posy>11</posy>
	<width>30</width>
	<height>23</height>
	<texture>OverlayWatched.png</texture>
	<visible>StringCompare(ListItem.Comment,$LOCALIZE[305])</visible>
	</control>
	</focusedlayout>
	</control>
	<control type="scrollbar" id="73">
	<include>ScrollBar_Vertical</include>
	<posx>1195</posx>
	<posy>108</posy>
	<height>530</height>
	<onleft>11</onleft>
	<onright>35</onright>
	<ondown>73</ondown>
	<onup>73</onup>
	<visible>Control.IsVisible(14)</visible>
	</control>
	</control>
	</control>
	</include>

	<include name="ViewLiveTVGuideChannel">
	<control type="group">
	<animation effect="fade" reversible="true" time="300">VisibleChange</animation>
	<visible>Control.IsVisible(15)</visible>
	<control type="group">
	<posx>90</posx>
	<posy>85</posy>
	<control type="image">
	<description>header image</description>
	<posx>0</posx>
	<posy>0</posy>
	<width>1100</width>
	<height>2</height>
	<texture>divider.png</texture>
	</control>
	<control type="label">
	<description>Title</description>
	<posx>55</posx>
	<posy>0</posy>
	<width>1000</width>
	<height>35</height>
	<align>left</align>
	<aligny>center</aligny>
	<label>369</label>
	<font>Font_23</font>
	<textcolor>$VAR[value_headercolor]</textcolor>
	</control>
	<control type="label">
	<description>Date Time label</description>
	<posx>1040</posx>
	<posy>0</posy>
	<width>300</width>
	<height>35</height>
	<align>right</align>
	<aligny>center</aligny>
	<label>19126</label>
	<font>Font_15</font>
	<textcolor>$VAR[value_headercolor]</textcolor>
	</control>
	<control type="list" id="15">
	<posx>0</posx>
	<posy>35</posy>
	<width>1100</width>
	<height>540</height>
	<onup>15</onup>
	<ondown>15</ondown>
	<onleft>403</onleft>
	<onright>75</onright>
	<pagecontrol>75</pagecontrol>
	<scrolltime>200</scrolltime>
	<itemlayout height="45" width="1100">
	<control type="image">
	<posx>10</posx>
	<posy>5</posy>
	<width>35</width>
	<height>35</height>
	<texture fallback="DefaultAudioCover.png" background="true">$INFO[ListItem.Icon]</texture>
	<bordertexture border="-2">black.png</bordertexture>
	</control>
	<control type="label">
	<posx>55</posx>
	<posy>0</posy>
	<width>950</width>
	<height>45</height>
	<align>left</align>
	<aligny>center</aligny>
	<info>ListItem.Label</info>
	<font>Font_23</font>
	<textcolor>FFFFFAF0</textcolor>
	</control>
	<control type="label">
	<posx>1040</posx>
	<posy>0</posy>
	<width>280</width>
	<height>45</height>
	<align>right</align>
	<aligny>center</aligny>
	<info>ListItem.Label2</info>
	<font>Font_15</font>
	<textcolor>FFFFFAF0</textcolor>
	</control>
	<control type="image">
	<posx>1050</posx>
	<posy>7</posy>
	<width>40</width>
	<height>30</height>
	<texture>pvr_isrecording.png</texture>
	<visible>ListItem.IsRecording</visible>
	</control>
	<control type="image">
	<posx>1050</posx>
	<posy>7</posy>
	<width>40</width>
	<height>30</height>
	<texture>pvr_hastimer.png</texture>
	<visible>ListItem.HasTimer + ![ListItem.IsRecording]</visible>
	</control>
	</itemlayout>
	<focusedlayout height="45" width="1100">
	<control type="image">
	<posx>0</posx>
	<posy>0</posy>
	<width>1100</width>
	<height>45</height>
	<texture>settings_button_focus.png</texture>
	</control>
	<control type="image">
	<posx>10</posx>
	<posy>5</posy>
	<width>35</width>
	<height>35</height>
	<texture fallback="DefaultAudioCover.png" background="true">$INFO[ListItem.Icon]</texture>
	<bordertexture border="-2">grey.png</bordertexture>
	</control>
	<control type="label">
	<posx>55</posx>
	<posy>0</posy>
	<width>950</width>
	<height>45</height>
	<align>left</align>
	<aligny>center</aligny>
	<info>ListItem.Label</info>
	<font>Font_23</font>
	<textcolor>E4101010</textcolor>
	</control>
	<control type="label">
	<posx>1040</posx>
	<posy>0</posy>
	<width>280</width>
	<height>45</height>
	<align>right</align>
	<aligny>center</aligny>
	<info>ListItem.Label2</info>
	<font>Font_15</font>
	<textcolor>E4101010</textcolor>
	</control>
	<control type="image">
	<posx>1050</posx>
	<posy>7</posy>
	<width>40</width>
	<height>30</height>
	<texture>pvr_isrecording.png.png</texture>
	<visible>ListItem.IsRecording</visible>
	</control>
	<control type="image">
	<posx>1050</posx>
	<posy>7</posy>
	<width>40</width>
	<height>30</height>
	<texture>pvr_hastimer.png</texture>
	<visible>ListItem.HasTimer + ![ListItem.IsRecording]</visible>
	</control>
	</focusedlayout>
	</control>
	<control type="scrollbar" id="75">
	<include>ScrollBar_Vertical</include>
	<posx>1195</posx>
	<posy>108</posy>
	<height>530</height>
	<onleft>15</onleft>
	<onright>31</onright>
	<ondown>75</ondown>
	<onup>75</onup>
	<visible>Control.IsVisible(15)</visible>
	</control>
	</control>
	</control>
	</include>

	<include name="ViewLiveTVGuideNowNext">
	<control type="group">
	<animation effect="fade" reversible="true" time="300">VisibleChange</animation>
	<visible>Control.IsVisible(16)</visible>
	<control type="group">
	<posx>80</posx>
	<posy>80</posy>
	<control type="label">
	<description>Time label</description>
	<posx>0</posx>
	<posy>20</posy>
	<width>100</width>
	<height>20</height>
	<align>center</align>
	<aligny>center</aligny>
	<label>555</label>
	<font>Font_23</font>
	<textcolor>$VAR[value_headercolor]</textcolor>
	</control>
	<control type="label">
	<description>Channel label</description>
	<posx>100</posx>
	<posy>20</posy>
	<width>250</width>
	<height>20</height>
	<align>center</align>
	<aligny>center</aligny>
	<label>19148</label>
	<font>Font_15</font>
	<textcolor>$VAR[value_headercolor]</textcolor>
	</control>
	<control type="label">
	<description>Title</description>
	<posx>350</posx>
	<posy>20</posy>
	<width>550</width>
	<height>20</height>
	<align>center</align>
	<aligny>center</aligny>
	<label>369</label>
	<font>Font_23</font>
	<textcolor>$VAR[value_headercolor]</textcolor>
	</control>
	<control type="label">
	<description>Status header label</description>
	<posx>960</posx>
	<posy>20</posy>
	<width>140</width>
	<height>20</height>
	<align>center</align>
	<aligny>center</aligny>
	<label>126</label>
	<font>Font_15</font>
	<textcolor>$VAR[value_headercolor]</textcolor>
	</control>
	<control type="image">
	<description>separator image</description>
	<posx>0</posx>
	<posy>50</posy>
	<width>1100</width>
	<height>2</height>
	<texture>divider.png</texture>
	</control>
	<control type="list" id="16">
	<posx>0</posx>
	<posy>60</posy>
	<width>1100</width>
	<height>500</height>
	<onup>16</onup>
	<ondown>16</ondown>
	<onleft>403</onleft>
	<onright>76</onright>
	<pagecontrol>76</pagecontrol>
	<scrolltime>200</scrolltime>
	<itemlayout height="40">
	<control type="image">
	<posx>100</posx>
	<posy>0</posy>
	<width>250</width>
	<height>40</height>
	<texture>grey.png</texture>
	<colordiffuse>50FFFFFF</colordiffuse>
	</control>
	<control type="image">
	<posx>960</posx>
	<posy>0</posy>
	<width>140</width>
	<height>40</height>
	<texture>grey.png</texture>
	<colordiffuse>50FFFFFF</colordiffuse>
	</control>
	<control type="label">
	<posx>50</posx>
	<posy>0</posy>
	<width>100</width>
	<height>40</height>
	<align>center</align>
	<aligny>center</aligny>
	<font>Font_23</font>
	<include>listcolor</include>
	<info>ListItem.StartTime</info>
	</control>
	<control type="image">
	<posx>110</posx>
	<posy>5</posy>
	<width>30</width>
	<height>30</height>
	<info>ListItem.Icon</info>
	</control>
	<control type="label">
	<posx>150</posx>
	<posy>0</posy>
	<width>190</width>
	<height>35</height>
	<align>left</align>
	<aligny>center</aligny>
	<font>Font_23</font>
	<include>listcolor</include>
	<info>ListItem.ChannelName</info>
	</control>
	<control type="label">
	<posx>360</posx>
	<posy>0</posy>
	<width>590</width>
	<height>35</height>
	<align>left</align>
	<aligny>center</aligny>
	<font>Font_23</font>
	<include>listcolor</include>
	<info>ListItem.Label</info>
	</control>
	<control type="image">
	<posx>970</posx>
	<posy>10</posy>
	<width>30</width>
	<height>20</height>
	<texture>pvr_isrecording.png</texture>
	<visible>ListItem.IsRecording</visible>
	</control>
	<control type="label">
	<posx>1005</posx>
	<posy>0</posy>
	<width>80</width>
	<height>40</height>
	<align>left</align>
	<aligny>center</aligny>
	<font>Font_23</font>
	<include>listcolor</include>
	<label>19043</label>
	<visible>ListItem.IsRecording</visible>
	</control>
	<control type="image">
	<posx>970</posx>
	<posy>10</posy>
	<width>20</width>
	<height>20</height>
	<texture>pvr_hastimer.png</texture>
	<visible>ListItem.HasTimer + !ListItem.IsRecording</visible>
	</control>
	<control type="label">
	<posx>1000</posx>
	<posy>0</posy>
	<width>80</width>
	<height>40</height>
	<align>left</align>
	<aligny>center</aligny>
	<font>Font_15</font>
	<include>listcolor</include>
	<label>31390</label>
	<visible>ListItem.HasTimer</visible>
	</control>
	</itemlayout>
	<focusedlayout height="100">
	<control type="image">
	<posx>0</posx>
	<posy>1</posy>
	<width>1100</width>
	<height>98</height>
	<texture>black.png</texture>
	<colordiffuse>C3FFFFFF</colordiffuse>
	</control>
	<control type="image">
	<posx>0</posx>
	<posy>0</posy>
	<width>1100</width>
	<height>100</height>
	<texture>settings_button_focus.png</texture>
	</control>
	<control type="image">
	<posx>100</posx>
	<posy>0</posy>
	<width>250</width>
	<height>40</height>
	<texture>banner_glass.png</texture>
	<visible>!Control.HasFocus(16)</visible>
	</control>
	<control type="image">
	<posx>960</posx>
	<posy>0</posy>
	<width>140</width>
	<height>40</height>
	<texture>grey.png</texture>
	<colordiffuse>50FFFFFF</colordiffuse>
	<visible>!Control.HasFocus(16)</visible>
	</control>
	<control type="image">
	<posx>100</posx>
	<posy>0</posy>
	<width>250</width>
	<height>40</height>
	<texture>grey.png</texture>
	<colordiffuse>80FFFFFF</colordiffuse>
	<visible>Control.HasFocus(16)</visible>
	</control>
	<control type="image">
	<posx>960</posx>
	<posy>0</posy>
	<width>140</width>
	<height>40</height>
	<texture>banner_glass.png</texture>
	<visible>Control.HasFocus(16)</visible>
	</control>
	<control type="label">
	<posx>50</posx>
	<posy>0</posy>
	<width>100</width>
	<height>40</height>
	<align>center</align>
	<aligny>center</aligny>
	<font>Font_15</font>
	<include>listcolorfocus</include>
	<info>ListItem.StartTime</info>
	</control>
	<control type="image">
	<posx>110</posx>
	<posy>5</posy>
	<width>30</width>
	<height>30</height>
	<info>ListItem.Icon</info>
	</control>
	<control type="label">
	<posx>150</posx>
	<posy>0</posy>
	<width>190</width>
	<height>35</height>
	<align>left</align>
	<aligny>center</aligny>
	<font>Font_23</font>
	<include>listcolorfocus</include>
	<info>ListItem.ChannelName</info>
	</control>
	<control type="label">
	<posx>360</posx>
	<posy>0</posy>
	<width>590</width>
	<height>35</height>
	<align>left</align>
	<aligny>center</aligny>
	<font>Font_23</font>
	<include>listcolorfocus</include>
	<info>ListItem.Label</info>
	</control>
	<control type="textbox">
	<description>Plot Value for TVShow</description>
	<posx>50</posx>
	<posy>43</posy>
	<width>1000</width>
	<height>50</height>
	<font>Font_16</font>
	<pagecontrol>-</pagecontrol>
	<label>$VAR[value_plot]</label>
	<include>listcolorfocus</include>
	<autoscroll delay="8000" time="2000" repeat="8000">true</autoscroll>
	</control>
	<control type="image">
	<posx>970</posx>
	<posy>10</posy>
	<width>30</width>
	<height>20</height>
	<texture>pvr_isrecording.png</texture>
	<visible>ListItem.IsRecording</visible>
	</control>
	<control type="image">
	<posx>970</posx>
	<posy>10</posy>
	<width>20</width>
	<height>20</height>
	<texture>pvr_hastimer.png</texture>
	<visible>ListItem.HasTimer + !ListItem.IsRecording</visible>
	</control>
	</focusedlayout>
	</control>
	<control type="scrollbar" id="76">
	<include>ScrollBar_Vertical</include>
	<posx>1195</posx>
	<posy>108</posy>
	<height>530</height>
	<onleft>16</onleft>
	<onright>31</onright>
	</control>
	</control>
	</control>
	</include>

	<include name="ViewLiveTVSeach">
	<control type="group">
	<animation effect="fade" reversible="true" time="300">VisibleChange</animation>
	<visible>Control.IsVisible(17)</visible>
	<control type="group">
	<posx>90</posx>
	<posy>85</posy>
	<control type="label">
	<description>Channel label</description>
	<posx>10</posx>
	<posy>0</posy>
	<width>200</width>
	<height>35</height>
	<align>left</align>
	<aligny>center</aligny>
	<label>19148</label>
	<font>Font_23</font>
	<textcolor>$VAR[value_headercolor]</textcolor>
	</control>
	<control type="label">
	<description>Title</description>
	<posx>265</posx>
	<posy>0</posy>
	<width>350</width>
	<height>35</height>
	<align>left</align>
	<aligny>center</aligny>
	<label>369</label>
	<font>Font_23</font>
	<textcolor>$VAR[value_headercolor]</textcolor>
	</control>
	<control type="label">
	<description>Time label</description>
	<posx>1040</posx>
	<posy>0</posy>
	<width>300</width>
	<height>35</height>
	<align>right</align>
	<aligny>center</aligny>
	<label>21820</label>
	<font>Font_15</font>
	<textcolor>$VAR[value_headercolor]</textcolor>
	</control>
	<control type="panel" id="17">
	<posx>0</posx>
	<posy>35</posy>
	<width>1100</width>
	<height>540</height>
	<onup>17</onup>
	<ondown>17</ondown>
	<onleft>403</onleft>
	<onright>77</onright>
	<pagecontrol>77</pagecontrol>
	<scrolltime>200</scrolltime>
	<itemlayout height="45" width="1100">
	<control type="image">
	<posx>10</posx>
	<posy>5</posy>
	<width>35</width>
	<height>35</height>
	<texture fallback="DefaultAudioCover.png" background="true">$INFO[ListItem.Icon]</texture>
	<bordertexture border="-2">black.png</bordertexture>
	</control>
	<control type="label">
	<posx>55</posx>
	<posy>0</posy>
	<width>190</width>
	<height>45</height>
	<align>left</align>
	<aligny>center</aligny>
	<font>Font_23</font>
	<textcolor>FFFFFAF0</textcolor>
	<label>$INFO[ListItem.ChannelName]</label>
	</control>
	<control type="image">
	<posx>250</posx>
	<posy>0</posy>
	<width>2</width>
	<height>45</height>
	<texture>common_linevert.png</texture>
	</control>
	<control type="label">
	<posx>265</posx>
	<posy>0</posy>
	<width>770</width>
	<height>45</height>
	<align>left</align>
	<aligny>center</aligny>
	<font>Font_23</font>
	<textcolor>FFFFFAF0</textcolor>
	<label>$INFO[ListItem.Label]</label>
	</control>
	<control type="label">
	<posx>1040</posx>
	<posy>0</posy>
	<width>760</width>
	<height>45</height>
	<align>right</align>
	<aligny>center</aligny>
	<font>Font_15</font>
	<textcolor>FFFFFAF0</textcolor>
	<label>$INFO[ListItem.StartDate] $INFO[ListItem.StartTime]</label>
	</control>
	<control type="image">
	<posx>1050</posx>
	<posy>7</posy>
	<width>40</width>
	<height>30</height>
	<texture>pvr_isrecording.png</texture>
	<visible>ListItem.IsRecording</visible>
	</control>
	<control type="image">
	<posx>1050</posx>
	<posy>7</posy>
	<width>40</width>
	<height>30</height>
	<texture>pvr_hastimer.png</texture>
	<visible>ListItem.HasTimer + ![ListItem.IsRecording]</visible>
	</control>
	</itemlayout>
	<focusedlayout height="45" width="1100">
	<control type="image">
	<posx>0</posx>
	<posy>0</posy>
	<width>1100</width>
	<height>45</height>
	<texture>settings_button_focus.png</texture>
	</control>
	<control type="image">
	<posx>10</posx>
	<posy>5</posy>
	<width>35</width>
	<height>35</height>
	<texture fallback="DefaultAudioCover.png" background="true">$INFO[ListItem.Icon]</texture>
	<bordertexture border="-2">grey.png</bordertexture>
	</control>
	<control type="label">
	<posx>55</posx>
	<posy>0</posy>
	<width>190</width>
	<height>45</height>
	<align>left</align>
	<aligny>center</aligny>
	<label>$INFO[ListItem.ChannelName]</label>
	<font>Font_23</font>
	<textcolor>E4101010</textcolor>
	</control>
	<control type="image">
	<posx>250</posx>
	<posy>0</posy>
	<width>2</width>
	<height>45</height>
	<texture>common_linevert.png</texture>
	</control>
	<control type="label">
	<posx>265</posx>
	<posy>0</posy>
	<width>770</width>
	<height>45</height>
	<align>left</align>
	<aligny>center</aligny>
	<label>$INFO[ListItem.Label]</label>
	<font>Font_23</font>
	<textcolor>E4101010</textcolor>
	</control>
	<control type="label">
	<posx>1040</posx>
	<posy>0</posy>
	<width>760</width>
	<height>45</height>
	<align>right</align>
	<aligny>center</aligny>
	<label>$INFO[ListItem.StartDate] $INFO[ListItem.StartTime]</label>
	<font>Font_15</font>
	<textcolor>E4101010</textcolor>
	</control>
	<control type="image">
	<posx>1050</posx>
	<posy>7</posy>
	<width>40</width>
	<height>30</height>
	<texture>pvr_isrecording.png.png</texture>
	<visible>ListItem.IsRecording</visible>
	</control>
	<control type="image">
	<posx>1050</posx>
	<posy>7</posy>
	<width>40</width>
	<height>30</height>
	<texture>pvr_hastimer.png</texture>
	<visible>ListItem.HasTimer + ![ListItem.IsRecording]</visible>
	</control>
	</focusedlayout>
	</control>
	<control type="scrollbar" id="77">
	<include>ScrollBar_Vertical</include>
	<posx>1195</posx>
	<posy>108</posy>
	<height>530</height>
	<onleft>17</onleft>
	<onright>36</onright>
	<ondown>77</ondown>
	<onup>77</onup>
	<visible>Control.IsVisible(17)</visible>
	</control>
	</control>
	</control>
	</include>
	</includes>