	<!-- Ace -->

	<window id="122">
	<defaultcontrol>2</defaultcontrol>
	<coordinates>
	<system>1</system>
	<posx>0</posx>
	<posy>0</posy>
	</coordinates>
	<controls>
	<control type="group">
	<include>Animation_DialogPopup</include>
	<control type="image">
	<posx>110</posx>
	<posy>0</posy>
	<width>30</width>
	<height>720</height>
	<texture flipx="true">shadow.png</texture>
	<colordiffuse>C3FFFFFF</colordiffuse>
	</control>
	<control type="image">
	<posx>1140</posx>
	<posy>0</posy>
	<width>30</width>
	<height>720</height>
	<texture>shadow.png</texture>
	<colordiffuse>C3FFFFFF</colordiffuse>
	</control>
	<control type="image">
	<posx>140</posx>
	<posy>0</posy>
	<width>1000</width>
	<height>720</height>
	<texture>black.png</texture>
	<colordiffuse>C3FFFFFF</colordiffuse>
	</control>
	<control type="image">
	<posx>140</posx>
	<posy>0</posy>
	<width>1000</width>
	<height>80</height>
	<texture>black.png</texture>
	<colordiffuse>90FFFFFF</colordiffuse>
	</control>
	<control type="label"><!-- Header Label -->
	<posx>215</posx>
	<posy>23</posy>
	<width>852</width>
	<height>30</height>
	<label>31766</label>
	<font>Font_32</font>
	<textcolor>FFFFFAF0</textcolor>
	<align>center</align>
	<aligny>center</aligny>
	<include>Animation_Fade</include>
	</control>
	<control type="label" id="4"><!-- No Presets Label -->
	<posx>215</posx>
	<posy>180</posy>
	<width>852</width>
	<height>30</height>
	<label>13390</label>
	<font>Font_23</font>
	<textcolor>FFFFFAF0</textcolor>
	<align>center</align>
	<aligny>center</aligny>
	<include>Animation_Fade</include>
	</control>
	<control type="list" id="2">
	<posx>140</posx>
	<posy>100</posy>
	<width>1000</width>
	<height>545</height>
	<itemgap>0</itemgap>
	<onleft>60</onleft>
	<onright>2</onright>
	<onup>2</onup>
	<ondown>2</ondown>
	<pagecontrol>60</pagecontrol>
	<scrolltime>450</scrolltime>
	<itemlayout height="30">
	<control type="label">
	<posx>50</posx>
	<posy>0</posy>
	<width>900</width>
	<height>30</height>
	<aligny>center</aligny>
	<font>Font_18</font>
	<textcolor>FFFFFAF0</textcolor>
	<selectedcolor>$VAR[value_headercolor]</selectedcolor>
	<info>ListItem.Label</info>
	</control>
	</itemlayout>
	<focusedlayout height="30">
	<control type="image">
	<posx>0</posx>
	<posy>0</posy>
	<width>1000</width>
	<height>30</height>
	<texture>grey.png</texture>
	<colordiffuse>95FFFFFF</colordiffuse>
	<animation effect="fade" start="100" end="50" time="0" condition="!Control.Hasfocus(2)">conditional</animation>
	</control>
	<control type="label">
	<posx>50</posx>
	<posy>0</posy>
	<width>900</width>
	<height>30</height>
	<aligny>center</aligny>
	<font>Font_18</font>
	<textcolor>FF101010</textcolor>
	<selectedcolor>$VAR[value_headercolor]</selectedcolor>
	<info>ListItem.Label</info>
	<animation effect="fade" start="100" end="50" time="0" condition="!Control.Hasfocus(2)">conditional</animation>
	</control>
	</focusedlayout>
	</control>
	<!-- ScrollBar -->
	<control type="scrollbar" id="60">
	<include>ScrollBar_Vertical</include>
	<posx>215</posx>
	<posy>140</posy>
	<height>318</height>
	<onleft>2</onleft>
	<onright>2</onright>
	<ondown>60</ondown>
	<onup>60</onup>
	<visible allowhiddenfocus="true">Control.HasFocus(60)</visible>
	</control>
	<control type="label">
	<posx>1100</posx>
	<posy>660</posy>
	<width>721</width>
	<height>40</height>
	<align>right</align>
	<aligny>center</aligny>
	<font>Font_16</font>
	<textcolor>FFFFFAF0</textcolor>
	<label>([COLOR=$VAR[value_headercolor]]$INFO[Container(2).NumItems][/COLOR]) $LOCALIZE[31210] - $LOCALIZE[31757] ([COLOR=$VAR[value_headercolor]]$INFO[Container(2).CurrentPage]/$INFO[Container(2).NumPages][/COLOR])</label>
	</control>
	</control>
	</controls>
	</window>