<window id="128">
	<defaultcontrol>10</defaultcontrol>
	<include>16x9_xPos_Relocation</include>
	<include>Window_OpenClose_Animation_Zoom</include>
	<coordinates>
		<system>1</system>
		<posx>240</posx>
		<posy>220</posy>
	</coordinates>
	<controls>
		<control type="image">
			<description>Shadow Background for dialogs without BehindDialogFadeOut include</description>
			<posx>-30</posx>
			<posy>-30</posy>
			<width>860</width>
			<height>580</height>
			<texture border="30">DialogShadow.png</texture>
		</control>
		<control type="image">
			<posx>0</posx>
			<posy>0</posy>
			<width>800</width>
			<height>60</height>
			<texture border="5">DialogHeader.png</texture>
		</control>
		<control type="label" id="2">
			<description>header label</description>
			<posx>20</posx>
			<posy>0</posy>
			<include>WindowTitleCommons</include>
			<width>710</width>
			<label>$LOCALIZE[1007]</label>
		</control>
		<control type="group">
			<posx>730</posx>
			<posy>0</posy>
			<include>DialogCloseButtonCommons</include>
		</control>
		<control type="image">
			<posx>0</posx>
			<posy>60</posy>
			<width>800</width>
			<height>460</height>
			<texture border="5">DialogBack.png</texture>
		</control>

		<control type="spincontrolex" id="10">
			<description>Protocol SpinControl</description>
			<posx>20</posx>
			<posy>80</posy>
			<height>51</height>
			<width>760</width>
			<texturefocus border="5">MenuItemNF.png</texturefocus>
			<texturenofocus border="5">MenuItemNF.png</texturenofocus>
			<textcolor>black</textcolor>
			<disabledcolor>grey3</disabledcolor>
			<textoffsetx>12</textoffsetx>
			<aligny>center</aligny>
			<reverse>yes</reverse>
			<font>font132</font>
			<label>1008</label>
			<onup>18</onup>
			<ondown>11</ondown>
			<onleft>10</onleft>
			<onright>10</onright>
		</control>
		<control type="button" id="11">
			<description>Server Address Button</description>
			<posx>20</posx>
			<posy>140</posy>
			<width>570</width>
			<height>51</height>
			<textoffsetx>12</textoffsetx>
			<textcolor>black</textcolor>
			<aligny>center</aligny>
			<texturefocus border="5">MenuItemNF.png</texturefocus>
			<texturenofocus border="5">MenuItemNF.png</texturenofocus>
			<font>font13</font>
			<label>-</label>
			<onup>10</onup>
			<onleft>12</onleft>
			<onright>12</onright>
			<ondown>16</ondown>
		</control>
		<control type="button" id="12">
			<description>Server Browse Button</description>
			<posx>610</posx>
			<posy>140</posy>
			<width>170</width>
			<include>ButtonInfoDialogsCommonValues</include>
			<label>1024</label>
			<onup>10</onup>
			<onleft>11</onleft>
			<onright>11</onright>
			<ondown>16</ondown>
		</control>
		<control type="button" id="16">
			<description>Remote path Button</description>
			<posx>20</posx>
			<posy>200</posy>
			<width>760</width>
			<height>51</height>
			<textoffsetx>12</textoffsetx>
			<textcolor>black</textcolor>
			<aligny>center</aligny>
			<texturefocus border="5">MenuItemNF.png</texturefocus>
			<texturenofocus border="5">MenuItemNF.png</texturenofocus>
			<font>font13</font>
			<label>-</label>
			<onup>11</onup>
			<onleft>16</onleft>
			<onright>16</onright>
			<ondown>13</ondown>
		</control>
		<control type="button" id="13">
			<description>Port Button</description>
			<posx>20</posx>
			<posy>250</posy>
			<width>760</width>
			<height>51</height>
			<textoffsetx>12</textoffsetx>
			<textcolor>black</textcolor>
			<aligny>center</aligny>
			<texturefocus border="5">MenuItemNF.png</texturefocus>
			<texturenofocus border="5">MenuItemNF.png</texturenofocus>
			<font>font13</font>
			<label>1013</label>
			<onup>16</onup>
			<onleft>13</onleft>
			<onright>13</onright>
			<ondown>14</ondown>
		</control>
		<control type="button" id="14">
			<description>Username Button</description>
			<posx>20</posx>
			<posy>300</posy>
			<width>760</width>
			<height>51</height>
			<textcolor>black</textcolor>
			<textoffsetx>12</textoffsetx>
			<aligny>center</aligny>
			<texturefocus border="5">MenuItemNF.png</texturefocus>
			<texturenofocus border="5">MenuItemNF.png</texturenofocus>
			<font>font13</font>
			<label>1014</label>
			<onup>13</onup>
			<onleft>14</onleft>
			<onright>14</onright>
			<ondown>15</ondown>
		</control>
		<control type="button" id="15">
			<description>Password Button</description>
			<posx>20</posx>
			<posy>350</posy>
			<width>760</width>
			<height>51</height>
			<textoffsetx>12</textoffsetx>
			<textcolor>black</textcolor>
			<aligny>center</aligny>
			<texturefocus border="5">MenuItemNF.png</texturefocus>
			<texturenofocus border="5">MenuItemNF.png</texturenofocus>
			<font>font13</font>
			<label>15052</label>
			<onup>14</onup>
			<onleft>15</onleft>
			<onright>15</onright>
			<ondown>18</ondown>
		</control>
		<control type="grouplist" id="9001">
			<posx>20</posx>
			<posy>450</posy>
			<width>760</width>
			<height>50</height>
			<itemgap>5</itemgap>
			<align>center</align>
			<orientation>horizontal</orientation>
			<onleft>9001</onleft>
			<onright>9001</onright>
			<onup>50</onup>
			<ondown>49</ondown>
			<control type="button" id="18">
				<description>Ok Button</description>
				<width>200</width>
				<include>ButtonInfoDialogsCommonValues</include>
				<label>186</label>
			</control>
			<control type="button" id="19">
				<description>Cancel Button</description>
				<width>200</width>
				<include>ButtonInfoDialogsCommonValues</include>
				<label>222</label>
			</control>
		</control>
	</controls>
</window>