<window id="147">
	<defaultcontrol>61</defaultcontrol>
	<include>16x9_xPos_Relocation</include>
	<include>Window_OpenClose_Animation_Zoom</include>
	<coordinates>
		<system>1</system>
		<posx>140</posx>
		<posy>30</posy>
	</coordinates>
	<controls>
		<control type="image">
			<posx>0</posx>
			<posy>0</posy>
			<width>1000</width>
			<height>60</height>
			<texture border="5">DialogHeader.png</texture>
		</control>
		<control type="label" id="1">
			<description>header label</description>
			<posx>20</posx>
			<posy>0</posy>
			<include>WindowTitleCommons</include>
			<width>910</width>
			<label></label>
		</control>
		<control type="group">
			<posx>930</posx>
			<posy>0</posy>
			<include>DialogCloseButtonCommons</include>
		</control>
		<control type="image">
			<posx>0</posx>
			<posy>60</posy>
			<width>1000</width>
			<height>840</height>
			<texture border="5">DialogBack.png</texture>
		</control>
		<control type="textbox" id="5">
			<description>textarea</description>
			<posx>20</posx>
			<posy>70</posy>
			<width>930</width>
			<height>820</height>
			<label>-</label>
			<font>font13</font>
			<align>justify</align>
			<textcolor>black</textcolor>
			<pagecontrol>61</pagecontrol>
		</control>
		<control type="scrollbar" id="61">
			<posx>960</posx>
			<posy>70</posy>
			<width>29</width>
			<height>820</height>
			<texturesliderbackground border="0,14,0,14">ScrollBarV.png</texturesliderbackground>
			<texturesliderbar border="0,14,0,14">ScrollBarV_bar.png</texturesliderbar>
			<texturesliderbarfocus border="0,14,0,14">ScrollBarV_bar_focus.png</texturesliderbarfocus>
			<textureslidernib>ScrollBarNib.png</textureslidernib>
			<textureslidernibfocus>ScrollBarNib.png</textureslidernibfocus>
			<onleft>61</onleft>
			<onright>61</onright>
			<ondown>61</ondown>
			<onup>61</onup>
			<showonepage>true</showonepage>
			<orientation>vertical</orientation>
		</control>
	</controls>
</window>
