<fonts>
	<fontset id="Default" idloc="31390" unicode="true"> 
	<!-- Normal Fonts -->
		<font>
			<name>font10</name>
			<filename>Arial.ttf</filename>
			<size>12</size>
		</font>
		<font>
			<name>font11</name>
			<filename>Arial.ttf</filename>
			<size>14</size>
		</font>
		<font>
			<name>font12</name>
			<filename>Arial.ttf</filename>
			<size>16</size>
		</font>
		<font>
			<name>font13</name>
			<filename>Arial.ttf</filename>
			<size>20</size>
		</font>
		<font>
			<name>font16</name>
			<filename>Arial.ttf</filename>
			<size>25</size>
		</font>
		<font>
			<name>font30</name>
			<filename>Arial.ttf</filename>
			<size>30</size>
		</font>
	<!-- Title Fonts -->
		<font>
			<name>font8_title</name>
			<filename>DejaVuSans-Bold.ttf</filename>
			<size>11</size>
		</font>
		<font>
			<name>font10_title</name>
			<filename>DejaVuSans-Bold.ttf</filename>
			<size>14</size>
		</font>
		<font>
			<name>font12_title</name>
			<filename>DejaVuSans-Bold.ttf</filename>
			<size>18</size>
		</font>
		<font>
			<name>font13_title</name>
			<filename>DejaVuSans-Bold.ttf</filename>
			<size>20</size>
		</font>
		<font>
			<name>font24_title</name>
			<filename>DejaVuSans-Bold.ttf</filename>
			<size>24</size>
		</font>
		<font>
			<name>font28_title</name>
			<filename>DejaVuSans-Bold.ttf</filename>
			<size>28</size>
		</font>
		<font>
			<name>font30_title</name>
			<filename>DejaVuSans-Bold.ttf</filename>
			<size>30</size>
		</font>

		<font>
			<name>WeatherTemp</name>
			<filename>DejaVuSans-Bold.ttf</filename>
			<size>80</size>
		</font>
	</fontset>

	<fontset id="Arial" idloc="31391" unicode="true"> 
	<!-- Normal Fonts -->
		<font>
			<name>font10</name>
			<filename>Arial.ttf</filename>
			<size>12</size>
		</font>
		<font>
			<name>font11</name>
			<filename>Arial.ttf</filename>
			<size>14</size>
		</font>
		<font>
			<name>font12</name>
			<filename>Arial.ttf</filename>
			<size>16</size>
		</font>
		<font>
			<name>font13</name>
			<filename>Arial.ttf</filename>
			<size>20</size>
		</font>
		<font>
			<name>font16</name>
			<filename>Arial.ttf</filename>
			<size>25</size>
		</font>
		<font>
			<name>font30</name>
			<filename>Arial.ttf</filename>
			<size>30</size>
		</font>
	<!-- Title Fonts -->
		<font>
			<name>font8_title</name>
			<filename>Arial.ttf</filename>
			<size>11</size>
			<style>bold</style>
		</font>
		<font>
			<name>font10_title</name>
			<filename>Arial.ttf</filename>
			<size>14</size>
			<style>bold</style>
		</font>
		<font>
			<name>font12_title</name>
			<filename>Arial.ttf</filename>
			<size>18</size>
			<style>bold</style>
		</font>
		<font>
			<name>font13_title</name>
			<filename>Arial.ttf</filename>
			<size>20</size>
			<style>bold</style>
		</font>
		<font>
			<name>font24_title</name>
			<filename>Arial.ttf</filename>
			<size>24</size>
			<style>bold</style>
		</font>
		<font>
			<name>font28_title</name>
			<filename>Arial.ttf</filename>
			<size>28</size>
			<style>bold</style>
		</font>
		<font>
			<name>font30_title</name>
			<filename>Arial.ttf</filename>
			<size>30</size>
			<style>bold</style>
		</font>

		<font>
			<name>WeatherTemp</name>
			<filename>Arial.ttf</filename>
			<size>80</size>
			<style>bold</style>
		</font>
	</fontset>
</fonts>