<window id="0">
	<onunload condition="Container(9000).Hasfocus(2) | Container(9000).Hasfocus(3) | ControlGroup(9010).HasFocus">SetProperty(VideosDirectLink,True)</onunload>
	<onunload condition="Control.HasFocus(9000) + Container(9000).Hasfocus(1)">ClearProperty(VideosDirectLink)</onunload>
	<defaultcontrol always="true">9000</defaultcontrol>
	<allowoverlay>no</allowoverlay>	
	<controls>
		<include>CommonBackground</include>
		<control type="grouplist" id="9010">
			<visible>!Window.IsActive(PlayerControls) + [Library.HasContent(Movies) | Library.HasContent(TVShows) | Library.HasContent(MusicVideos) | Library.HasContent(Music) | IntegerGreaterThan(Container(2400).NumItems,0)]</visible>
			<include>VisibleFadeEffect</include>
			<posx>0</posx>
			<posy>100</posy>
			<width>ScreenWidth</width>
			<height>50</height>
			<align>right</align>
			<onup>9000</onup>
			<ondown>9002</ondown>
			<itemgap>0</itemgap>
			<orientation>Horizontal</orientation>
			<animation effect="slide" start="0,-50" end="0,0" delay="200" time="200" tween="quadratic" easing="out">WindowOpen</animation>
			<animation effect="slide" start="0,0" end="0,-50" time="200" tween="quadratic" easing="out">WindowClose</animation>
			<onleft>9010</onleft>
			<onright>9010</onright>
			<control type="image">
				<width>50</width>
				<height>50</height>
				<texture border="0,0,0,3" flipx="true">HomeSubEnd.png</texture>
			</control>
			<control type="radiobutton">
				<include>ButtonHomeSubCommonValues</include>
				<label>31013</label>
				<onfocus>Skin.SetString(HomeContentPage,Movies)</onfocus>
				<selected>StringCompare(Skin.String(HomeContentPage),Movies)</selected>
				<visible>Library.HasContent(Movies)</visible>
			</control>
			<control type="radiobutton">
				<include>ButtonHomeSubCommonValues</include>
				<label>31014</label>
				<onfocus>Skin.SetString(HomeContentPage,TV)</onfocus>
				<selected>StringCompare(Skin.String(HomeContentPage),TV)</selected>
				<visible>Library.HasContent(TVShows)</visible>
			</control>
			<control type="radiobutton">
				<include>ButtonHomeSubCommonValues</include>
				<label>31016</label>
				<onfocus>Skin.SetString(HomeContentPage,Albums)</onfocus>
				<selected>StringCompare(Skin.String(HomeContentPage),Albums)</selected>
				<visible>Library.HasContent(Music)</visible>
			</control>
			<control type="radiobutton">
				<include>ButtonHomeSubCommonValues</include>
				<label>24001</label>
				<onfocus>Skin.SetString(HomeContentPage,Addons)</onfocus>
				<selected>StringCompare(Skin.String(HomeContentPage),Addons)</selected>
				<visible>IntegerGreaterThan(Container(2400).NumItems,0)</visible>
			</control>
		</control>
		<include>MediaBladeLeft</include>
		<include>CommonBackgroundOverlay</include>
		<control type="image">
			<description>XBMC Logo</description>
			<posx>20</posx>
			<posy>36</posy>
			<width>360</width>
			<height>48</height>
			<aspectratio align="left">keep</aspectratio>
			<texture>xbmc-logo.png</texture>
			<visible>!Player.HasMedia</visible>
			<include>VisibleFadeEffect</include>
			<include>Window_OpenClose_Animation</include>
		</control>
		<include>CommonNowPlaying</include>
		<control type="group">
			<!-- weather Info -->
			<include>Window_OpenClose_Animation</include>
			<visible>[!IsEmpty(Weather.Plugin) + Weather.IsFetched] + !Window.IsVisible(ExtendedProgressDialog) + !Skin.HasSetting(HideHomeButtonWeather)</visible>
			<include>VisibleFadeEffect</include>
			<posx>720r</posx>
			<posy>23</posy>
			<control type="button">
				<description>Goto Weather button</description>
				<posx>610</posx>
				<posy>0</posy>
				<width>160</width>
				<height>80</height>
				<texturenofocus>-</texturenofocus>
				<texturefocus>-</texturefocus>
				<onclick>ActivateWindow(Weather)</onclick>
			</control>
			<control type="image">
				<description>Weather image</description>
				<posx>632</posx>
				<posy>0</posy>
				<width>74</width>
				<height>74</height>
				<aspectratio>keep</aspectratio>
				<texture background="true">$INFO[Weather.Conditions]</texture>
			</control>
			<control type="label">
				<description>location label</description>
				<posx>620</posx>
				<posy>12</posy>
				<height>25</height>
				<width>410</width>
				<label>[B]$INFO[Window(Weather).Property(Location)][/B]</label>
				<align>right</align>
				<aligny>center</aligny>
				<font>font13</font>
				<shadowcolor>black</shadowcolor>
			</control>
			<control type="grouplist">
				<posx>0</posx>
				<posy>35</posy>
				<width>620</width>
				<height>35</height>
				<orientation>horizontal</orientation>
				<align>right</align>
				<itemgap>0</itemgap>
				<control type="label">
					<description>Weather label</description>
					<height>30</height>
					<width max="400">auto</width>
					<label>$INFO[Window(Weather).Property(Current.Condition)] </label>
					<font>font12</font>
					<aligny>center</aligny>
					<textcolor>grey</textcolor>
					<shadowcolor>black</shadowcolor>
				</control>
				<control type="label">
					<description>Temp Label</description>
					<height>30</height>
					<width max="400">auto</width>
					<label>[B]$INFO[Window(Weather).Property(Current.Temperature)][/B]</label>
					<aligny>center</aligny>
					<font>font24_title</font>
					<shadowcolor>black</shadowcolor>
				</control>
				<control type="label">
					<description>Temp Units Label</description>
					<posy>2</posy>
					<height>20</height>
					<width max="200">auto</width>
					<label>$INFO[System.TemperatureUnits]</label>
					<font>font12</font>
					<aligny>center</aligny>
					<shadowcolor>black</shadowcolor>
					<visible>!IsEmpty(Window(Weather).Property(Current.Temperature))</visible>
				</control>
			</control>
		</control>
		<include>HomeRecentlyAddedInfo</include>
		<control type="panel" id="9002">
			<visible>!Window.IsActive(PlayerControls)</visible>
			<include>Window_OpenClose_Animation</include>
			<include>SubMenuCommonLayout</include>
			<content>
				<item>
					<label>13012</label>
					<onclick>XBMC.Quit</onclick>
					<icon>icon_shutdown.png</icon>
				</item>
				<item>
					<label>20126</label>
					<onclick>System.LogOff</onclick>
					<icon>icon_logoff.png</icon>
					<visible>System.HasLoginScreen | IntegerGreaterThan(System.ProfileCount,1)</visible>
				</item>
				<item>
					<label>5</label>
					<onclick>ActivateWindow(Settings)</onclick>
					<icon>icon_settings.png</icon>
				</item>
				<item>
					<label>13376</label>
					<onclick>ActivateWindow(1112)</onclick>
					<icon>icon_volume.png</icon>
					<visible>!System.Platform.IOS</visible>
				</item>
				<item>
					<label>1036</label>
					<onclick>ActivateWindow(Favourites)</onclick>
					<icon>icon_favourites.png</icon>
				</item>
				<item>
					<label>Reload Skin</label>
					<onclick>ReloadSkin</onclick>
					<icon>icon_refresh.png</icon>
					<visible>false</visible>
				</item>
			</content>
		</control>
		<include>BehindDialogFadeOut</include>
	</controls>	
</window>
