<window id="29">
	<defaultcontrol></defaultcontrol>
	<allowoverlay>no</allowoverlay>
	<controls>
		<include>CommonBackground</include>
		<include>CommonBackgroundOverlay</include>
		<include>CommonNowPlaying</include>
		<control type="label">
			<description>Window label</description>
			<include>MediaWindowTitleCommons</include>
			<label>$LOCALIZE[20096]</label>
		</control>
		<control type="group">
			<include>Window_OpenClose_Animation_Zoom</include>
			<include>16x9_xPos_Relocation</include>
			<control type="label">
				<posx>295</posx>
				<posy>140</posy>
				<width>690</width>
				<height>40</height>
				<font>font13_title</font>
				<textcolor>grey2</textcolor>
				<align>center</align>
				<aligny>center</aligny>
				<label>$LOCALIZE[31421]</label>
			</control>
			<control type="panel" id="52">
				<posx>295</posx>
				<posy>210</posy>
				<width>690</width>
				<height>401</height>
				<onleft>20</onleft>
				<onright>20</onright>
				<onup>52</onup>
				<ondown>52</ondown>
				<viewtype label="535">list</viewtype>
				<pagecontrol>60</pagecontrol>
				<scrolltime>200</scrolltime>
				<itemlayout height="115" width="690">
					<control type="image">
						<posx>0</posx>
						<posy>0</posy>
						<width>690</width>
						<height>110</height>
						<texture border="5">SubBack.png</texture>
					</control>
					<control type="image">
						<posx>10</posx>
						<posy>10</posy>
						<width>80</width>
						<height>90</height>
						<texture>$INFO[ListItem.Icon]</texture>
					</control>
					<control type="label">
						<posx>110</posx>
						<posy>10</posy>
						<width>580</width>
						<height>40</height>
						<font>font24_title</font>
						<textcolor>grey2</textcolor>
						<selectedcolor>selected</selectedcolor>
						<align>left</align>
						<aligny>center</aligny>
						<label>$INFO[ListItem.Label]</label>
					</control>
					<control type="label">
						<posx>110</posx>
						<posy>50</posy>
						<width>580</width>
						<height>40</height>
						<font>font13</font>
						<textcolor>grey2</textcolor>
						<selectedcolor>selected</selectedcolor>
						<align>left</align>
						<aligny>center</aligny>
						<label>$INFO[ListItem.Label2]</label>
					</control>
				</itemlayout>
				<focusedlayout height="115" width="580">
					<control type="image">
						<posx>0</posx>
						<posy>0</posy>
						<width>690</width>
						<height>110</height>
						<texture border="5">SubBack2.png</texture>
						<include>VisibleFadeEffect</include>
					</control>
					<control type="image">
						<posx>10</posx>
						<posy>10</posy>
						<width>90</width>
						<height>80</height>
						<texture>$INFO[ListItem.Icon]</texture>
					</control>
					<control type="label">
						<posx>110</posx>
						<posy>10</posy>
						<width>580</width>
						<height>40</height>
						<font>font24_title</font>
						<textcolor>black</textcolor>
						<selectedcolor>selected</selectedcolor>
						<align>left</align>
						<aligny>center</aligny>
						<label>$INFO[ListItem.Label]</label>
					</control>
					<control type="label">
						<posx>110</posx>
						<posy>50</posy>
						<width>580</width>
						<height>40</height>
						<font>font13</font>
						<textcolor>black</textcolor>
						<selectedcolor>selected</selectedcolor>
						<align>left</align>
						<aligny>center</aligny>
						<label>$INFO[ListItem.Label2]</label>
					</control>
				</focusedlayout>
			</control>
		</control>
		<control type="panel" id="9002">
			<visible>!Window.IsActive(PlayerControls)</visible>
			<include>VisibleFadeEffect</include>
			<include>SubMenuCommonLayout</include>
			<content>
				<item>
					<label>13012</label>
					<onclick>XBMC.Quit</onclick>
					<icon>icon_shutdown.png</icon>
				</item>
			</content>
		</control>
		<include>BehindDialogFadeOut</include>
	</controls>
</window>
