	<!-- Ace -->

	<window id="5021" type="dialog"><!-- SubMenu Fav 1 - 21 -->
	<defaultcontrol>-</defaultcontrol>
	<onload condition="!StringCompare(Container(9100).numitems,0)">SetFocus(9100)</onload>
	<onload condition="StringCompare(Container(9100).numitems,0)">SetFocus(9101)</onload>
	<onunload>Skin.Reset(submode)</onunload>
	<controls>
	<control type="group">
	<visible>Window.IsVisible(0) | Window.IsVisible(6000)</visible>
	<include condition="Skin.HasSetting(custommode)">SubmenuCustom</include>
	<control type="group"><!-- default group -->
	<include>Animation_SubMenu</include>
	<control type="fadelabel"><!-- Titulo do submenu -->
	<include>SubmenuTitle</include>
	<label>31201</label>
	<label fallback="31071">$INFO[skin.string(fav1.label)]</label>
	<visible>SubString(skin.string(menu),vertical) | Skin.HasSetting(custommode)</visible>
	</control>
	<include condition="SubString(skin.string(menu),horizontal) + !Skin.HasSetting(custommode)">SubmenuBar</include>
	<control type="button" id="9101"><!-- Botao vazio -->
	<include condition="SubString(skin.string(menu),vertical)">emptybutton_v</include>
	<include condition="SubString(skin.string(menu),horizontal)">emptybutton_h</include>
	<visible>StringCompare(Container(9100).numitems,0) + !Skin.HasSetting(custommode)</visible>
	</control>
	<include condition="SubString(skin.string(menu),vertical) | Skin.HasSetting(custommode)">SubmenuGoTo</include><!-- Para menu -->
	<control type="list" id="9100">
	<include condition="SubString(skin.string(menu),vertical) | Skin.HasSetting(custommode)">SubmenuVList</include>
	<include condition="SubString(skin.string(menu),horizontal) + !Skin.HasSetting(custommode)">SubmenuHList</include>
	<content>
	<item><!-- Adicionar Favorito -->
	<include>subaddfav</include>
	<property name="name">fav1</property>
	<visible>Skin.HasSetting(custommode)</visible>
	</item>
	<item><!-- Adicionar Playlist de Video -->
	<include>subaddvpl</include>
	<property name="name">fav1</property>
	<visible>Skin.HasSetting(custommode)</visible>
	</item>
	<item><!-- Adicionar Vnodes -->
	<include>subaddvnodes</include>
	<property name="name">fav1</property>
	<visible>Skin.HasSetting(custommode)</visible>
	</item>
	<item><!-- Adicionar Playlist de Audio -->
	<include>subaddapl</include>
	<property name="name">fav1</property>
	<visible>Skin.HasSetting(custommode)</visible>
	</item>
	<item><!-- Adicionar Addon -->
	<include>subaddaddon</include>
	<property name="name">fav1</property>
	<visible>Skin.HasSetting(custommode)</visible>
	</item>
	<item><!-- Favorito 1 -->
	<include>subfav1</include>
	<visible>[StringCompare(skin.string(subfav1.property),fav1) + SubString(skin.string(subfav1.submenu),on)]</visible>
	</item>
	<item><!-- Favorito 2 -->
	<include>subfav2</include>
	<visible>[StringCompare(skin.string(subfav2.property),fav1) + SubString(skin.string(subfav2.submenu),on)]</visible>
	</item>
	<item><!-- Favorito 3 -->
	<include>subfav3</include>
	<visible>[StringCompare(skin.string(subfav3.property),fav1) + SubString(skin.string(subfav3.submenu),on)]</visible>
	</item>
	<item><!-- Favorito 4 -->
	<include>subfav4</include>
	<visible>[StringCompare(skin.string(subfav4.property),fav1) + SubString(skin.string(subfav4.submenu),on)]</visible>
	</item>
	<item><!-- Favorito 5 -->
	<include>subfav5</include>
	<visible>[StringCompare(skin.string(subfav5.property),fav1) + SubString(skin.string(subfav5.submenu),on)]</visible>
	</item>
	<item><!-- Favorito 6 -->
	<include>subfav6</include>
	<visible>[StringCompare(skin.string(subfav6.property),fav1) + SubString(skin.string(subfav6.submenu),on)]</visible>
	</item>
	<item><!-- Favorito 7 -->
	<include>subfav7</include>
	<visible>[StringCompare(skin.string(subfav7.property),fav1) + SubString(skin.string(subfav7.submenu),on)]</visible>
	</item>
	<item><!-- Favorito 8 -->
	<include>subfav8</include>
	<visible>[StringCompare(skin.string(subfav8.property),fav1) + SubString(skin.string(subfav8.submenu),on)]</visible>
	</item>
	<item><!-- Favorito 9 -->
	<include>subfav9</include>
	<visible>[StringCompare(skin.string(subfav9.property),fav1) + SubString(skin.string(subfav9.submenu),on)]</visible>
	</item>
	<item><!-- Favorito 10 -->
	<include>subfav10</include>
	<visible>[StringCompare(skin.string(subfav10.property),fav1) + SubString(skin.string(subfav10.submenu),on)]</visible>
	</item>
	<item><!-- Favorito 11 -->
	<include>subfav11</include>
	<visible>[StringCompare(skin.string(subfav11.property),fav1) + SubString(skin.string(subfav11.submenu),on)]</visible>
	</item>
	<item><!-- Favorito 12 -->
	<include>subfav12</include>
	<visible>[StringCompare(skin.string(subfav12.property),fav1) + SubString(skin.string(subfav12.submenu),on)]</visible>
	</item>
	<item><!-- Playlist de video 1 -->
	<include>subvpl1</include>
	<visible>[StringCompare(skin.string(subvpl1.property),fav1) + SubString(skin.string(subvpl1.submenu),on)]</visible>
	</item>
	<item><!-- Playlist de video 2 -->
	<include>subvpl2</include>
	<visible>[StringCompare(skin.string(subvpl2.property),fav1) + SubString(skin.string(subvpl2.submenu),on)]</visible>
	</item>
	<item><!-- Playlist de video 3 -->
	<include>subvpl3</include>
	<visible>[StringCompare(skin.string(subvpl3.property),fav1) + SubString(skin.string(subvpl3.submenu),on)]</visible>
	</item>
	<item><!-- Playlist de video 4 -->
	<include>subvpl4</include>
	<visible>[StringCompare(skin.string(subvpl4.property),fav1) + SubString(skin.string(subvpl4.submenu),on)]</visible>
	</item>
	<item><!-- Playlist de video 5 -->
	<include>subvpl5</include>
	<visible>[StringCompare(skin.string(subvpl5.property),fav1) + SubString(skin.string(subvpl5.submenu),on)]</visible>
	</item>
	<item><!-- Playlist de video 6 -->
	<include>subvpl6</include>
	<visible>[StringCompare(skin.string(subvpl6.property),fav1) + SubString(skin.string(subvpl6.submenu),on)]</visible>
	</item>
	<item><!-- Playlist de video 7 -->
	<include>subvpl7</include>
	<visible>[StringCompare(skin.string(subvpl7.property),fav1) + SubString(skin.string(subvpl7.submenu),on)]</visible>
	</item>
	<item><!-- Playlist de video 8 -->
	<include>subvpl8</include>
	<visible>[StringCompare(skin.string(subvpl8.property),fav1) + SubString(skin.string(subvpl8.submenu),on)]</visible>
	</item>
	<item><!-- Playlist de video 9 -->
	<include>subvpl9</include>
	<visible>[StringCompare(skin.string(subvpl9.property),fav1) + SubString(skin.string(subvpl9.submenu),on)]</visible>
	</item>
	<item><!-- Playlist de video 10 -->
	<include>subvpl10</include>
	<visible>[StringCompare(skin.string(subvpl10.property),fav1) + SubString(skin.string(subvpl10.submenu),on)]</visible>
	</item>
	<item><!-- Playlist de video 11 -->
	<include>subvpl11</include>
	<visible>[StringCompare(skin.string(subvpl11.property),fav1) + SubString(skin.string(subvpl11.submenu),on)]</visible>
	</item>
	<item><!-- Playlist de video 12 -->
	<include>subvpl12</include>
	<visible>[StringCompare(skin.string(subvpl12.property),fav1) + SubString(skin.string(subvpl12.submenu),on)]</visible>
	</item>
	<item><!-- Playlist de audio 1 -->
	<include>subapl1</include>
	<visible>[StringCompare(skin.string(subapl1.property),fav1) + SubString(skin.string(subapl1.submenu),on)]</visible>
	</item>
	<item><!-- Playlist de audio 2 -->
	<include>subapl2</include>
	<visible>[StringCompare(skin.string(subapl2.property),fav1) + SubString(skin.string(subapl2.submenu),on)]</visible>
	</item>
	<item><!-- Playlist de audio 3 -->
	<include>subapl3</include>
	<visible>[StringCompare(skin.string(subapl3.property),fav1) + SubString(skin.string(subapl3.submenu),on)]</visible>
	</item>
	<item><!-- Playlist de audio 4 -->
	<include>subapl4</include>
	<visible>[StringCompare(skin.string(subapl4.property),fav1) + SubString(skin.string(subapl4.submenu),on)]</visible>
	</item>
	<item><!-- Playlist de audio 5 -->
	<include>subapl5</include>
	<visible>[StringCompare(skin.string(subapl5.property),fav1) + SubString(skin.string(subapl5.submenu),on)]</visible>
	</item>
	<item><!-- Playlist de audio 6 -->
	<include>subapl6</include>
	<visible>[StringCompare(skin.string(subapl6.property),fav1) + SubString(skin.string(subapl6.submenu),on)]</visible>
	</item>
	<item><!-- Playlist de audio 7 -->
	<include>subapl7</include>
	<visible>[StringCompare(skin.string(subapl7.property),fav1) + SubString(skin.string(subapl7.submenu),on)]</visible>
	</item>
	<item><!-- Playlist de audio 8 -->
	<include>subapl8</include>
	<visible>[StringCompare(skin.string(subapl8.property),fav1) + SubString(skin.string(subapl8.submenu),on)]</visible>
	</item>
	<item><!-- Playlist de audio 9 -->
	<include>subapl9</include>
	<visible>[StringCompare(skin.string(subapl9.property),fav1) + SubString(skin.string(subapl9.submenu),on)]</visible>
	</item>
	<item><!-- Playlist de audio 10 -->
	<include>subapl10</include>
	<visible>[StringCompare(skin.string(subapl10.property),fav1) + SubString(skin.string(subapl10.submenu),on)]</visible>
	</item>
	<item><!-- Playlist de audio 11 -->
	<include>subapl11</include>
	<visible>[StringCompare(skin.string(subapl11.property),fav1) + SubString(skin.string(subapl11.submenu),on)]</visible>
	</item>
	<item><!-- Playlist de audio 12 -->
	<include>subapl12</include>
	<visible>[StringCompare(skin.string(subapl12.property),fav1) + SubString(skin.string(subapl12.submenu),on)]</visible>
	</item>
	<item><!-- Addon 1 -->
	<include>subaddon1</include>
	<visible>[StringCompare(skin.string(subaddon1.property),fav1) + SubString(skin.string(subaddon1.submenu),on)]</visible>
	</item>
	<item><!-- Addon 2 -->
	<include>subaddon2</include>
	<visible>[StringCompare(skin.string(subaddon2.property),fav1) + SubString(skin.string(subaddon2.submenu),on)]</visible>
	</item>
	<item><!-- Addon 3 -->
	<include>subaddon3</include>
	<visible>[StringCompare(skin.string(subaddon3.property),fav1) + SubString(skin.string(subaddon3.submenu),on)]</visible>
	</item>
	<item><!-- Addon 4 -->
	<include>subaddon4</include>
	<visible>[StringCompare(skin.string(subaddon4.property),fav1) + SubString(skin.string(subaddon4.submenu),on)]</visible>
	</item>
	<item><!-- Addon 5 -->
	<include>subaddon5</include>
	<visible>[StringCompare(skin.string(subaddon5.property),fav1) + SubString(skin.string(subaddon5.submenu),on)]</visible>
	</item>
	<item><!-- Addon 6 -->
	<include>subaddon6</include>
	<visible>[StringCompare(skin.string(subaddon6.property),fav1) + SubString(skin.string(subaddon6.submenu),on)]</visible>
	</item>
	<item><!-- Addon 7 -->
	<include>subaddon7</include>
	<visible>[StringCompare(skin.string(subaddon7.property),fav1) + SubString(skin.string(subaddon7.submenu),on)]</visible>
	</item>
	<item><!-- Addon 8 -->
	<include>subaddon8</include>
	<visible>[StringCompare(skin.string(subaddon8.property),fav1) + SubString(skin.string(subaddon8.submenu),on)]</visible>
	</item>
	<item><!-- Addon 9 -->
	<include>subaddon9</include>
	<visible>[StringCompare(skin.string(subaddon9.property),fav1) + SubString(skin.string(subaddon9.submenu),on)]</visible>
	</item>
	<item><!-- Addon 10 -->
	<include>subaddon10</include>
	<visible>[StringCompare(skin.string(subaddon10.property),fav1) + SubString(skin.string(subaddon10.submenu),on)]</visible>
	</item>
	<item><!-- Addon 11 -->
	<include>subaddon11</include>
	<visible>[StringCompare(skin.string(subaddon11.property),fav1) + SubString(skin.string(subaddon11.submenu),on)]</visible>
	</item>
	<item><!-- Addon 12 -->
	<include>subaddon12</include>
	<visible>[StringCompare(skin.string(subaddon12.property),fav1) + SubString(skin.string(subaddon12.submenu),on)]</visible>
	</item>
	</content>
	</control>
	<include condition="SubString(skin.string(menu),vertical)">Glass</include>
	</control>
	</control>
	</controls>
	</window>