	<window>
	<defaultcontrol>5</defaultcontrol>
	<controls>
	<control type="group">
	<include>Animation_DialogPopup</include>
	<control type="image">
	<posx>110</posx>
	<posy>0</posy>
	<width>30</width>
	<height>720</height>
	<texture flipx="true">shadow.png</texture>
	<colordiffuse>C3FFFFFF</colordiffuse>
	</control>
	<control type="image">
	<posx>1140</posx>
	<posy>0</posy>
	<width>30</width>
	<height>720</height>
	<texture>shadow.png</texture>
	<colordiffuse>C3FFFFFF</colordiffuse>
	</control>
	<control type="image">
	<posx>140</posx>
	<posy>0</posy>
	<width>1000</width>
	<height>720</height>
	<texture>darkgrey.png</texture>
	<colordiffuse>$VAR[value_texturecolor]</colordiffuse>
	<include>Animation_DefaultGlass</include>
	</control>
	<control type="image">
	<posx>140</posx>
	<posy>0</posy>
	<width>1000</width>
	<height>80</height>
	<texture>black.png</texture>
	<colordiffuse>90FFFFFF</colordiffuse>
	</control>
	<control type="label"><!-- header -->
	<posx>215</posx>
	<posy>23</posy>
	<width>852</width>
	<height>30</height>
	<label>$LOCALIZE[5]</label>
	<font>Font_32</font>
	<textcolor>FFFFFAF0</textcolor>
	<align>center</align>
	<aligny>center</aligny>
	<include>Animation_Fade</include>
	</control>
	<control type="label" id="3"><!-- No Settings Label -->
	<posx>215</posx>
	<posy>100</posy>
	<width>852</width>
	<height>30</height>
	<label>35004</label>
	<font>Font_32</font>
	<textcolor>FFFFFAF0</textcolor>
	<align>center</align>
	<aligny>center</aligny>
	<include>Animation_Fade</include>
	</control>
	<control type="grouplist" id="5">
	<posx>140</posx>
	<posy>100</posy>
	<width>1000</width>
	<height>600</height>
	<itemgap>0</itemgap>
	<onleft>28</onleft>
	<onright>28</onright>
	<onup>5</onup>
	<ondown>5</ondown>
	</control>
	<control type="button" id="7">
	</control>
	<control type="radiobutton" id="8">
	<radioposx>894</radioposx>
	</control>
	<control type="spincontrolex" id="9">
	<spinposx>26</spinposx>
	</control>
	<control type="sliderex" id="10">
	</control>
	<control type="grouplist" id="9001">
	<posx>140</posx>
	<posy>680</posy>
	<itemgap>4</itemgap>
	<onup>5</onup>
	<ondown>5</ondown>
	<orientation>horizontal</orientation>
	<control type="button" id="28"><!-- OK -->
	<include>SettingsBottomButton</include>
	<label>186</label>
	</control>
	<control type="button" id="29"><!-- Cancel -->
	<include>SettingsBottomButton</include>
	<label>222</label>
	</control>
	<control type="button" id="50"><!-- Defaults -->
	<include>SettingsBottomButton</include>
	<label>409</label>
	</control>
	</control>
	</control>
	</controls>
	</window>
