	<!-- Ace -->

	<window>
	<defaultcontrol>29</defaultcontrol>
	<coordinates>
	<system>1</system>
	<posx>190</posx>
	<posy>70</posy>
	</coordinates>
	<include>Animation_DialogPopup</include>
	<controls>
	<control type="label" id="2"><!-- Heading label -->
	<posx>40</posx>
	<posy>32</posy>
	<width>820</width>
	<height>40</height>
	<align>center</align>
	<aligny>center</aligny>
	<label>20333</label>
	<font>Font_32</font>
	<textcolor>FFbec0c2</textcolor>
	</control>
	<control type="image">
	<posx>15</posx>
	<posy>82</posy>
	<width>870</width>
	<height>2</height>
	<texture>separator.png</texture>
	</control>
	<control type="grouplist" id="5">
	<description>control area</description>
	<posx>13</posx>
	<posy>105</posy>
	<width>872</width>
	<height>480</height>
	<itemgap>1</itemgap>
	<pagecontrol>60</pagecontrol>
	<onleft>5</onleft>
	<onright>5</onright>
	<onup>28</onup>
	<ondown>28</ondown>
	</control>
	<control type="sliderex" id="10">
	<aligny>center</aligny>
	<font>Font_18</font>
	<textcolor>FFFFFAF0</textcolor>
	<focusedcolor>E4101010</focusedcolor>
	<texturenofocus>-</texturenofocus>
	<texturefocus>grey.png</texturefocus>
	<height>30</height>
	</control>
	<control type="button" id="7">
	<height>30</height>
	<aligny>center</aligny>
	<font>Font_18</font>
	<textcolor>FFFFFAF0</textcolor>
	<focusedcolor>E4101010</focusedcolor>
	<textoffsetx>50</textoffsetx>
	<radiowidth>89</radiowidth>
	<radioposx>329</radioposx>
	<texturenofocus>-</texturenofocus>
	<texturefocus>grey.png</texturefocus>
	</control>
	<control type="radiobutton" id="8">
	<height>30</height>
	<aligny>center</aligny>
	<font>Font_18</font>
	<textcolor>FFFFFAF0</textcolor>
	<focusedcolor>E4101010</focusedcolor>
	<textoffsetx>50</textoffsetx>
	<radiowidth>89</radiowidth>
	<radioposx>770</radioposx>
	<radioheight>50</radioheight>
	<texturenofocus>-.png</texturenofocus>
	<texturefocus>grey.png</texturefocus>
	<colordiffuse>90FFFFFF</colordiffuse>
	</control>
	<control type="spincontrolex" id="9">
	<height>30</height>
	<aligny>center</aligny>
	<font>Font_18</font>
	<textcolor>FFFFFAF0</textcolor>
	<focusedcolor>E4101010</focusedcolor>
	<spinposx>26</spinposx>
	<spinwidth>31</spinwidth>
	<spinheight>50</spinheight>
	<texturenofocus>-</texturenofocus>
	<texturefocus>grey.png</texturefocus>
	<colordiffuse>90FFFFFF</colordiffuse>
	<reverse>yes</reverse>
	</control>
	<control type="edit" id="12">
	<texturenofocus>-</texturenofocus>
	<texturefocus>grey.png</texturefocus>
	<colordiffuse>90FFFFFF</colordiffuse>
	<height>30</height>
	</control>
	<control type="image">
	<posx>15</posx>
	<posy>487</posy>
	<width>890</width>
	<height>49</height>
	<texture>settings_radiobuttonoff.png</texture>
	</control>
	<control type="image">
	<posx>0</posx>
	<posy>651</posy>
	<width>1280</width>
	<height>30</height>
	<texture>shadow_h.png</texture>
	<colordiffuse>C3FFFFFF</colordiffuse>
	</control>
	<control type="image">
	<posx>0</posx>
	<posy>678</posy>
	<height>42</height>
	<width>1280</width>
	<aligny>top</aligny>
	<texture>darkgrey.png</texture>
	<colordiffuse>$VAR[value_texturecolor]</colordiffuse>
	<animation effect="fade" end="85" condition="true">Conditional</animation>
	</control>
	<control type="image">
	<posx>0</posx>
	<posy>680</posy>
	<height>40</height>
	<width>1280</width>
	<aligny>top</aligny>
	<texture>darkgrey.png</texture>
	<colordiffuse>$VAR[value_texturecolor]</colordiffuse>
	<animation effect="fade" end="85" condition="true">Conditional</animation>
	</control>
	<control type="grouplist" id="9000">
	<posx>145</posx>
	<posy>680</posy>
	<itemgap>0</itemgap>
	<onup>5</onup>
	<ondown>5</ondown>
	<orientation>horizontal</orientation>
	<control type="button" id="28">
	<include>SettingsBottomButton</include>
	<label>186</label>
	</control>
	<control type="button" id="29">
	<include>SettingsBottomButton</include>
	<label>222</label>
	</control>
	</control>
	</controls>
	</window>
