	<!-- Ace -->

	<window id="131">
	<defaultcontrol>5</defaultcontrol>
	<coordinates>
	<system>1</system>
	<posx>0</posx>
	<posy>0</posy>
	</coordinates>
	<include>Animation_DialogPopup</include>
	<visible>Window.IsActive(LockSettings)</visible>
	<controls>
	<control type="group">
	<posx>206</posx>
	<posy>202</posy>
	<width>869</width>
	<height>317</height>
	<control type="image">
	<description>background image</description>
	<posx>0</posx>
	<posy>0</posy>
	<width>869</width>
	<height>317</height>
	<texture>dialogs_scrapersettings_back.png</texture>
	</control>
	<control type="label" id="2">
	<description>Settings Label</description>
	<posx>0</posx>
	<posy>2</posy>
	<width>420</width>
	<align>left</align>
	<textcolor>dialogheader</textcolor>
	</control>
	<control type="label" id="3">
	<description>No Settings Label</description>
	<posx>0</posx>
	<posy>170</posy>
	<width>408</width>
	<align>center</align>
	<label>12016</label>
	</control>
	<control type="spincontrol" id="60">
	<description>Next page button</description>
	<posx>371</posx>
	<posy>8</posy>
	<subtype>page</subtype>
	<font>font12</font>
	<onleft>5</onleft>
	<onright>28</onright>
	<ondown>5</ondown>
	<onup>28</onup>
	<showonepage>false</showonepage>
	</control>
	<control type="grouplist" id="5">
	<description>control area</description>
	<posx>13</posx>
	<posy>35</posy>
	<width>675</width>
	<height>246</height>
	<itemgap>0</itemgap>
	<onup>5</onup>
	<ondown>5</ondown>
	<onleft>28</onleft>
	<onright>28</onright>
	</control>
	<control type="button" id="7">
	<description>Default Button</description>
	<width>470</width>
	<height>40</height>
	<font>Font_SettingsOptions</font>
	<textoffsetx>20</textoffsetx>
	<textcolor>FFbbbbbb</textcolor>
	<focusedcolor>FF101010</focusedcolor>
	<disabledcolor>FF505050</disabledcolor>
	<aligny>center</aligny>
	<texturefocus>settings_button_focus.png</texturefocus>
	<texturenofocus>settings_button_nofocus.png</texturenofocus>
	</control>
	<control type="radiobutton" id="8">
	<width>470</width>
	<height>40</height>
	<font>Font_SettingsOptions</font>
	<radioposx>595</radioposx>
	<textoffsetx>20</textoffsetx>
	<textcolor>FFbbbbbb</textcolor>
	<focusedcolor>FF101010</focusedcolor>
	<disabledcolor>FF505050</disabledcolor>
	<aligny>center</aligny>
	<texturefocus>settings_button_focus.png</texturefocus>
	<texturenofocus>settings_button_nofocus.png</texturenofocus>
	</control>
	<control type="spincontrolex" id="9">
	<description>directory content select spincontrol</description>
	<width>470</width>
	<height>40</height>
	<font>Font_SettingsOptions</font>
	</control>
	<control type="sliderex" id="10">
	<description>Default Slider</description>
	<posx>1530</posx>
	<posy>150</posy>
	<height>31</height>
	<width>300</width>
	<sliderwidth>100</sliderwidth>
	<sliderheight>20</sliderheight>
	<font>Font_SettingsOptions</font>
	<textcolor>FFbbbbbb</textcolor>
	<focusedcolor>FF101010</focusedcolor>
	<disabledcolor>FF505050</disabledcolor>
	<textoffsetx>12</textoffsetx>
	</control>
	<control type="image" id="11">
	<description>separator image</description>
	<width>350</width>
	<height>2</height>
	<texture>common_divider.png</texture>
	</control>
	<control type="group" id="9001">
	<control type="button" id="28">
	<description>ok button</description>
	<posx>689</posx>
	<posy>220</posy>
	<width>156</width>
	<height>40</height>
	<font>Font_SetContentMenu</font>
	<label>186</label>
	<align>left</align>
	<textcolor>FFf5f5f5</textcolor>
	<focusedcolor>FF262728</focusedcolor>
	<selectedcolor>FF262728</selectedcolor>
	<textoffsetx>10</textoffsetx>
	<onleft>5</onleft>
	<onright>5</onright>
	<onup>29</onup>
	<ondown>29</ondown>
	<texturenofocus>-</texturenofocus>
	<texturefocus>settings_button_focus.png</texturefocus>
	</control>
	<control type="button" id="29">
	<description>cancel button</description>
	<posx>689</posx>
	<posy>180</posy>
	<width>156</width>
	<height>40</height>
	<font>Font_SetContentMenu</font>
	<label>222</label>
	<align>left</align>
	<textcolor>FFf5f5f5</textcolor>
	<focusedcolor>FF262728</focusedcolor>
	<selectedcolor>FF262728</selectedcolor>
	<textoffsetx>10</textoffsetx>
	<onleft>5</onleft>
	<onright>5</onright>
	<onup>28</onup>
	<ondown>28</ondown>
	<texturenofocus>-</texturenofocus>
	<texturefocus>settings_button_focus.png</texturefocus>
	</control>
	</control>
	<control type="image">
	<description>foreground image</description>
	<posx>0</posx>
	<posy>-5</posy>
	<width>869</width>
	<height>317</height>
	<texture>dialogs_setcontent_front.png</texture>
	</control>
	<control type="image">
	<description>foreground image</description>
	<posx>-10</posx>
	<posy>-5</posy>
	<width>869</width>
	<height>317</height>
	<texture flipx="true">dialogs_setcontent_front.png</texture>
	</control>
	</control>
	</controls>
	</window>