	<!-- Ace -->

	<window id="28">
	<defaultcontrol>51</defaultcontrol>
	<allowoverlay>no</allowoverlay>
	<views>51</views>
	<controls>

	<control type="group"><!-- default group -->
	<include>Animation_Window</include>

	<!-- ViewTypes -->
	<include>ViewWide</include><!-- 51 -->

	<!-- Furniture -->
	<include>TouchScreen</include>
	<include>ScrollLabel</include>
	<include>MultiData</include>
	<include>TopMenu_Video</include>
	<include>BGBlack</include>
	<include>TrailerWindow</include>
	</control>
	</controls>
	</window>