	<!-- Ace -->

	<window>
	<allowoverlay>yes</allowoverlay>
	<defaultcontrol always="true">3001</defaultcontrol>
	<controls>
	<control type="group"><!-- default group -->
	<include>Animation_Window</include>
	<control type="image">
	<posx>0</posx>
	<posy>0</posy>
	<width>1280</width>
	<height>720</height>
	<texture>black.png</texture>
	</control>
	<control type="multiimage"><!-- Fanart -->
	<posx>0</posx>
	<posy>0</posy>
	<width>1280</width>
	<height>720</height>
	<aspectratio>keep</aspectratio>
	<imagepath fallback="special://skin/backgrounds/default.jpg" background="true">$VAR[value_gamesfanart]</imagepath>
	</control>
	<control type="group">
	<control type="image">
	<posx>0</posx>
	<posy>0</posy>
	<height>150</height>
	<width>1280</width>
	<texture flipy="true">shadow_mask.png</texture>
	<colordiffuse>75000000</colordiffuse>
	</control>
	<control type="label"><!-- Title -->
	<posx>30</posx>
	<posy>8</posy>
	<width>1100</width>
	<height>40</height>
	<font>Font_40</font>
	<label>$INFO[ListItem.Label]</label>
	<textcolor>FFFFFAF0</textcolor>
	<scroll>true</scroll>
	<scrollout>false</scrollout>
	</control>
	<control type="label">
	<posx>30</posx>
	<posy>50</posy>
	<width>1100</width>
	<height>25</height>
	<font>Font_19</font>
	<label>$INFO[ListItem.Tagline]</label>
	<textcolor>90FFFFFF</textcolor>
	<scroll>true</scroll>
	<scrollout>false</scrollout>
	</control>
	<control type="image"><!-- Star -->
	<posx>1179</posx>
	<posy>5</posy>
	<width>73</width>
	<height>73</height>
	<align>center</align>
	<aligny>center</aligny>
	<texture>star.png</texture>
	<colordiffuse>FFFFFAF0</colordiffuse>
	</control>
	<control type="label">
	<posx>1185</posx>
	<posy>15</posy>
	<width>60</width>
	<height>60</height>
	<align>center</align>
	<aligny>center</aligny>
	<font>Font_19</font>
	<label>[B]$INFO[ListItem.Rating][/B]</label>
	<textcolor>FF101010</textcolor>
	</control>
	<control type="image">
	<posx>0</posx>
	<posy>80</posy>
	<width>1280</width>
	<height>386</height>
	<texture>darkgrey.png</texture>
	<colordiffuse>$VAR[value_texturecolor]</colordiffuse>
	<include>Animation_HomeGlass</include>
	</control>
	<control type="image">
	<posx>0</posx>
	<posy>0</posy>
	<width>1280</width>
	<height>80</height>
	<texture>gradient_small.png</texture>
	</control>
	<control type="image">
	<posx>205</posx>
	<posy>80</posy>
	<height>190</height>
	<width>2</width>
	<texture>separator_v.png</texture>
	</control>
	<control type="image">
	<posx>0</posx>
	<posy>136</posy>
	<height>2</height>
	<width>686</width>
	<texture>separator.png</texture>
	</control>
	<control type="label"><!-- Year -->
	<posx>220</posx>
	<posy>80</posy>
	<height>40</height>
	<width>110</width>
	<align>left</align>
	<aligny>center</aligny>
	<font>Font_23</font>
	<label>$INFO[ListItem.Property(year)]</label>
	<textcolor>FFFFFAF0</textcolor>
	</control>
	<control type="label"><!-- Genre -->
	<posx>220</posx>
	<posy>105</posy>
	<height>40</height>
	<width>440</width>
	<align>left</align>
	<aligny>center</aligny>
	<font>Font_18</font>
	<label>$INFO[ListItem.Property(genre)]</label>
	<textcolor>FFFFFAF0</textcolor>
	<scroll>true</scroll>
	<scrollout>false</scrollout>
	</control>
	<control type="label"><!-- Original Title/Movies - Premiered/TvShows -->
	<posx>190</posx>
	<posy>140</posy>
	<height>27</height>
	<width>200</width>
	<align>right</align>
	<aligny>center</aligny>
	<font>Font_15</font>
	<label>$LOCALIZE[20376]:</label>
	<textcolor>$VAR[value_headercolor]</textcolor>
	</control>
	<control type="label">
	<posx>220</posx>
	<posy>140</posy>
	<height>27</height>
	<width>440</width>
	<align>left</align>
	<aligny>center</aligny>
	<font>Font_15</font>
	<label fallback="161">$INFO[ListItem.Property(originaltitle)]</label>
	<textcolor>FFFFFAF0</textcolor>
	<scroll>true</scroll>
	<scrollout>false</scrollout>
	</control>
	<control type="label"><!-- Developer -->
	<posx>190</posx>
	<posy>160</posy>
	<height>27</height>
	<width>200</width>
	<align>right</align>
	<aligny>center</aligny>
	<font>Font_15</font>
	<label>$LOCALIZE[31788]:</label>
	<textcolor>$VAR[value_headercolor]</textcolor>
	</control>
	<control type="label">
	<posx>220</posx>
	<posy>160</posy>
	<height>27</height>
	<width>440</width>
	<align>left</align>
	<aligny>center</aligny>
	<font>Font_15</font>
	<label fallback="161">$INFO[ListItem.Property(developer)]</label>
	<textcolor>FFFFFAF0</textcolor>
	<scroll>true</scroll>
	<scrollout>false</scrollout>
	</control>
	<control type="label"><!-- Publisher -->
	<posx>190</posx>
	<posy>180</posy>
	<height>27</height>
	<width>200</width>
	<align>right</align>
	<aligny>center</aligny>
	<font>Font_15</font>
	<label>$LOCALIZE[31771]:</label>
	<textcolor>$VAR[value_headercolor]</textcolor>
	</control>
	<control type="label">
	<posx>220</posx>
	<posy>180</posy>
	<height>27</height>
	<width>440</width>
	<align>left</align>
	<aligny>center</aligny>
	<font>Font_15</font>
	<label fallback="161">$INFO[ListItem.Property(publisher)]</label>
	<textcolor>FFFFFAF0</textcolor>
	<scroll>true</scroll>
	<scrollout>false</scrollout>
	</control>
	<control type="label"><!-- Perspective -->
	<posx>190</posx>
	<posy>200</posy>
	<height>27</height>
	<width>200</width>
	<align>right</align>
	<aligny>center</aligny>
	<font>Font_15</font>
	<label>$LOCALIZE[31776]:</label>
	<textcolor>$VAR[value_headercolor]</textcolor>
	</control>
	<control type="label">
	<posx>220</posx>
	<posy>200</posy>
	<height>27</height>
	<width>440</width>
	<align>left</align>
	<aligny>center</aligny>
	<font>Font_15</font>
	<textcolor>FFFFFAF0</textcolor>
	<label fallback="161">$INFO[ListItem.Property(perspective)]</label>
	<scroll>true</scroll>
	<scrollout>false</scrollout>
	</control>
	<control type="label"><!-- Region -->
	<posx>190</posx>
	<posy>220</posy>
	<height>27</height>
	<width>200</width>
	<align>right</align>
	<aligny>center</aligny>
	<font>Font_15</font>
	<label>$LOCALIZE[20026]:</label>
	<textcolor>$VAR[value_headercolor]</textcolor>
	</control>
	<control type="label">
	<posx>220</posx>
	<posy>220</posy>
	<height>27</height>
	<width>440</width>
	<align>left</align>
	<aligny>center</aligny>
	<font>Font_15</font>
	<textcolor>FFFFFAF0</textcolor>
	<label fallback="161">$INFO[ListItem.Property(region)]</label>
	<scroll>true</scroll>
	<scrollout>false</scrollout>
	</control>
	<control type="image">
	<posx>0</posx>
	<posy>270</posy>
	<height>2</height>
	<width>686</width>
	<texture>separator.png</texture>
	</control>
	<control type="textbox"><!-- Plot -->
	<posx>30</posx>
	<posy>280</posy>
	<width>635</width>
	<height>175</height>
	<align>justify</align>
	<font>Font_16</font>
	<label>$INFO[ListItem.Property(plot)]</label>
	<textcolor>FFFFFAF0</textcolor>
	<autoscroll delay="15000" time="5000" repeat="15000">!Skin.HasSetting(noinfoplotscroll)</autoscroll>
	</control>
	<control type="image"><!-- Thumb -->
	<posx>687</posx>
	<posy>80</posy>
	<height>386</height>
	<width>563</width>
	<aspectratio align="left">keep</aspectratio>
	<texture background="true">$INFO[ListItem.Property(gameinfobig)]</texture>
	<visible>!Control.HasFocus(151)</visible>
	</control>
	<control type="image"><!-- Thumb -->
	<posx>687</posx>
	<posy>80</posy>
	<height>386</height>
	<width>563</width>
	<aspectratio align="left">keep</aspectratio>
	<texture background="true">$INFO[Container(151).ListItem.Icon]</texture>
	<visible>Control.HasFocus(151)</visible>
	</control>
	<control type="image"><!-- Thumb 1 big -->
	<posx>687</posx>
	<posy>80</posy>
	<height>386</height>
	<width>563</width>
	<aspectratio align="left">keep</aspectratio>
	<texture background="true">$INFO[ListItem.Property(gameinfoupperright)]</texture>
	<visible>![Control.HasFocus(151) | Player.Playing]</visible>
	</control>
	<control type="image" id="2710"><!-- Thumb Gameinfoupper -->
	<posx>687</posx>
	<posy>80</posy>
	<height>386</height>
	<width>563</width>
	<aspectratio align="left">keep</aspectratio>
	<texture background="true">$INFO[ListItem.Property(gameinfoupper)]</texture>
	<visible>!Control.HasFocus(151)</visible>
	</control>
	<control type="image" id="2720"><!-- Thumb Gameinfolower -->
	<posx>687</posx>
	<posy>80</posy>
	<height>386</height>
	<width>563</width>
	<aspectratio align="left">keep</aspectratio>
	<texture background="true">$INFO[ListItem.Property(gameinfolower)]</texture>
	<visible>!Control.HasFocus(151)</visible>
	</control>
	<control type="image" id="2730"><!-- Thumb Gameinfoleft -->
	<posx>687</posx>
	<posy>80</posy>
	<height>386</height>
	<width>563</width>
	<aspectratio align="left">keep</aspectratio>
	<texture background="true">$INFO[ListItem.Property(gameinfoleft)]</texture>
	<visible>!Control.HasFocus(151)</visible>
	</control>
	<control type="image" id="2740"><!-- Thumb Gameinforight -->
	<posx>687</posx>
	<posy>80</posy>
	<height>386</height>
	<width>563</width>
	<aspectratio align="left">keep</aspectratio>
	<texture background="true">$INFO[ListItem.Property(gameinforight)]</texture>
	<visible>!Control.HasFocus(151)</visible>
	</control>
	<control type="videowindow" id="2800"><!-- Video Window Small -->
	<posx>687</posx>
	<posy>80</posy>
	<height>386</height>
	<width>563</width>
	<aspectratio align="left">keep</aspectratio>
	<visible>![IsEmpty(ListItem.Property(videosizesmall)) | Control.HasFocus(151)]</visible>
	</control>
	<control type="button"><!-- click absorber -->
	<description>click absorber</description>
	<posx>687</posx>
	<posy>80</posy>
	<height>386</height>
	<width>563</width>
	<texturefocus></texturefocus>
	<texturenofocus></texturenofocus>
	<visible>!IsEmpty(ListItem.Property(videosizesmall)) + !Control.HasFocus(151)</visible>
	</control>
	<control type="videowindow"><!-- Video Window Big -->
	<description>video control</description>
	<posx>687</posx>
	<posy>80</posy>
	<height>386</height>
	<width>563</width>
	<aspectratio align="left">keep</aspectratio>
	<visible>!IsEmpty(ListItem.Property(videosizebig))</visible>
	</control>
	<control type="button"><!-- click absorber -->
	<posx>687</posx>
	<posy>80</posy>
	<height>386</height>
	<width>563</width>
	<texturefocus></texturefocus>
	<texturenofocus></texturenofocus>
	<visible>!IsEmpty(ListItem.Property(videosizebig))</visible>
	</control>
	<control type="image">
	<posx>686</posx>
	<posy>80</posy>
	<height>386</height>
	<width>2</width>
	<texture>separator_v.png</texture>
	</control>
	<control type="image">
	<posx>0</posx>
	<posy>80</posy>
	<height>2</height>
	<width>1280</width>
	<texture>separator.png</texture>
	</control>
	<control type="image"><!-- Fundo do rodape -->
	<posx>0</posx>
	<posy>650</posy>
	<width>1280</width>
	<height>70</height>
	<colordiffuse>FFFFF0F0</colordiffuse>
	<texture>shadow_mask.png</texture>
	</control>
	<control type="grouplist"><!-- Etiquetas -->
	<posx>34</posx>
	<posy>682</posy>
	<orientation>horizontal</orientation>
	<itemgap>35</itemgap>
	<animation effect="slide" start="0,300" end="0,0" time="500" tween="sine" easing="out">WindowOpen</animation>
	<animation effect="slide" start="0,300" end="0,0" time="500" tween="sine" easing="out">Visible</animation>
	<animation effect="slide" start="0,0" end="0,300" time="500" tween="sine" easing="in">Hidden</animation>
	<visible>Control.HasFocus(149)</visible>
	</control>
	<control type="group">
	<posx>0</posx>
	<posy>685</posy>
	<animation effect="slide" start="0,300" end="0,0" time="500" tween="sine" easing="out">WindowOpen</animation>
	<animation effect="slide" start="0,300" end="0,0" time="500" tween="sine" easing="out">Visible</animation>
	<animation effect="slide" start="0,0" end="0,300" time="500" tween="sine" easing="in">Hidden</animation>
	<visible>Control.HasFocus(151)</visible>
	<control type="label">
	<posx>30</posx>
	<posy>0</posy>
	<width>400</width>
	<height>27</height>
	<align>left</align>
	<aligny>center</aligny>
	<font>Font_15</font>
	<label>31789</label>
	<textcolor>FF101010</textcolor>
	</control>
	<control type="label">
	<posx>315</posx>
	<posy>16</posy>
	<width>650</width>
	<align>center</align>
	<aligny>center</aligny>
	<label>$INFO[Container(151).ListItem.Label]</label>
	<font>Font_23</font>
	<textcolor>FF101010</textcolor>
	<scroll>true</scroll>
	<scrollout>false</scrollout>
	</control>
	</control>
	<control type="image">
	<posx>0</posx>
	<posy>680</posy>
	<height>43</height>
	<width>1280</width>
	<texture>gradient_small.png</texture>
	</control>
	<control type="image"><!-- Cast -->
	<posx>0</posx>
	<posy>679</posy>
	<width>1280</width>
	<height>30</height>
	<texture flipy="true">shadow_h.png</texture>
	<colordiffuse>C3FFFFFF</colordiffuse>
	</control>
	<control type="image">
	<posx>0</posx>
	<posy>494</posy>
	<height>186</height>
	<width>1280</width>
	<texture>darkgrey.png</texture>
	<colordiffuse>$VAR[value_texturecolor]</colordiffuse>
	<include>Animation_HomeGlass</include>
	</control>

	<!-- Game List -->
	<control type="group" id="1000">
	<control type="wraplist" id="59">
	<posx>550</posx>
	<posy>10</posy>
	<height>60</height>
	<width>635</width>
	<onleft>1000</onleft>
	<onright>1000</onright>
	<onup>3000</onup>
	<ondown>3000</ondown>
	<scrolltime>200</scrolltime>
	</control>
	</control>
	<control type="list" id="151">
	<viewtype label="List">List Info</viewtype>
	<posx>30</posx>
	<posy>492</posy>
	<width>1220</width>
	<height>220</height>
	<onup>3001</onup>
	<ondown>SetFocus(160)</ondown>
	<orientation>horizontal</orientation>
	<scrolltime>400</scrolltime>
	<focusposition>3</focusposition>
	<itemlayout height="170" width="300">
	<control type="image">
	<posx>0</posx>
	<posy>5</posy>
	<width>300</width>
	<height>180</height>
	<aligny>center</aligny>
	<align>center</align>
	<aspectratio>keep</aspectratio>
	<colordiffuse>70FFFFFF</colordiffuse>
	<texture background="true">$INFO[ListItem.Icon]</texture>
	<bordertexture border="-2">black.png</bordertexture>
	<colordiffuse>FF909090</colordiffuse>
	</control>
	</itemlayout>
	<focusedlayout height="170" width="300">
	<control type="image">
	<posx>0</posx>
	<posy>5</posy>
	<width>300</width>
	<height>180</height>
	<aligny>center</aligny>
	<align>center</align>
	<aspectratio>keep</aspectratio>
	<texture background="true">$INFO[ListItem.Icon]</texture>
	<bordertexture border="-2">black.png</bordertexture>
	<colordiffuse>FF909090</colordiffuse>
	<include>Animation_Fade</include>
	<visible>!Control.HasFocus(151)</visible>
	</control>
	<control type="image">
	<posx>0</posx>
	<posy>5</posy>
	<width>300</width>
	<height>180</height>
	<aligny>center</aligny>
	<align>center</align>
	<aspectratio>keep</aspectratio>
	<texture background="true">$INFO[ListItem.Icon]</texture>
	<bordertexture border="-2">grey.png</bordertexture>
	<include>Animation_Fade</include>
	<visible>Control.HasFocus(151)</visible>
	</control>
	</focusedlayout>
	<content>
	<item id="2400"><!-- game image 1 -->
	<icon>$INFO[ListItem.Property(gameinfoupperright)]</icon>
	<label>31924</label>
	<onclick>noop</onclick>
	</item>
	<item id="2500"><!-- game image 2 -->
	<icon>$INFO[ListItem.Property(gameinfolowerright)]</icon>
	<label>31925</label>
	<onclick>noop</onclick>
	</item>
	<item id="2600"><!-- game image 3 -->
	<icon>$INFO[ListItem.Property(gameinfolowerleft)]</icon>
	<label>31926</label>
	<onclick>noop</onclick>
	</item>
	<item id="2700"><!-- game image 4 -->
	<icon>$INFO[ListItem.Property(gameinfoupperleft)]</icon>
	<label>31927</label>
	<onclick>noop</onclick>
	</item>
	</content>
	</control>
	<control type="group"><!-- Menu bar -->
	<posx>0</posx>
	<posy>465</posy>
	<control type="image">
	<posx>0</posx>
	<posy>-30</posy>
	<width>1280</width>
	<height>30</height>
	<texture>shadow_h.png</texture>
	<colordiffuse>C3FFFFFF</colordiffuse>
	</control>
	<control type="image">
	<posx>0</posx>
	<posy>29</posy>
	<width>1280</width>
	<height>30</height>
	<texture flipy="true">shadow_h.png</texture>
	<colordiffuse>C3FFFFFF</colordiffuse>
	</control>
	<control type="image">
	<posx>0</posx>
	<posy>0</posy>
	<width>1280</width>
	<height>30</height>
	<texture>darkgrey.png</texture>
	<colordiffuse>$VAR[value_texturecolor]</colordiffuse>
	<include>Animation_HomeGlass2</include>
	</control>
	<control type="list" id="3001">
	<posx>0</posx>
	<posy>3</posy>
	<width>1280</width>
	<height>25</height>
	<onup>9900</onup>
	<ondown>151</ondown>
	<orientation>horizontal</orientation>
	<pagecontrol>-</pagecontrol>
	<scrolltime>300</scrolltime>
	<focusposition>0</focusposition>
	<itemlayout height="25" width="640">
	<control type="image">
	<posx>0</posx>
	<posy>0</posy>
	<width>1</width>
	<height>25</height>
	<texture>separator_v.png</texture>
	</control>
	<control type="label">
	<posx>320</posx>
	<posy>1</posy>
	<height>25</height>
	<width>640</width>
	<align>center</align>
	<aligny>center</aligny>
	<font>Font_15</font>
	<label>[UPPERCASE]$INFO[ListItem.Label][/UPPERCASE]</label>
	<textcolor>80FFFAF0</textcolor>
	</control>
	</itemlayout>
	<focusedlayout height="25" width="640">
	<control type="image">
	<posx>0</posx>
	<posy>-1</posy>
	<width>640</width>
	<height>27</height>
	<texture>settings_button_focus.png</texture>
	<visible>Control.Hasfocus(3001)</visible>
	</control>
	<control type="image">
	<posx>0</posx>
	<posy>0</posy>
	<width>1</width>
	<height>25</height>
	<texture>separator_v.png</texture>
	</control>
	<control type="label">
	<posx>320</posx>
	<posy>1</posy>
	<height>25</height>
	<width>640</width>
	<align>center</align>
	<aligny>center</aligny>
	<font>Font_15</font>
	<label>[UPPERCASE]$INFO[ListItem.Label][/UPPERCASE]</label>
	<textcolor>FF101010</textcolor>
	<visible>Control.Hasfocus(3001)</visible>
	</control>
	<control type="label">
	<posx>320</posx>
	<posy>1</posy>
	<height>25</height>
	<width>640</width>
	<align>center</align>
	<aligny>center</aligny>
	<font>Font_15</font>
	<label>[UPPERCASE]$INFO[ListItem.Label][/UPPERCASE]</label>
	<textcolor>80FFFAF0</textcolor>
	<visible>!Control.Hasfocus(3001)</visible>
	</control>
	</focusedlayout>
	<content>
	<item id="1"><!-- Run game -->
	<label>31790</label>
	<onclick>SendClick(3000)</onclick>
	</item>
	<item id="2"><!-- Play Video -->
	<label>31793</label>
	<onclick>PlayMedia($INFO[ListItem.Property(gameplayinfo)],1)</onclick>
	<visible>!IsEmpty(ListItem.Property(gameplayinfo))</visible>
	</item>
	</content>
	</control>
	</control>
	<control type="button" id="160">
	<onup>SetFocus(151)</onup>
	<ondown>SetFocus(151)</ondown>
	<onleft>SetFocus(151)</onleft>
	<onright>SetFocus(151)</onright>
	<include>InvisibleButton</include>
	</control>
	<control type="image">
	<posx>0</posx>
	<posy>0</posy>
	<width>1280</width>
	<height>720</height>
	<texture>darkgrey.png</texture>
	<animation effect="fade" start="0" end="100" time="200">Visible</animation>
	<animation effect="fade" start="100" end="0" time="400">Hidden</animation>
	<visible>Control.HasFocus(160)</visible>
	</control>
	<control type="image">
	<posx>0</posx>
	<posy>0</posy>
	<width>1280</width>
	<height>720</height>
	<texture>hive_back.png</texture>
	<animation effect="fade" start="0" end="100" time="200">Visible</animation>
	<animation effect="fade" start="100" end="0" time="400">Hidden</animation>
	<visible>Control.HasFocus(160)</visible>
	</control>
	<control type="image">
	<description>Cover image</description>
	<posx>-1280</posx>
	<posy>47</posy>
	<width>1280</width>
	<height>640</height>
	<texture background="true">$INFO[Container(151).ListItem.Icon]</texture>
	<aspectratio>keep</aspectratio>
	<fadetime>FanartCrossfadeTime</fadetime>
	<animation effect="slide" start="0,0" end="1280,0" time="400" tween="cubic" easing="inout" condition="Control.HasFocus(160)">Conditional</animation>
	<animation effect="slide" start="0,0" end="0,-25" time="600" delay="1000" tween="cubic" easing="inout" condition="Control.HasFocus(160)">Conditional</animation>
	</control>
	<control type="group">
	<visible>Control.HasFocus(160)</visible>
	<animation effect="slide" start="0,0" end="0,-80" time="600" delay="1000" tween="cubic" easing="inout" condition="Control.HasFocus(160)">Conditional</animation>
	<control type="image">
	<posx>0</posx>
	<posy>760</posy>
	<height>40</height>
	<width>1280</width>
	<texture>darkgrey.png</texture>
	<colordiffuse>$VAR[value_texturecolor]</colordiffuse>
	<include>Animation_HomeGlass2</include>
	</control>
	<control type="label">
	<posx>0</posx>
	<posy>760</posy>
	<height>40</height>
	<width>1280</width>
	<align>center</align>
	<aligny>center</aligny>
	<label>$INFO[Container(151).ListItem.Label]</label>
	<font>Font_23</font>
	<textcolor>FFFFFAF0</textcolor>
	<scroll>true</scroll>
	<scrollout>false</scrollout>
	</control>
	<control type="image">
	<posx>0</posx>
	<posy>760</posy>
	<height>40</height>
	<width>1280</width>
	<texture>gradient_small.png</texture>
	</control>
	</control>
	<control type="label" id="4000">
	<description>Messages</description>
	<posx>10</posx>
	<posy>560</posy>
	<width>680</width>
	<height>10</height>
	<align>left</align>
	<label></label>
	<textcolor>FFbec0c2</textcolor>
	<font>Font_SettingsSectionTitle</font>
	<scroll>true</scroll>
	</control>
	</control>
	</control>
	</controls>
	</window>