	<!-- Ace -->

	<window>
	<onunload>Skin.Reset(novideofurnituretemp)</onunload>
	<zorder>1</zorder>
	<coordinates>
	<system>1</system>
	<posx>0</posx>
	<posy>0</posy>
	</coordinates>
	<controls>
	<control type="group">
	<include>Animation_DialogPopup</include>
	<visible>![Player.Forwarding | Player.Rewinding] + [!IsEmpty(VideoPlayer.Title) | !IsEmpty(VideoPlayer.TVShowTitle)]</visible>
	<control type="image"><!-- Menu da direita -->
	<posx>0</posx>
	<posy>30</posy>
	<width>1280</width>
	<height>30</height>
	<texture>shadow_h.png</texture>
	<colordiffuse>C3FFFFFF</colordiffuse>
	</control>
	<control type="image">
	<posx>0</posx>
	<posy>560</posy>
	<width>1280</width>
	<height>30</height>
	<texture flipy="true">shadow_h.png</texture>
	<colordiffuse>C3FFFFFF</colordiffuse>
	</control>
	<control type="image">
	<posx>240</posx>
	<posy>60</posy>
	<width>1040</width>
	<height>500</height>
	<texture>black.png</texture>
	<colordiffuse>C3FFFFFF</colordiffuse>
	</control>
	<!-- ** Required ** Do not change <id> or <type> -->
	<control type="image">
	<posx>500</posx>
	<posy>120</posy>
	<width>40</width>
	<height>400</height>
	<texture>grey.png</texture>
	<animation effect="fade" end="20" condition="true">conditional</animation>
	<visible>![Control.HasFocus(150) | IsEmpty(Container(120).ListItem.Label)]</visible>
	</control>
	<control type="image">
	<posx>1125</posx>
	<posy>120</posy>
	<width>85</width>
	<height>400</height>
	<texture>grey.png</texture>
	<animation effect="fade" end="20" condition="true">conditional</animation>
	<visible>![Control.HasFocus(150) | IsEmpty(Container(120).ListItem.Label)]</visible>
	</control>
	<!-- ** Required ** Do not change <id> or <type> -->
	<control type="list" id="120">
	<visible allowhiddenfocus="true">Control.HasFocus(120) | Control.HasFocus(121)</visible>
	<animation effect="fade" reversible="true" time="300">VisibleChange</animation>
	<posx>240</posx>
	<posy>120</posy>
	<width>1040</width>
	<height>400</height>
	<onleft>150</onleft>
	<onright>121</onright>
	<onup>120</onup>
	<ondown>120</ondown>
	<viewtype label="535">list</viewtype>
	<pagecontrol>121</pagecontrol>
	<scrolltime>200</scrolltime>
	<itemlayout height="40">
	<control type="label">
	<posx>50</posx>
	<posy>0</posy>
	<width>200</width>
	<height>30</height>
	<font>Font_18</font>
	<textcolor>FFFFFAF0</textcolor>
	<aligny>center</aligny>
	<align>left</align>
	<info>ListItem.Label</info>
	</control>
	<control type="image">
	<posx>270</posx>
	<posy>8</posy>
	<width>35</width>
	<height>35</height>
	<texture>flags/countries/$INFO[ListItem.Thumb]</texture>
	</control>
	<control type="label">
	<posx>310</posx>
	<posy>0</posy>
	<width>560</width>
	<height>30</height>
	<font>Font_18</font>
	<textcolor>FFFFFAF0</textcolor>
	<aligny>center</aligny>
	<align>left</align>
	<info>ListItem.Label2</info>
	</control>
	<control type="image">
	<posx>880</posx>
	<posy>11</posy>
	<width>90</width>
	<height>9</height>
	<texture>subtitle_rating_star_$INFO[ListItem.ActualIcon].png</texture>
	</control>
	<control type="image">
	<posx>990</posx>
	<posy>8</posy>
	<width>30</width>
	<height>12</height>
	<texture>subtitle_sync.png</texture>
	<visible>ListItem.property(sync)</visible>
	</control>
	</itemlayout>
	<focusedlayout height="40">
	<control type="image">
	<posx>0</posx>
	<posy>0</posy>
	<width>1040</width>
	<height>40</height>
	<texture>grey.png</texture>
	<colordiffuse>95FFFFFF</colordiffuse>
	<visible>Control.HasFocus(120)</visible>
	</control>
	<control type="image">
	<posx>270</posx>
	<posy>8</posy>
	<width>35</width>
	<height>35</height>
	<texture>flags/countries/$INFO[ListItem.Thumb]</texture>
	</control>
	<control type="label">
	<posx>50</posx>
	<posy>0</posy>
	<width>200</width>
	<height>30</height>
	<font>Font_18</font>
	<textcolor>FF101010</textcolor>
	<aligny>center</aligny>
	<align>left</align>
	<info>ListItem.Label</info>
	</control>
	<control type="label">
	<posx>310</posx>
	<posy>0</posy>
	<width>560</width>
	<height>30</height>
	<font>Font_18</font>
	<textcolor>FF101010</textcolor>
	<aligny>center</aligny>
	<align>left</align>
	<info>ListItem.Label2</info>
	</control>
	<control type="image">
	<posx>880</posx>
	<posy>11</posy>
	<width>90</width>
	<height>9</height>
	<colordiffuse>FF101010</colordiffuse>
	<texture>subtitle_rating_star_$INFO[ListItem.ActualIcon].png</texture>
	</control>
	<control type="image">
	<posx>990</posx>
	<posy>8</posy>
	<width>30</width>
	<height>12</height>
	<texture>subtitle_sync.png</texture>
	<visible>ListItem.property(sync)</visible>
	</control>
	</focusedlayout>
	</control>
	<control type="image">
	<posx>240</posx>
	<posy>520</posy>
	<width>1040</width>
	<height>40</height>
	<texture>black.png</texture>
	<colordiffuse>C3FFFFFF</colordiffuse>
	</control>
	<control type="image" id="110">
	<posx>810</posx>
	<posy>525</posy>
	<width>734</width>
	<height>30</height>
	<aspectratio>keep</aspectratio>
	<align>right</align>
	<aligny>top</aligny>
	<texture>-</texture>
	</control>
	<control type="image" id="111">
	<visible>false</visible>
	</control>
	<control type="image" id="112">
	<visible>false</visible>
	</control>
	<control type="label" id="100">
	<include>SettingsContentTitle</include>
	</control>
	<control type="group" id="250"><!-- Menu da esquerda -->
	<control type="image">
	<posx>240</posx>
	<posy>30</posy>
	<width>30</width>
	<height>500</height>
	<texture>shadow.png</texture>
	<colordiffuse>C3FFFFFF</colordiffuse>
	</control>
	<control type="image">
	<posx>0</posx>
	<posy>60</posy>
	<width>240</width>
	<height>500</height>
	<texture>grey.png</texture>
	<colordiffuse>90FFFFFF</colordiffuse>
	</control>
	<control type="image">
	<posx>238</posx>
	<posy>60</posy>
	<width>2</width>
	<height>500</height>
	<texture>separator_v.png</texture>
	</control>
	<control type="label">
	<include>SettingsSectionTitle</include>
	<label>31202</label>
	</control>
	<control type="list" id="150">
	<posx>0</posx>
	<posy>120</posy>
	<width>239</width>
	<height>400</height>
	<onleft>120</onleft>
	<onright>120</onright>
	<onup>150</onup>
	<ondown>150</ondown>
	<viewtype label="535">list</viewtype>
	<scrolltime>200</scrolltime>
	<itemlayout width="240" height="40">
	<control type="label">
	<include>SettingsLabel</include>
	<label>$INFO[ListItem.Label]</label>
	<visible>!ListItem.property(man)</visible>
	</control>
	<control type="label">
	<include>SettingsLabel</include>
	<label>$INFO[ListItem.Label]</label>
	<visible>ListItem.property(man)</visible>
	</control>
	</itemlayout>
	<focusedlayout width="240" height="40">
	<control type="image">
	<texture>settings_button.png</texture>
	<animation effect="fade" start="100" end="0" time="0" condition="!Control.Hasfocus(150)">conditional</animation>
	</control>
	<control type="label">
	<include>SettingsLabel</include>
	<label>$INFO[ListItem.Label]</label>
	<visible>![ListItem.property(man) | Control.Hasfocus(150)]</visible>
	</control>
	<control type="label">
	<include>SettingsLabel</include>
	<label>$INFO[ListItem.Label]</label>
	<visible>ListItem.property(man) + !Control.Hasfocus(150)</visible>
	</control>
	<control type="label">
	<include>SettingsLabelFocus</include>
	<label>$INFO[ListItem.Label]</label>
	<visible>!ListItem.property(man) + Control.Hasfocus(150)</visible>
	</control>
	<control type="label">
	<include>SettingsLabelFocus</include>
	<label>$INFO[ListItem.Label]</label>
	<visible>ListItem.property(man) + Control.Hasfocus(150)</visible>
	</control>
	</focusedlayout>
	</control>
	<control type="scrollbar" id="121">
	<width>25</width>
	<include>ScrollBar_Vertical</include>
	<posx>1035</posx>
	<posy>225</posy>
	<height>250</height>
	<onleft>120</onleft>
	<onright>121</onright>
	<ondown>121</ondown>
	<onup>121</onup>
	<animation effect="fade" reversible="true" time="300">VisibleChange</animation>
	<visible allowhiddenfocus="true">Control.HasFocus(121)</visible>
	</control>
	<control type="image">
	<posx>0</posx>
	<posy>60</posy>
	<width>250</width>
	<height>500</height>
	<texture>menu_glass.png</texture>
	<colordiffuse>70FFFAF0</colordiffuse>
	</control>
	</control>
	</control>
	</controls>
	</window>