	<!-- Ace -->

	<window>
	<defaultcontrol always="true">9100</defaultcontrol>
	<onunload condition="SubString(skin.string(customwindow),video)">SetFocus(50)</onunload>
	<onunload>Skin.Reset(customwindow)</onunload>
	<onunload>Skin.Reset(resetmode)</onunload>
	<controls>
	<control type="image">
	<include>HomeBG</include>
	<texture fallback="special://skin/backgrounds/settings.jpg" background="true">$VAR[value_mainmenubg_settings]</texture>
	</control>
	<control type="group"><!-- default group -->
	<include>Animation_Window</include>

	<include>SettingsBack</include><!-- Menu da direita -->
	<control type="label">
	<include>SettingsContentTitle</include>
	<label>$VAR[value_osdcustomtitle]</label>
	</control>
	<control type="label"><!-- Labels do rodape -->
	<posx>296</posx>
	<posy>598</posy>
	<width>800</width>
	<height>50</height>
	<textcolor>FFFFFAF0</textcolor>
	<font>Font_16</font>
	<label>$VAR[value_virtualsublabel]</label>
	<animation effect="slide" end="0,35" condition="Container(9100).HasFocus(31)">conditional</animation>
	</control>

	<control type="grouplist" id="9001"><!-- Ajustes Gerais -->
	<visible>Container(9100).HasFocus(16)</visible>
	<animation effect="fade" reversible="true" time="150">VisibleChange</animation>
	<posx>240</posx>
	<posy>120</posy>
	<width>1040</width>
	<height>494</height>
	<onleft>9100</onleft>
	<onright>80</onright>
	<onup>9001</onup>
	<ondown>9001</ondown>
	<itemgap>0</itemgap>
	<pagecontrol>-</pagecontrol>
	<control type="radiobutton" id="1012">
	<label>31601</label>
	<onclick>Skin.ToggleSetting(kiosk)</onclick>
	<onclick>Skin.Reset(kiosksmart)</onclick>
	<onclick>Skin.Reset(kioskcode)</onclick>
	<selected>Skin.HasSetting(kiosk)</selected>
	</control>
	<control type="radiobutton" id="1013">
	<label>31604</label>
	<onclick>Skin.ToggleSetting(kiosksmart)</onclick>
	<onclick>Skin.Reset(kiosk)</onclick>
	<onclick>Skin.Reset(kioskcode)</onclick>
	<selected>Skin.HasSetting(kiosksmart)</selected>
	</control>
	<control type="radiobutton" id="1014">
	<label>31603</label>
	<onclick>Skin.ToggleSetting(kioskcode)</onclick>
	<selected>Skin.HasSetting(kioskcode)</selected>
	<enable>Skin.HasSetting(kiosksmart)</enable>
	</control>
	<control type="radiobutton" id="1015">
	<label>31602</label>
	<onclick>Skin.ToggleSetting(kioskininfo)</onclick>
	<selected>Skin.HasSetting(kioskininfo)</selected>
	</control>
	<control type="radiobutton" id="1016">
	<label>31531</label>
	<onclick>Skin.ToggleSetting(startplay)</onclick>
	<selected>Skin.HasSetting(startplay)</selected>
	</control>
	<control type="button" id="1017">
	<label>31532</label>
	<label2>$INFO[Skin.String(startupplaylist)]</label2>
	<onclick>Skin.SetFile(startupplaylist,,special://MusicPlaylists/)</onclick>
	</control>
	<control type="radiobutton" id="1018">
	<label>31959</label>
	<onclick>Skin.ToggleSetting(livebg)</onclick>
	<selected>Skin.HasSetting(livebg)</selected>
	</control>
	<!--<control type="radiobutton" id="1020">
	<label>31605</label>
	<onclick>Skin.ToggleSetting(popupvoxcommando)</onclick>
	<onclick>ReloadSkin</onclick>
	<selected>Skin.HasSetting(popupvoxcommando)</selected>
	</control>-->
	<control type="radiobutton" id="1021">
	<label>31245</label>
	<onclick>Skin.ToggleSetting(keepaspect)</onclick>
	<onclick>ReloadSkin</onclick>
	<selected>Skin.HasSetting(keepaspect)</selected>
	</control>
	<control type="radiobutton" id="1022">
	<label>31693</label>
	<onclick>Skin.ToggleSetting(touchscreen)</onclick>
	<selected>Skin.HasSetting(touchscreen)</selected>
	</control>
	</control>

	<control type="grouplist" id="9002"><!-- Menu Principal -->
	<visible>Container(9100).HasFocus(17)</visible>
	<animation effect="fade" reversible="true" time="150">VisibleChange</animation>
	<posx>240</posx>
	<posy>120</posy>
	<width>1040</width>
	<height>494</height>
	<onleft>9100</onleft>
	<onright>noop</onright>
	<onup>9002</onup>
	<ondown>9002</ondown>
	<itemgap>0</itemgap>
	<pagecontrol>-</pagecontrol>
	<control type="radiobutton" id="1040"><!-- Menu vertical -->
	<label>31963</label>
	<onclick>Skin.SetString(menu,vertical)</onclick>
	<selected>SubString(skin.string(menu),vertical)</selected>
	</control>
	<control type="radiobutton" id="1041"><!-- Menu horizontal -->
	<label>31964</label>
	<onclick>Skin.SetString(menu,horizontal)</onclick>
	<selected>SubString(skin.string(menu),horizontal)</selected>
	</control>
	<control type="radiobutton" id="1042"><!-- Menu em lista fixa -->
	<label>31235</label>
	<onclick>Skin.ToggleSetting(mainmenufixedlist)</onclick>
	<selected>Skin.HasSetting(mainmenufixedlist)</selected>
	<enable>SubString(skin.string(menu),horizontal)</enable>
	</control>
	<control type="radiobutton" id="1043"><!-- Menu clean -->
	<label>31240</label>
	<onclick>Skin.ToggleSetting(homemenuclean)</onclick>
	<selected>Skin.HasSetting(homemenuclean)</selected>
	</control>
	<control type="radiobutton" id="1045"><!-- Painel de progresso -->
	<label>31982</label>
	<onclick>Skin.ToggleSetting(noprogresspanel)</onclick>
	<selected>!Skin.HasSetting(noprogresspanel)</selected>
	</control>
	<control type="radiobutton" id="1046"><!-- Painel tocando agora -->
	<label>31986</label>
	<onclick>Skin.ToggleSetting(nonowplayingpanel)</onclick>
	<selected>!Skin.HasSetting(nonowplayingpanel)</selected>
	</control>
	<control type="radiobutton" id="1047"><!-- CDart -->
	<label>31328</label>
	<onclick>Skin.ToggleSetting(nohomecdart)</onclick>
	<selected>!Skin.HasSetting(nohomecdart)</selected>
	</control>
	<control type="radiobutton" id="1048"><!-- Data e Clima -->
	<label>31250</label>
	<onclick>Skin.ToggleSetting(nodateandweather)</onclick>
	<selected>!Skin.HasSetting(nodateandweather)</selected>
	</control>
	<control type="radiobutton" id="1049"><!-- Fundos animados -->
	<label>31463</label>
	<onclick>Skin.ToggleSetting(animation_homepanscan)</onclick>
	<selected>Skin.HasSetting(animation_homepanscan)</selected>
	</control>
	<control type="radiobutton" id="1050"><!-- Trailer em tela cheia -->
	<label>31574</label>
	<onclick>Skin.ToggleSetting(homefullscreentrailer)</onclick>
	<selected>Skin.HasSetting(homefullscreentrailer)</selected>
	</control>
	<control type="button" id="1051"><!-- Ir para customizacao do menu -->
	<label>31207</label>
	<onclick>ActivateWindow(6000)</onclick>
	<onclick>Skin.SetBool(custommode)</onclick>
	</control>
	</control>

	<control type="grouplist" id="9006"><!-- Menu Principal Widgets -->
	<visible>Container(9100).HasFocus(18)</visible>
	<animation effect="fade" reversible="true" time="150">VisibleChange</animation>
	<posx>240</posx>
	<posy>120</posy>
	<width>1040</width>
	<height>494</height>
	<onleft>9100</onleft>
	<onright>80</onright>
	<onup>9006</onup>
	<ondown>9006</ondown>
	<itemgap>0</itemgap>
	<pagecontrol>80</pagecontrol>
	<control type="radiobutton" id="1100"><!-- Filmes -->
	<label>$LOCALIZE[31003] $INFO[skin.string(movies.label), (,)]</label>
	<onclick>Skin.ToggleSetting(nomovieswidget)</onclick>
	<selected>!Skin.HasSetting(nomovieswidget)</selected>
	<visible>SubString(skin.string(movies.menu),on)</visible>
	</control>
	<control type="radiobutton" id="1101"><!-- Seriados -->
	<label>$LOCALIZE[31005] $INFO[skin.string(tvshows.label), (,)]</label>
	<onclick>Skin.ToggleSetting(notvshowswidget)</onclick>
	<selected>!Skin.HasSetting(notvshowswidget)</selected>
	<visible>SubString(skin.string(tvshows.menu),on)</visible>
	</control>
	<control type="radiobutton" id="1102"><!-- Concertos -->
	<label>$LOCALIZE[31013] $INFO[skin.string(concerts.label), (,)]</label>
	<onclick>Skin.ToggleSetting(noconcertswidget)</onclick>
	<selected>!Skin.HasSetting(noconcertswidget)</selected>
	<visible>SubString(skin.string(concerts.menu),on)</visible>
	</control>
	<control type="radiobutton" id="1103"><!-- Musicas -->
	<label>$LOCALIZE[31002] $INFO[skin.string(music.label), (,)]</label>
	<onclick>Skin.ToggleSetting(nomusicwidget)</onclick>
	<selected>!Skin.HasSetting(nomusicwidget)</selected>
	<visible>SubString(skin.string(music.menu),on)</visible>
	</control>
	<control type="radiobutton" id="1104"><!-- TV -->
	<label>$LOCALIZE[31006] $INFO[skin.string(livetv.label), (,)]</label>
	<onclick>Skin.ToggleSetting(nonextairedwidget)</onclick>
	<selected>!Skin.HasSetting(nonextairedwidget)</selected>
	<visible>SubString(skin.string(livetv.menu),on) + System.GetBool(pvrmanager.enabled)</visible>
	</control>
	<control type="radiobutton" id="1105"><!-- Jogos -->
	<label>$LOCALIZE[31007] $INFO[skin.string(games.label), (,)]</label>
	<onclick>Skin.ToggleSetting(nogameswidget)</onclick>
	<selected>!Skin.HasSetting(nogameswidget)</selected>
	<visible>SubString(skin.string(games.menu),on) + [System.HasAddon(script.games.rom.collection.browser) + SubString(skin.string(games_link),rcb)]</visible>
	</control>
	<control type="radiobutton" id="1106"><!-- Sistema -->
	<label>$LOCALIZE[31011] $INFO[skin.string(settings.label), (,)]</label>
	<onclick>Skin.ToggleSetting(nosystemwidget)</onclick>
	<selected>!Skin.HasSetting(nosystemwidget)</selected>
	<visible>SubString(skin.string(settings.menu),on)</visible>
	</control>
	<control type="radiobutton" id="1111"><!-- Vpl1 -->
	<label>$LOCALIZE[31072] - 1 $INFO[skin.string(vpl1.label), (,)]</label>
	<onclick>Skin.ToggleSetting(novpl1widget)</onclick>
	<selected>!Skin.HasSetting(novpl1widget)</selected>
	<visible>!IsEmpty(skin.string(vpl1.path))</visible>
	</control>
	<control type="radiobutton" id="1112"><!-- Vpl2 -->
	<label>$LOCALIZE[31072] - 2 $INFO[skin.string(vpl2.label), (,)]</label>
	<onclick>Skin.ToggleSetting(novpl2widget)</onclick>
	<selected>!Skin.HasSetting(novpl2widget)</selected>
	<visible>!IsEmpty(skin.string(vpl2.path))</visible>
	</control>
	<control type="radiobutton" id="1113"><!-- Vpl3 -->
	<label>$LOCALIZE[31072] - 3 $INFO[skin.string(vpl3.label), (,)]</label>
	<onclick>Skin.ToggleSetting(novpl3widget)</onclick>
	<selected>!Skin.HasSetting(novpl3widget)</selected>
	<visible>!IsEmpty(skin.string(vpl3.path))</visible>
	</control>
	<control type="radiobutton" id="1114"><!-- Vpl4 -->
	<label>$LOCALIZE[31072] - 2 $INFO[skin.string(vpl4.label), (,)]</label>
	<onclick>Skin.ToggleSetting(novpl4widget)</onclick>
	<selected>!Skin.HasSetting(novpl4widget)</selected>
	<visible>!IsEmpty(skin.string(vpl4.path))</visible>
	</control>
	<control type="radiobutton" id="1115"><!-- Vpl5 -->
	<label>$LOCALIZE[31072] - 5 $INFO[skin.string(vpl5.label), (,)]</label>
	<onclick>Skin.ToggleSetting(novpl5widget)</onclick>
	<selected>!Skin.HasSetting(novpl5widget)</selected>
	<visible>!IsEmpty(skin.string(vpl5.path))</visible>
	</control>
	<control type="radiobutton" id="1121"><!-- Apl1 -->
	<label>$LOCALIZE[31073] - 1 $INFO[skin.string(apl1.label), (,)]</label>
	<onclick>Skin.ToggleSetting(noapl1widget)</onclick>
	<selected>!Skin.HasSetting(noapl1widget)</selected>
	<visible>!IsEmpty(skin.string(apl1.path))</visible>
	</control>
	<control type="radiobutton" id="1122"><!-- Apl2 -->
	<label>$LOCALIZE[31073] - 2 $INFO[skin.string(apl2.label), (,)]</label>
	<onclick>Skin.ToggleSetting(noapl2widget)</onclick>
	<selected>!Skin.HasSetting(noapl2widget)</selected>
	<visible>!IsEmpty(skin.string(apl2.path))</visible>
	</control>
	<control type="radiobutton" id="1123"><!-- Apl3 -->
	<label>$LOCALIZE[31073] - 3 $INFO[skin.string(apl3.label), (,)]</label>
	<onclick>Skin.ToggleSetting(noapl3widget)</onclick>
	<selected>!Skin.HasSetting(noapl3widget)</selected>
	<visible>!IsEmpty(skin.string(apl3.path))</visible>
	</control>
	<control type="radiobutton" id="1124"><!-- Apl4 -->
	<label>$LOCALIZE[31073] - 4 $INFO[skin.string(apl4.label), (,)]</label>
	<onclick>Skin.ToggleSetting(noapl4widget)</onclick>
	<selected>!Skin.HasSetting(noapl4widget)</selected>
	<visible>!IsEmpty(skin.string(apl4.path))</visible>
	</control>
	<control type="radiobutton" id="1125"><!-- Apl5 -->
	<label>$LOCALIZE[31073] - 5 $INFO[skin.string(apl5.label), (,)]</label>
	<onclick>Skin.ToggleSetting(noapl5widget)</onclick>
	<selected>!Skin.HasSetting(noapl5widget)</selected>
	<visible>!IsEmpty(skin.string(apl5.path))</visible>
	</control>
	</control>

	<control type="grouplist" id="9003"><!-- Restaurar -->
	<visible>Container(9100).HasFocus(32)</visible>
	<animation effect="fade" reversible="true" time="150">VisibleChange</animation>
	<posx>240</posx>
	<posy>120</posy>
	<width>1040</width>
	<height>494</height>
	<onleft>9100</onleft>
	<onright>80</onright>
	<itemgap>0</itemgap>
	<pagecontrol>-</pagecontrol>
	<control type="button" id="1050"><!-- Restaurar ajustes -->
	<label>31453</label>
	<onclick>Skin.SetString(colortexture,graphite)</onclick>
	<onclick>Skin.SetString(colorheader,orange)</onclick>
	<onclick>Skin.SetString(homeglass,75)</onclick>
	<onclick>Skin.SetString(panelglass,75)</onclick>
	<onclick>Skin.SetString(theme,modern)</onclick>
	<onclick>Skin.SetString(style,modern)</onclick>
	<onclick>Skin.SetString(widemovies.art,poster)</onclick>
	<onclick>Skin.SetString(widetvshows.art,poster)</onclick>
	<onclick>Skin.SetString(wideconcerts.art,poster)</onclick>
	<onclick>Skin.SetString(mfmovies_list,latest)</onclick>
	<onclick>Skin.SetString(mfconcerts_list,latest)</onclick>
	<onclick>Skin.SetString(mftvshows_list,latest)</onclick>
	<onclick>Skin.SetString(mfmusic_list,latestsong)</onclick>
	<onclick>Skin.SetString(mfvpl1_list,latest)</onclick>
	<onclick>Skin.SetString(mfvpl2_list,latest)</onclick>
	<onclick>Skin.SetString(mfvpl3_list,latest)</onclick>
	<onclick>Skin.SetString(mfvpl4_list,latest)</onclick>
	<onclick>Skin.SetString(mfvpl5_list,latest)</onclick>
	<onclick>Skin.SetString(mfapl1_list,latest)</onclick>
	<onclick>Skin.SetString(mfapl2_list,latest)</onclick>
	<onclick>Skin.SetString(mfapl3_list,latest)</onclick>
	<onclick>Skin.SetString(mfapl4_list,latest)</onclick>
	<onclick>Skin.SetString(mfapl5_list,latest)</onclick>
	<onclick>Skin.SetString(games_video,auto)</onclick>
	<onclick>Skin.SetString(moviesfanart,fanart)</onclick>
	<onclick>Skin.SetString(tvshowsfanart,fanart)</onclick>
	<onclick>Skin.SetString(seasonsfanart,fanart)</onclick>
	<onclick>Skin.SetString(episodesfanart,fanart)</onclick>
	<onclick>Skin.SetString(musicvideosfanart,fanart)</onclick>
	<onclick>Skin.SetString(musicfanart,fanart)</onclick>
	<onclick>Skin.SetString(programsfanart,fanart)</onclick>
	<onclick>Skin.SetString(weather_mode,7days)</onclick>
	<onclick>Skin.SetString(vis_bg,slideshow)</onclick>
	<onclick>Skin.SetString(shutdownbutton,shutdown)</onclick>
	<onclick>ReloadSkin</onclick>
	</control>
	<control type="radiobutton" id="889">
	<label>31447</label>
	<onleft>9100</onleft>
	<onup>9100</onup>
	<ondown>891</ondown>
	<onclick>Skin.ToggleSetting(resetmode)</onclick>
	<selected>Skin.HasSetting(resetmode)</selected>
	</control>
	<control type="button" id="891">
	<posy>40</posy>
	<label>31421</label>
	<onup>9100</onup>
	<ondown>9100</ondown>
	<onleft>9100</onleft>
	<onright>9100</onright>
	<colordiffuse>FFB20000</colordiffuse>
	<onclick>ActivateWindow(628)</onclick>
	<visible>Skin.HasSetting(resetmode)</visible>
	</control>
	</control>
	<control type="group"><!-- Seletor de estojo -->
	<visible>Container(9100).HasFocus(31)</visible>
	<control type="image">
	<posx>450</posx>
	<posy>300</posy>
	<width>50</width>
	<height>100</height>
	<texture flipx="true">arrow_settings.png</texture>
	<colordiffuse>80FFFAF0</colordiffuse>
	<animation type="Visible">
	<effect type="fade" start="0" end="100" time="600" />
	<effect type="slide" start="100,0" end="0,0" time="600" tween="back" easing="out" />
	</animation>
	<visible>Control.HasFocus(403)</visible>
	</control>
	<control type="image">
	<posx>950</posx>
	<posy>300</posy>
	<width>50</width>
	<height>100</height>
	<texture>arrow_settings.png</texture>
	<colordiffuse>80FFFAF0</colordiffuse>
	<animation type="Visible">
	<effect type="fade" start="0" end="100" time="600" />
	<effect type="slide" start="-100,0" end="0,0" time="600" tween="back" easing="out" />
	</animation>
	<visible>Control.HasFocus(403)</visible>
	</control>
	<control type="wraplist" id="403">
	<posx>318</posx>
	<posy>235</posy>
	<height>300</height>
	<width>800</width>
	<onup>9100</onup>
	<ondown>9100</ondown>
	<onleft>403</onleft>
	<onright>403</onright>
	<viewtype>list</viewtype>
	<orientation>horizontal</orientation>
	<scrolltime tween="back" easing="out">500</scrolltime>
	<focusposition>0</focusposition>
	<visible allowhiddenfocus="true">![ControlGroup(150).HasFocus | ControlGroup(165).HasFocus]</visible>
	<itemlayout width="600" height="300">
	<control type="image">
	<posx>335</posx>
	<posy>32</posy>
	<width>156</width>
	<height>220</height>
	<aspectratio>stretch</aspectratio>
	<texture>DefaultVideoPoster.png</texture>
	</control>
	<control type="image">
	<include>CaseSelectorDimensions</include>
	<texture>$VAR[value_colordefaultcase]</texture>
	<visible>Container(403).HasFocus(1)</visible>
	</control>
	<control type="image">
	<include>CaseSelectorDimensions</include>
	<texture>$VAR[value_colorbluraycase]</texture>
	<visible>Container(403).HasFocus(2)</visible>
	</control>
	<control type="image">
	<include>CaseSelectorDimensions</include>
	<texture>$VAR[value_color3dbdcase]</texture>
	<visible>Container(403).HasFocus(3)</visible>
	</control>
	<control type="image">
	<include>CaseSelectorDimensions</include>
	<texture>$VAR[value_colorwebtvcase]</texture>
	<visible>Container(403).HasFocus(4)</visible>
	</control>
	<control type="image">
	<include>CaseSelectorDimensions</include>
	<texture>$VAR[value_colorhdtvcase]</texture>
	<visible>Container(403).HasFocus(5)</visible>
	</control>
	<control type="image">
	<include>CaseSelectorDimensions</include>
	<texture>$VAR[value_colordvdcase]</texture>
	<visible>Container(403).HasFocus(6)</visible>
	</control>
	<control type="image">
	<posx>392</posx>
	<posy>-3</posy>
	<width>45</width>
	<height>45</height>
	<align>center</align>
	<aligny>center</aligny>
	<aspectratio>keep</aspectratio>
	<texture background="true">$INFO[ListItem.Icon]</texture>
	</control>
	</itemlayout>
	<focusedlayout width="600" height="300">
	<control type="image">
	<posx>335</posx>
	<posy>32</posy>
	<width>156</width>
	<height>220</height>
	<aspectratio>stretch</aspectratio>
	<texture>DefaultVideoPoster.png</texture>
	</control>
	<control type="image">
	<include>CaseSelectorDimensions</include>
	<texture>$VAR[value_colordefaultcase]</texture>
	<visible>Container(403).HasFocus(1)</visible>
	</control>
	<control type="image">
	<include>CaseSelectorDimensions</include>
	<texture>$VAR[value_colorbluraycase]</texture>
	<visible>Container(403).HasFocus(2)</visible>
	</control>
	<control type="image">
	<include>CaseSelectorDimensions</include>
	<texture>$VAR[value_color3dbdcase]</texture>
	<visible>Container(403).HasFocus(3)</visible>
	</control>
	<control type="image">
	<include>CaseSelectorDimensions</include>
	<texture>$VAR[value_colorwebtvcase]</texture>
	<visible>Container(403).HasFocus(4)</visible>
	</control>
	<control type="image">
	<include>CaseSelectorDimensions</include>
	<texture>$VAR[value_colorhdtvcase]</texture>
	<visible>Container(403).HasFocus(5)</visible>
	</control>
	<control type="image">
	<include>CaseSelectorDimensions</include>
	<texture>$VAR[value_colordvdcase]</texture>
	<visible>Container(403).HasFocus(6)</visible>
	</control>
	<control type="image">
	<posx>392</posx>
	<posy>-3</posy>
	<width>45</width>
	<height>45</height>
	<align>center</align>
	<aligny>center</aligny>
	<aspectratio>keep</aspectratio>
	<texture background="true">$INFO[ListItem.Icon]</texture>
	</control>
	</focusedlayout>
	<content>
	<item id="1"><!-- default -->
	<label>-</label>
	<icon>$VAR[value_codecdefault]</icon>
	<onclick>Skin.SetString(custom_case,case_default)</onclick>
	<onclick>Skin.SetString(custom_codec,codec_default)</onclick>
	<onclick>SetFocus(165)</onclick>
	</item>
	<item id="2"><!-- bluray -->
	<label>-</label>
	<icon>$VAR[value_codecbluray]</icon>
	<onclick>Skin.SetString(custom_case,case_bluray)</onclick>
	<onclick>Skin.SetString(custom_codec,codec_bluray)</onclick>
	<onclick>SetFocus(165)</onclick>
	</item>
	<item id="3"><!-- 3dbd -->
	<label>-</label>
	<icon>$VAR[value_codec3dbd]</icon>
	<onclick>Skin.SetString(custom_case,case_3dbd)</onclick>
	<onclick>Skin.SetString(custom_codec,codec_3dbd)</onclick>
	<onclick>SetFocus(165)</onclick>
	</item>
	<item id="4"><!-- webtv -->
	<label>-</label>
	<icon>$VAR[value_codecwebtv]</icon>
	<onclick>Skin.SetString(custom_case,case_webtv)</onclick>
	<onclick>Skin.SetString(custom_codec,codec_webtv)</onclick>
	<onclick>SetFocus(165)</onclick>
	</item>
	<item id="5"><!-- hdtv -->
	<label>-</label>
	<icon>$VAR[value_codechdtv]</icon>
	<onclick>Skin.SetString(custom_case,case_hdtv)</onclick>
	<onclick>Skin.SetString(custom_codec,codec_hdtv)</onclick>
	<onclick>SetFocus(165)</onclick>
	</item>
	<item id="6"><!-- dvd -->
	<label>-</label>
	<icon>$VAR[value_codecdvd]</icon>
	<onclick>Skin.SetString(custom_case,case_dvd)</onclick>
	<onclick>Skin.SetString(custom_codec,codec_dvd)</onclick>
	<onclick>SetFocus(165)</onclick>
	</item>
	</content>
	</control>
	<control type="group"><!-- Estojo virtual -->
	<posx>640</posx>
	<posy>235</posy>
	<animation effect="fade" time="200">Visible</animation>
	<animation effect="fade" time="200">Hidden</animation>
	<visible>ControlGroup(150).HasFocus | ControlGroup(165).HasFocus</visible>
	<control type="image">
	<posx>15</posx>
	<posy>32</posy>
	<width>156</width>
	<height>220</height>
	<aspectratio>stretch</aspectratio>
	<texture>DefaultVideoPoster.png</texture>
	</control>
	<control type="image">
	<posx>0</posx>
	<posy>0</posy>
	<width>190</width>
	<height>270</height>
	<aspectratio>stretch</aspectratio>
	<texture>thumb_box_0.png</texture>
	<colordiffuse>$VAR[value_casepreviewcolors]</colordiffuse>
	</control>
	<control type="image">
	<posx>0</posx>
	<posy>0</posy>
	<width>190</width>
	<height>270</height>
	<aspectratio>stretch</aspectratio>
	<texture>thumb_box_0_glass.png</texture>
	</control>
	</control>
	<control type="image">
	<posx>240</posx>
	<posy>490</posy>
	<width>1040</width>
	<height>30</height>
	<texture>shadow_h.png</texture>
	<colordiffuse>C3FFFFFF</colordiffuse>
	</control>
	<control type="image">
	<posx>240</posx>
	<posy>619</posy>
	<width>1040</width>
	<height>30</height>
	<texture flipy="true">shadow_h.png</texture>
	<colordiffuse>C3FFFFFF</colordiffuse>
	</control>
	<control type="image"><!-- Seletor de Codec -->
	<posx>240</posx>
	<posy>520</posy>
	<width>1040</width>
	<height>100</height>
	<texture>black.png</texture>
	<colordiffuse>C3FFFFFF</colordiffuse>
	</control>
	<control type="image">
	<posx>240</posx>
	<posy>550</posy>
	<width>1040</width>
	<height>40</height>
	<texture>grey.png</texture>
	<colordiffuse>20FFFFFF</colordiffuse>
	</control>
	<control type="grouplist" id="150">
	<posx>350</posx>
	<posy>540</posy>
	<width>1040</width>
	<height>80</height>
	<itemgap>27</itemgap>
	<onup>9100</onup>
	<ondown>403</ondown>
	<orientation>horizontal</orientation>
	<control type="button" id="151">
	<include>CodecSelectorDimensions</include>
	<label>-</label>
	<texturefocus>flags/source/no_codec.png</texturefocus>
	<texturenofocus>flags/source/no_codec.png</texturenofocus>
	<onclick>Skin.SetString($INFO[skin.string(custom_codec)],none)</onclick>
	<onclick>AlarmClock(casedone,SetFocus(403),0:01,true)</onclick>
	<animation effect="fade" start="100" end="50" time="100" condition="![ControlGroup(150).HasFocus + ControlGroup(150).HasFocus(151)]">conditional</animation>
	</control>
	<control type="button" id="152">
	<include>CodecSelectorDimensions</include>
	<label>-</label>
	<texturefocus>flags/source/default.png</texturefocus>
	<texturenofocus>flags/source/default.png</texturenofocus>
	<onclick>Skin.SetString($INFO[skin.string(custom_codec)],default)</onclick>
	<onclick>AlarmClock(casedone,SetFocus(403),0:01,true)</onclick>
	<animation effect="fade" start="100" end="50" time="100" condition="![ControlGroup(150).HasFocus + ControlGroup(150).HasFocus(152)]">conditional</animation>
	</control>
	<control type="button" id="153">
	<include>CodecSelectorDimensions</include>
	<label>-</label>
	<texturefocus>flags/source/bluray.png</texturefocus>
	<texturenofocus>flags/source/bluray.png</texturenofocus>
	<onclick>Skin.SetString($INFO[skin.string(custom_codec)],bluray)</onclick>
	<onclick>AlarmClock(casedone,SetFocus(403),0:01,true)</onclick>
	<animation effect="fade" start="100" end="50" time="100" condition="![ControlGroup(150).HasFocus + ControlGroup(150).HasFocus(153)]">conditional</animation>
	</control>
	<control type="button" id="154">
	<include>CodecSelectorDimensions</include>
	<label>-</label>
	<texturefocus>flags/source/3dbd.png</texturefocus>
	<texturenofocus>flags/source/3dbd.png</texturenofocus>
	<onclick>Skin.SetString($INFO[skin.string(custom_codec)],3dbd)</onclick>
	<onclick>AlarmClock(casedone,SetFocus(403),0:01,true)</onclick>
	<animation effect="fade" start="100" end="50" time="100" condition="![ControlGroup(150).HasFocus + ControlGroup(150).HasFocus(154)]">conditional</animation>
	</control>
	<control type="button" id="155">
	<include>CodecSelectorDimensions</include>
	<label>-</label>
	<texturefocus>flags/source/webtv.png</texturefocus>
	<texturenofocus>flags/source/webtv.png</texturenofocus>
	<onclick>Skin.SetString($INFO[skin.string(custom_codec)],webtv)</onclick>
	<onclick>AlarmClock(casedone,SetFocus(403),0:01,true)</onclick>
	<animation effect="fade" start="100" end="50" time="100" condition="![ControlGroup(150).HasFocus + ControlGroup(150).HasFocus(155)]">conditional</animation>
	</control>
	<control type="button" id="156">
	<include>CodecSelectorDimensions</include>
	<label>-</label>
	<texturefocus>flags/source/hdtv.png</texturefocus>
	<texturenofocus>flags/source/hdtv.png</texturenofocus>
	<onclick>Skin.SetString($INFO[skin.string(custom_codec)],hdtv)</onclick>
	<onclick>AlarmClock(casedone,SetFocus(403),0:01,true)</onclick>
	<animation effect="fade" start="100" end="50" time="100" condition="![ControlGroup(150).HasFocus + ControlGroup(150).HasFocus(156)]">conditional</animation>
	</control>
	<control type="button" id="157">
	<include>CodecSelectorDimensions</include>
	<label>-</label>
	<texturefocus>flags/source/dvd.png</texturefocus>
	<texturenofocus>flags/source/dvd.png</texturenofocus>
	<onclick>Skin.SetString($INFO[skin.string(custom_codec)],dvd)</onclick>
	<onclick>AlarmClock(casedone,SetFocus(403),0:01,true)</onclick>
	<animation effect="fade" start="100" end="50" time="100" condition="![ControlGroup(150).HasFocus + ControlGroup(150).HasFocus(157)]">conditional</animation>
	</control>
	</control>
	<control type="group"><!-- Seletor de cores do estojo -->
	<posx>240</posx>
	<control type="image">
	<posx>0</posx>
	<posy>90</posy>
	<width>1040</width>
	<height>30</height>
	<texture>shadow_h.png</texture>
	<colordiffuse>C3FFFFFF</colordiffuse>
	</control>
	<control type="image">
	<posx>0</posx>
	<posy>219</posy>
	<width>1040</width>
	<height>30</height>
	<texture flipy="true">shadow_h.png</texture>
	<colordiffuse>C3FFFFFF</colordiffuse>
	</control>
	<control type="image">
	<posx>0</posx>
	<posy>120</posy>
	<width>1040</width>
	<height>100</height>
	<texture>black.png</texture>
	<colordiffuse>C3FFFFFF</colordiffuse>
	</control>
	<control type="image">
	<posx>0</posx>
	<posy>150</posy>
	<width>1040</width>
	<height>40</height>
	<texture>grey.png</texture>
	<colordiffuse>20FFFFFF</colordiffuse>
	</control>
	<control type="grouplist" id="165">
	<posx>80</posx>
	<posy>155</posy>
	<width>9100</width>
	<height>30</height>
	<itemgap>10</itemgap>
	<orientation>horizontal</orientation>
	<control type="button" id="167">
	<include>ButtonColorDimensions</include>
	<label>31632</label>
	<colordiffuse>FFADD8E6</colordiffuse>
	<onfocus>Skin.SetString(colorcasepreview,lightblue)</onfocus>
	<onclick>Skin.SetString($INFO[skin.string(custom_case)],lightblue)</onclick>
	<onclick>SetFocus(150)</onclick>
	</control>
	<control type="button" id="168">
	<include>ButtonColorDimensions</include>
	<label>31625</label>
	<colordiffuse>FF66CCC4</colordiffuse>
	<onfocus>Skin.SetString(colorcasepreview,aqua)</onfocus>
	<onclick>Skin.SetString($INFO[skin.string(custom_case)],aqua)</onclick>
	<onclick>SetFocus(150)</onclick>
	</control>
	<control type="button" id="169">
	<include>ButtonColorDimensions</include>
	<label>31647</label>
	<colordiffuse>FF00BFFF</colordiffuse>
	<onfocus>Skin.SetString(colorcasepreview,ocean)</onfocus>
	<onclick>Skin.SetString($INFO[skin.string(custom_case)],ocean)</onclick>
	<onclick>SetFocus(150)</onclick>
	</control>
	<control type="button" id="170">
	<include>ButtonColorDimensions</include>
	<label>31640</label>
	<colordiffuse>FF00AFFF</colordiffuse>
	<onfocus>Skin.SetString(colorcasepreview,sky)</onfocus>
	<onclick>Skin.SetString($INFO[skin.string(custom_case)],sky)</onclick>
	<onclick>SetFocus(150)</onclick>
	</control>
	<control type="button" id="171">
	<include>ButtonColorDimensions</include>
	<label>31628</label>
	<colordiffuse>FF007399</colordiffuse>
	<onfocus>Skin.SetString(colorcasepreview,deepblue)</onfocus>
	<onclick>Skin.SetString($INFO[skin.string(custom_case)],deepblue)</onclick>
	<onclick>SetFocus(150)</onclick>
	</control>
	<control type="button" id="172">
	<include>ButtonColorDimensions</include>
	<label>31638</label>
	<colordiffuse>FF4169E1</colordiffuse>
	<onfocus>Skin.SetString(colorcasepreview,royal)</onfocus>
	<onclick>Skin.SetString($INFO[skin.string(custom_case)],royal)</onclick>
	<onclick>SetFocus(150)</onclick>
	</control>
	<control type="button" id="173">
	<include>ButtonColorDimensions</include>
	<label>31642</label>
	<colordiffuse>FF00A5A7</colordiffuse>
	<onfocus>Skin.SetString(colorcasepreview,turquoise)</onfocus>
	<onclick>Skin.SetString($INFO[skin.string(custom_case)],turquoise)</onclick>
	<onclick>SetFocus(150)</onclick>
	</control>
	<control type="button" id="174">
	<include>ButtonColorDimensions</include>
	<label>31630</label>
	<colordiffuse>FF90AEAE</colordiffuse>
	<onfocus>Skin.SetString(colorcasepreview,digital)</onfocus>
	<onclick>Skin.SetString($INFO[skin.string(custom_case)],digital)</onclick>
	<onclick>SetFocus(150)</onclick>
	</control>
	<control type="button" id="175">
	<include>ButtonColorDimensions</include>
	<label>31634</label>
	<colordiffuse>FF556B2F</colordiffuse>
	<onfocus>Skin.SetString(colorcasepreview,olive)</onfocus>
	<onclick>Skin.SetString($INFO[skin.string(custom_case)],olive)</onclick>
	<onclick>SetFocus(150)</onclick>
	</control>
	<control type="button" id="176">
	<include>ButtonColorDimensions</include>
	<label>31637</label>
	<colordiffuse>FFFF0000</colordiffuse>
	<onfocus>Skin.SetString(colorcasepreview,red)</onfocus>
	<onclick>Skin.SetString($INFO[skin.string(custom_case)],red)</onclick>
	<onclick>SetFocus(150)</onclick>
	</control>
	<control type="button" id="177">
	<include>ButtonColorDimensions</include>
	<label>31626</label>
	<colordiffuse>FFB20000</colordiffuse>
	<onclick>Skin.SetString($INFO[skin.string(custom_case)],blood)</onclick>
	<onclick>SetFocus(150)</onclick>
	</control>
	<control type="button" id="178">
	<include>ButtonColorDimensions</include>
	<label>31627</label>
	<colordiffuse>FF7D391F</colordiffuse>
	<onfocus>Skin.SetString(colorcasepreview,brown)</onfocus>
	<onclick>Skin.SetString($INFO[skin.string(custom_case)],brown)</onclick>
	<onclick>SetFocus(150)</onclick>
	</control>
	<control type="button" id="179">
	<include>ButtonColorDimensions</include>
	<label>31646</label>
	<colordiffuse>FFC56520</colordiffuse>
	<onfocus>Skin.SetString(colorcasepreview,chocolate)</onfocus>
	<onclick>Skin.SetString($INFO[skin.string(custom_case)],chocolate)</onclick>
	<onclick>SetFocus(150)</onclick>
	</control>
	<control type="button" id="180">
	<include>ButtonColorDimensions</include>
	<label>31633</label>
	<colordiffuse>FFF0DBA6</colordiffuse>
	<onfocus>Skin.SetString(colorcasepreview,lightyellow)</onfocus>
	<onclick>Skin.SetString($INFO[skin.string(custom_case)],lightyellow)</onclick>
	<onclick>SetFocus(150)</onclick>
	</control>
	<control type="button" id="181">
	<include>ButtonColorDimensions</include>
	<label>31629</label>
	<colordiffuse>FFDAA520</colordiffuse>
	<onfocus>Skin.SetString(colorcasepreview,goldyellow)</onfocus>
	<onclick>Skin.SetString($INFO[skin.string(custom_case)],goldyellow)</onclick>
	<onclick>SetFocus(150)</onclick>
	</control>
	<control type="button" id="182">
	<include>ButtonColorDimensions</include>
	<label>31635</label>
	<colordiffuse>FFFFA500</colordiffuse>
	<onfocus>Skin.SetString(colorcasepreview,orange)</onfocus>
	<onclick>Skin.SetString($INFO[skin.string(custom_case)],orange)</onclick>
	<onclick>SetFocus(150)</onclick>
	</control>
	<control type="button" id="183">
	<include>ButtonColorDimensions</include>
	<label>31641</label>
	<colordiffuse>FF39ED92</colordiffuse>
	<onfocus>Skin.SetString(colorcasepreview,spring)</onfocus>
	<onclick>Skin.SetString($INFO[skin.string(custom_case)],spring)</onclick>
	<onclick>SetFocus(150)</onclick>
	</control>
	<control type="button" id="184">
	<include>ButtonColorDimensions</include>
	<label>31631</label>
	<colordiffuse>FF004D00</colordiffuse>
	<onfocus>Skin.SetString(colorcasepreview,forest)</onfocus>
	<onclick>Skin.SetString($INFO[skin.string(custom_case)],forest)</onclick>
	<onclick>SetFocus(150)</onclick>
	</control>
	<control type="button" id="185">
	<include>ButtonColorDimensions</include>
	<label>31643</label>
	<colordiffuse>FF8A2BE2</colordiffuse>
	<onfocus>Skin.SetString(colorcasepreview,violet)</onfocus>
	<onclick>Skin.SetString($INFO[skin.string(custom_case)],violet)</onclick>
	<onclick>SetFocus(150)</onclick>
	</control>
	<control type="button" id="186">
	<include>ButtonColorDimensions</include>
	<label>31636</label>
	<colordiffuse>FF9370D8</colordiffuse>
	<onfocus>Skin.SetString(colorcasepreview,purple)</onfocus>
	<onclick>Skin.SetString($INFO[skin.string(custom_case)],purple)</onclick>
	<onclick>SetFocus(150)</onclick>
	</control>
	<control type="button" id="187">
	<include>ButtonColorDimensions</include>
	<label>31639</label>
	<colordiffuse>FFC0C0C0</colordiffuse>
	<onfocus>Skin.SetString(colorcasepreview,silver)</onfocus>
	<onclick>Skin.SetString($INFO[skin.string(custom_case)],silver)</onclick>
	<onclick>SetFocus(150)</onclick>
	</control>
	<control type="button" id="188">
	<include>ButtonColorDimensions</include>
	<label>31644</label>
	<colordiffuse>FF898A8C</colordiffuse>
	<onfocus>Skin.SetString(colorcasepreview,grey)</onfocus>
	<onclick>Skin.SetString($INFO[skin.string(custom_case)],grey)</onclick>
	<onclick>SetFocus(150)</onclick>
	</control>
	<control type="button" id="189">
	<include>ButtonColorDimensions</include>
	<label>31645</label>
	<colordiffuse>FF101010</colordiffuse>
	<onfocus>Skin.SetString(colorcasepreview,graphite)</onfocus>
	<onclick>Skin.SetString($INFO[skin.string(custom_case)],graphite)</onclick>
	<onclick>SetFocus(150)</onclick>
	</control>
	</control>
	</control>
	</control>
	<control type="group"><!-- Temas -->
	<visible>Container(9100).HasFocus(32)</visible>
	<include>Animation_Fade</include>
	<control type="image">
	<posx>240</posx>
	<posy>416</posy>
	<width>1040</width>
	<height>249</height>
	<texture>darkgrey.png</texture>
	<colordiffuse>$VAR[value_texturecolor]</colordiffuse>
	<animation effect="fade" end="85" condition="true">Conditional</animation>
	</control>
	<control type="image">
	<posx>288</posx>
	<posy>408</posy>
	<width>436</width>
	<height>265</height>
	<aspectratio>keep</aspectratio>
	<fadetime>FanartCrossFadeTime</fadetime>
	<texture>resetalert.png</texture>
	<colordiffuse>$VAR[value_resetalertcolor]</colordiffuse>
	<include>Animation_Fade</include>
	</control>
	<control type="textbox">
	<posx>755</posx>
	<posy>444</posy>
	<width>500</width>
	<height>200</height>
	<textcolor>FFFFFAF0</textcolor>
	<font>Font_16</font>
	<label>$VAR[value_resetdescription]</label>
	<autoscroll delay="15000" time="2000" repeat="15000">!Skin.HasSetting(noallowscroll)</autoscroll>
	</control>
	</control>

	<control type="scrollbar" id="80">
	<include>ScrollBar_Vertical</include>
	<posx>1240</posx>
	<posy>135</posy>
	<height>465</height>
	<onleft>9004</onleft>
	<onright>9100</onright>
	<animation effect="fade" time="200">Visible</animation>
	<animation effect="fade" time="50">Hidden</animation>
	<visible allowhiddenfocus="true">Container(9100).HasFocus(18)</visible>
	</control>
	<control type="scrollbar" id="81">
	<include>ScrollBar_Vertical</include>
	<posx>1240</posx>
	<posy>135</posy>
	<height>265</height>
	<onleft>9004</onleft>
	<onright>9100</onright>
	<animation effect="fade" time="200">Visible</animation>
	<animation effect="fade" time="50">Hidden</animation>
	<visible allowhiddenfocus="true">Container(9100).HasFocus(22)</visible>
	</control>
	<control type="grouplist" id="9004"><!-- Temas -->
	<visible>Container(9100).HasFocus(22)</visible>
	<animation effect="fade" reversible="true" time="150">VisibleChange</animation>
	<posx>240</posx>
	<posy>120</posy>
	<width>1040</width>
	<height>275</height>
	<onleft>9100</onleft>
	<onright>81</onright>
	<itemgap>0</itemgap>
	<pagecontrol>81</pagecontrol>
	<control type="button" id="1060"><!-- Pacote extra normal --><!-- Nao trocar ids -->
	<label>$VAR[value_addon14]</label>
	<onclick condition="!System.HasAddon(script.ace.extrapack)">ActivateWindow(AddonBrowser)</onclick>
	<onclick condition="System.HasAddon(script.ace.extrapack)">RunScript(script.ace.extrapack,mode=default)</onclick>
	</control>
	<control type="button" id="1061"><!-- Pacote extra forcado -->
	<label>31923</label>
	<onclick>RunScript(script.ace.extrapack,mode=forcerefresh)</onclick>
	<visible>System.HasAddon(script.ace.extrapack)</visible>
	</control>
	<control type="radiobutton" id="1069"><!-- Tema aleatorio -->
	<label>31899</label>
	<onclick>Skin.ToggleSetting(randomthemes)</onclick>
	<selected>Skin.HasSetting(randomthemes) + !SubString(skin.string(theme),mytheme)</selected>
	<enable>System.HasAddon(script.ace.extrapack) + !SubString(skin.string(theme),mytheme)</enable>
	</control>
	<control type="radiobutton" id="1063"><!-- Tema moderno - padrao-->
	<label>$LOCALIZE[31904] ($LOCALIZE[31277])</label>
	<onclick>Skin.SetString(theme,modern)</onclick>
	<selected>SubString(skin.string(theme),modern)</selected>
	<enable>System.HasAddon(script.ace.extrapack)</enable>
	</control>
	<control type="radiobutton" id="1064"><!-- Tema futuro -->
	<label>31894</label>
	<onclick>Skin.SetString(theme,future)</onclick>
	<selected>SubString(skin.string(theme),future)</selected>
	<enable>System.HasAddon(script.ace.extrapack)</enable>
	</control>
	<control type="radiobutton" id="1065"><!-- Tema frio -->
	<label>31895</label>
	<onclick>Skin.SetString(theme,cold)</onclick>
	<selected>SubString(skin.string(theme),cold)</selected>
	<enable>System.HasAddon(script.ace.extrapack)</enable>
	</control>
	<control type="radiobutton" id="1066"><!-- Tema quente -->
	<label>31896</label>
	<onclick>Skin.SetString(theme,warm)</onclick>
	<selected>SubString(skin.string(theme),warm)</selected>
	<enable>System.HasAddon(script.ace.extrapack)</enable>
	</control>
	<control type="radiobutton" id="1067"><!-- Tema sombrio -->
	<label>31897</label>
	<onclick>Skin.SetString(theme,darkness)</onclick>
	<selected>SubString(skin.string(theme),darkness)</selected>
	<enable>System.HasAddon(script.ace.extrapack)</enable>
	</control>
	<control type="radiobutton" id="1068"><!-- Tema arte digital -->
	<label>31898</label>
	<onclick>Skin.SetString(theme,digitalart)</onclick>
	<selected>SubString(skin.string(theme),digitalart)</selected>
	<enable>System.HasAddon(script.ace.extrapack)</enable>
	</control>
	<control type="radiobutton" id="1070"><!-- Tema meu tema -->
	<label>31908</label>
	<onclick>Skin.SetString(theme,mytheme)</onclick>
	<onclick>ActivateWindow(624)</onclick>
	<selected>SubString(skin.string(theme),mytheme)</selected>
	</control>
	<control type="button" id="1071"><!-- Caminho do meu tema -->
	<label>[COLOR=$VAR[value_headercolor]]$LOCALIZE[15311][/COLOR] $INFO[skin.string(CustomMyTheme)]</label>
	<onclick>Skin.SetPath(CustomMyTheme)</onclick>
	<visible>SubString(skin.string(theme),mytheme)</visible>
	</control>
	</control>
	<control type="group"><!-- Temas -->
	<visible>Container(9100).HasFocus(22)</visible>
	<include>Animation_Fade</include>
	<control type="image">
	<posx>240</posx>
	<posy>416</posy>
	<width>1040</width>
	<height>249</height>
	<texture>darkgrey.png</texture>
	<colordiffuse>$VAR[value_texturecolor]</colordiffuse>
	<animation effect="fade" end="85" condition="true">Conditional</animation>
	</control>
	<control type="multiimage">
	<posx>288</posx>
	<posy>418</posy>
	<width>436</width>
	<height>245</height>
	<timeperimage>2000</timeperimage>
	<randomize>true</randomize>
	<aspectratio>keep</aspectratio>
	<fadetime>FanartCrossFadeTime</fadetime>
	<imagepath fallback="special://skin/backgrounds/extras/default.jpg" background="true">$VAR[value_mainmenubg_preview]</imagepath>
	</control>
	<control type="textbox">
	<posx>755</posx>
	<posy>444</posy>
	<width>500</width>
	<height>200</height>
	<textcolor>FFFFFAF0</textcolor>
	<font>Font_16</font>
	<label>$VAR[value_themedescription]</label>
	<autoscroll delay="15000" time="2000" repeat="15000">!Skin.HasSetting(noallowscroll)</autoscroll>
	</control>
	</control>

	<control type="grouplist" id="9005"><!-- Estilos -->
	<visible>Container(9100).HasFocus(23) + SubString(skin.string(menu),horizontal)</visible>
	<animation effect="fade" reversible="true" time="150">VisibleChange</animation>
	<posx>240</posx>
	<posy>120</posy>
	<width>1040</width>
	<height>494</height>
	<onleft>9100</onleft>
	<onright>80</onright>
	<itemgap>0</itemgap>
	<pagecontrol>-</pagecontrol>
	<control type="button" id="1080"><!-- Pacote extra normal --><!-- Nao trocar ids -->
	<label>$VAR[value_addon14]</label>
	<onclick condition="!System.HasAddon(script.ace.extrapack)">ActivateWindow(AddonBrowser)</onclick>
	<onclick condition="System.HasAddon(script.ace.extrapack)">RunScript(script.ace.extrapack,mode=default)</onclick>
	</control>
	<control type="button" id="1081"><!-- Pacote extra forcado -->
	<label>31923</label>
	<onclick>RunScript(script.ace.extrapack,mode=forcerefresh)</onclick>
	<visible>System.HasAddon(script.ace.extrapack)</visible>
	</control>
	<control type="radiobutton" id="1083"><!-- Estilo moderno - padrao  -->
	<label>$LOCALIZE[31616] ($LOCALIZE[31277])</label>
	<onclick>Skin.SetString(style,modern)</onclick>
	<selected>StringCompare(skin.string(style),modern)</selected>
	</control>
	<control type="radiobutton" id="1084"><!-- Estilo by extrapack -->
	<label>31614</label>
	<onclick>Skin.SetString(style,extrapack)</onclick>
	<onclick>Skin.SetString(extrapackstyle,special://userdata/addon_data/skin.ace.extrapack/styles/)</onclick>
	<onclick>Skin.SetImage(extrapackstyle,,special://userdata/addon_data/skin.ace.extrapack/styles/)</onclick>
	<selected>StringCompare(skin.string(style),extrapack)</selected>
	<enable>System.HasAddon(script.ace.extrapack)</enable>
	</control>
	<control type="radiobutton" id="1085"><!-- Meu estilo -->
	<label>31615</label>
	<onclick>Skin.SetString(style,mystyle)</onclick>
	<selected>StringCompare(skin.string(style),mystyle)</selected>
	</control>
	<control type="button" id="1086"><!-- Fundo unico -->
	<label>[COLOR=$VAR[value_headercolor]]$LOCALIZE[15311][/COLOR] $INFO[skin.string(CustomMyStyle)]</label>
	<onclick>Skin.SetImage(CustomMyStyle)</onclick>
	<visible>StringCompare(skin.string(style),mystyle)</visible>
	</control>
	<control type="label" id="1087"><!-- Descricao da imagem -->
	<posx>0</posx>
	<posy>0</posy>
	<width>1040</width>
	<height>40</height>
	<aligny>center</aligny>
	<textoffsetx>50</textoffsetx>
	<label>31206</label>
	<onclick>noop</onclick>
	<visible>StringCompare(skin.string(style),mystyle)</visible>
	</control>
	</control>
	<control type="group"><!-- Estilos -->
	<visible>ControlGroup(9005).HasFocus</visible>
	<include>Animation_Fade</include>
	<control type="image">
	<posx>240</posx>
	<posy>530</posy>
	<width>1040</width>
	<height>125</height>
	<texture>darkgrey.png</texture>
	<colordiffuse>$VAR[value_texturecolor]</colordiffuse>
	<animation effect="fade" end="85" condition="true">Conditional</animation>
	</control>
	<control type="label"><!-- Nome Previa -->
	<posx>250</posx>
	<posy>538</posy>
	<width>300</width>
	<height>30</height>
	<align>left</align>
	<font>Font_18</font>
	<textcolor>FFFFFAF0</textcolor>
	<label>31083</label>
	</control>
	<control type="image">
	<posx>240</posx>
	<posy>565</posy>
	<width>1040</width>
	<height>88</height>
	<aspectratio>stretch</aspectratio>
	<texture>xadrez_h.png</texture>
	<colordiffuse>15FFFAF0</colordiffuse>
	<visible>Control.HasFocus(1083)</visible>
	</control>
	<control type="image">
	<posx>240</posx>
	<posy>565</posy>
	<width>1040</width>
	<height>88</height>
	<aspectratio>stretch</aspectratio>
	<texture fallback="xadrez_h.png" background="true">$VAR[value_mainmenu_previewstyle]</texture>
	<colordiffuse>$VAR[value_mainmenu_color]</colordiffuse>
	<fadetime>FanartCrossFadeTime</fadetime>
	</control>
	</control>

	<control type="group"><!-- Seletor de cores -->
	<posx>240</posx>
	<visible>Container(9100).HasFocus(20)</visible>
	<control type="image">
	<posx>0</posx>
	<posy>530</posy>
	<width>1040</width>
	<height>125</height>
	<texture>darkgrey.png</texture>
	<colordiffuse>$VAR[value_texturecolor]</colordiffuse>
	<animation effect="fade" end="85" condition="true">Conditional</animation>
	</control>
	<control type="label"><!-- Nome Previa -->
	<posx>10</posx>
	<posy>538</posy>
	<width>300</width>
	<height>30</height>
	<align>left</align>
	<font>Font_18</font>
	<textcolor>FFFFFAF0</textcolor>
	<label>31083</label>
	</control>
	<control type="image">
	<posx>0</posx>
	<posy>565</posy>
	<width>1040</width>
	<height>40</height>
	<texture>grey.png</texture>
	<colordiffuse>90FFFFFF</colordiffuse>
	<aspectratio>stretch</aspectratio>
	</control>
	<control type="label"><!-- Nome da cor no cinza -->
	<posx>320</posx>
	<posy>573</posy>
	<width>400</width>
	<height>30</height>
	<align>center</align>
	<font>Font_18</font>
	<textcolor>FF101010</textcolor>
	<label>[COLOR=$VAR[value_headercolorfocus]]$LOCALIZE[31443]: [/COLOR]$LOCALIZE[31659] $VAR[SkinVersion]</label>
	<scroll>true</scroll>
	<scrollout>false</scrollout>
	</control>
	<control type="label"><!-- Nome da cor no preto -->
	<posx>320</posx>
	<posy>615</posy>
	<width>400</width>
	<height>30</height>
	<align>center</align>
	<font>Font_18</font>
	<textcolor>FFFFFAF0</textcolor>
	<label>[COLOR=$VAR[value_headercolor]]$LOCALIZE[31443]: [/COLOR]$LOCALIZE[31659] $VAR[SkinVersion]</label>
	<scroll>true</scroll>
	<scrollout>false</scrollout>
	</control>
	<control type="image"><!-- Grupo da transparencia -->
	<posx>0</posx>
	<posy>90</posy>
	<width>1040</width>
	<height>30</height>
	<texture>shadow_h.png</texture>
	<colordiffuse>C3FFFFFF</colordiffuse>
	</control>
	<control type="image">
	<posx>0</posx>
	<posy>219</posy>
	<width>1040</width>
	<height>30</height>
	<texture flipy="true">shadow_h.png</texture>
	<colordiffuse>C3FFFFFF</colordiffuse>
	</control>
	<control type="image">
	<posx>0</posx>
	<posy>120</posy>
	<width>1040</width>
	<height>100</height>
	<texture>black.png</texture>
	<colordiffuse>C3FFFFFF</colordiffuse>
	</control>
	<control type="image">
	<posx>0</posx>
	<posy>150</posy>
	<width>1040</width>
	<height>40</height>
	<texture>grey.png</texture>
	<colordiffuse>20FFFFFF</colordiffuse>
	</control>
	<control type="label"><!-- Nome da cor -->
	<posx>40</posx>
	<posy>194</posy>
	<width>940</width>
	<height>30</height>
	<align>left</align>
	<font>Font_18</font>
	<textcolor>FFFFFAF0</textcolor>
	<label>[COLOR=80FFFAF0]$LOCALIZE[31691]: [/COLOR]$VAR[value_skinstatus_homeglass]</label>
	<scroll>true</scroll>
	<scrollout>false</scrollout>
	</control>
	<control type="grouplist" id="250"><!-- Nivel de transparencia -->
	<posx>40</posx>
	<posy>155</posy>
	<width>1210</width>
	<height>30</height>
	<itemgap>10</itemgap>
	<orientation>horizontal</orientation>
	<control type="button" id="251">
	<include>ButtonColorDimensions</include>
	<label>31648</label>
	<colordiffuse>95FFFFFF</colordiffuse>
	<onfocus>Skin.SetString(homeglass,95)</onfocus>
	<onup>9100</onup>
	<ondown>100</ondown>
	<onclick>SetFocus(9100)</onclick>
	</control>
	<control type="button" id="252">
	<include>ButtonColorDimensions</include>
	<label>31632</label>
	<colordiffuse>85FFFFFF</colordiffuse>
	<onfocus>Skin.SetString(homeglass,85)</onfocus>
	<onup>9100</onup>
	<ondown>100</ondown>
	<onclick>SetFocus(9100)</onclick>
	</control>
	<control type="button" id="253">
	<include>ButtonColorDimensions</include>
	<label>31625</label>
	<colordiffuse>75FFFFFF</colordiffuse>
	<onfocus>Skin.SetString(homeglass,75)</onfocus>
	<onup>9100</onup>
	<ondown>100</ondown>
	<onclick>SetFocus(9100)</onclick>
	</control>
	<control type="button" id="254">
	<include>ButtonColorDimensions</include>
	<label>31647</label>
	<colordiffuse>65FFFFFF</colordiffuse>
	<onfocus>Skin.SetString(homeglass,65)</onfocus>
	<onup>9100</onup>
	<ondown>100</ondown>
	<onclick>SetFocus(9100)</onclick>
	</control>
	<control type="button" id="255">
	<include>ButtonColorDimensions</include>
	<label>31640</label>
	<colordiffuse>55FFFFFF</colordiffuse>
	<onfocus>Skin.SetString(homeglass,55)</onfocus>
	<onup>9100</onup>
	<ondown>100</ondown>
	<onclick>SetFocus(9100)</onclick>
	</control>
	<control type="button" id="256">
	<include>ButtonColorDimensions</include>
	<label>31640</label>
	<colordiffuse>45FFFFFF</colordiffuse>
	<onfocus>Skin.SetString(homeglass,45)</onfocus>
	<onup>9100</onup>
	<ondown>100</ondown>
	<onclick>SetFocus(9100)</onclick>
	</control>
	<control type="button" id="257">
	<include>ButtonColorDimensions</include>
	<label>31640</label>
	<colordiffuse>35FFFFFF</colordiffuse>
	<onfocus>Skin.SetString(homeglass,35)</onfocus>
	<onup>9100</onup>
	<ondown>100</ondown>
	<onclick>SetFocus(9100)</onclick>
	</control>
	<control type="button" id="258">
	<include>ButtonColorDimensions</include>
	<label>31640</label>
	<colordiffuse>25FFFFFF</colordiffuse>
	<onfocus>Skin.SetString(homeglass,25)</onfocus>
	<onup>9100</onup>
	<ondown>100</ondown>
	<onclick>SetFocus(9100)</onclick>
	</control>
	<control type="button" id="259">
	<include>ButtonColorDimensions</include>
	<label>31640</label>
	<colordiffuse>15FFFFFF</colordiffuse>
	<onfocus>Skin.SetString(homeglass,15)</onfocus>
	<onup>9100</onup>
	<ondown>100</ondown>
	<onclick>SetFocus(9100)</onclick>
	</control>
	</control>
	<control type="image"><!-- Grupo das texturas -->
	<posx>0</posx>
	<posy>220</posy>
	<width>1040</width>
	<height>30</height>
	<texture>shadow_h.png</texture>
	<colordiffuse>C3FFFFFF</colordiffuse>
	</control>
	<control type="image">
	<posx>0</posx>
	<posy>349</posy>
	<width>1040</width>
	<height>30</height>
	<texture flipy="true">shadow_h.png</texture>
	<colordiffuse>C3FFFFFF</colordiffuse>
	</control>
	<control type="image">
	<posx>0</posx>
	<posy>250</posy>
	<width>1040</width>
	<height>100</height>
	<texture>black.png</texture>
	<colordiffuse>C3FFFFFF</colordiffuse>
	</control>
	<control type="image">
	<posx>0</posx>
	<posy>280</posy>
	<width>1040</width>
	<height>40</height>
	<texture>grey.png</texture>
	<colordiffuse>20FFFFFF</colordiffuse>
	</control>
	<control type="label"><!-- Nome da cor -->
	<posx>40</posx>
	<posy>324</posy>
	<width>940</width>
	<height>30</height>
	<align>left</align>
	<font>Font_18</font>
	<textcolor>FFFFFAF0</textcolor>
	<label>[COLOR=80FFFAF0]$LOCALIZE[31750]: [/COLOR]$VAR[value_skinstatus_texturecolor]</label>
	<scroll>true</scroll>
	<scrollout>false</scrollout>
	</control>
	<control type="grouplist" id="100"><!-- Cores das Texturas -->
	<posx>40</posx>
	<posy>285</posy>
	<width>1210</width>
	<height>30</height>
	<itemgap>10</itemgap>
	<orientation>horizontal</orientation>
	<control type="button" id="101">
	<texturenofocus>colorselector_icon_nocolor.png</texturenofocus>
	<texturefocus>colorselector_icon_nocolorfocus.png</texturefocus>
	<include>ButtonColorDimensions</include>
	<label>31648</label>
	<colordiffuse>FFFFFFFF</colordiffuse>
	<onfocus>Skin.SetString(colortexture,nocolor)</onfocus>
	<onup>250</onup>
	<ondown>125</ondown>
	<onclick>SetFocus(9100)</onclick>
	</control>
	<control type="button" id="102">
	<include>ButtonColorDimensions</include>
	<label>31632</label>
	<colordiffuse>FFADD8E6</colordiffuse>
	<onfocus>Skin.SetString(colortexture,lightblue)</onfocus>
	<onup>250</onup>
	<ondown>125</ondown>
	<onclick>SetFocus(9100)</onclick>
	</control>
	<control type="button" id="103">
	<include>ButtonColorDimensions</include>
	<label>31625</label>
	<colordiffuse>FF66ccc4</colordiffuse>
	<onfocus>Skin.SetString(colortexture,aqua)</onfocus>
	<onup>250</onup>
	<ondown>125</ondown>
	<onclick>SetFocus(9100)</onclick>
	</control>
	<control type="button" id="104">
	<include>ButtonColorDimensions</include>
	<label>31647</label>
	<colordiffuse>FF00BFFF</colordiffuse>
	<onfocus>Skin.SetString(colortexture,ocean)</onfocus>
	<onup>250</onup>
	<ondown>125</ondown>
	<onclick>SetFocus(9100)</onclick>
	</control>
	<control type="button" id="105">
	<include>ButtonColorDimensions</include>
	<label>31640</label>
	<colordiffuse>FF00AFFF</colordiffuse>
	<onfocus>Skin.SetString(colortexture,sky)</onfocus>
	<onup>250</onup>
	<ondown>125</ondown>
	<onclick>SetFocus(9100)</onclick>
	</control>
	<control type="button" id="106">
	<include>ButtonColorDimensions</include>
	<label>31628</label>
	<colordiffuse>FF007399</colordiffuse>
	<onfocus>Skin.SetString(colortexture,deepblue)</onfocus>
	<onup>250</onup>
	<ondown>125</ondown>
	<onclick>SetFocus(9100)</onclick>
	</control>
	<control type="button" id="107">
	<include>ButtonColorDimensions</include>
	<label>31638</label>
	<colordiffuse>FF4169E1</colordiffuse>
	<onfocus>Skin.SetString(colortexture,royal)</onfocus>
	<onup>250</onup>
	<ondown>125</ondown>
	<onclick>SetFocus(9100)</onclick>
	</control>
	<control type="button" id="108">
	<include>ButtonColorDimensions</include>
	<label>31642</label>
	<colordiffuse>FF00A5A7</colordiffuse>
	<onfocus>Skin.SetString(colortexture,turquoise)</onfocus>
	<onup>250</onup>
	<ondown>125</ondown>
	<onclick>SetFocus(9100)</onclick>
	</control>
	<control type="button" id="109">
	<include>ButtonColorDimensions</include>
	<label>31630</label>
	<colordiffuse>FF90AEAE</colordiffuse>
	<onfocus>Skin.SetString(colortexture,digital)</onfocus>
	<onup>250</onup>
	<ondown>125</ondown>
	<onclick>SetFocus(9100)</onclick>
	</control>
	<control type="button" id="110">
	<include>ButtonColorDimensions</include>
	<label>31634</label>
	<colordiffuse>FF556B2F</colordiffuse>
	<onfocus>Skin.SetString(colortexture,olive)</onfocus>
	<onup>250</onup>
	<ondown>125</ondown>
	<onclick>SetFocus(9100)</onclick>
	</control>
	<control type="button" id="111">
	<include>ButtonColorDimensions</include>
	<label>31637</label>
	<colordiffuse>FFFF0000</colordiffuse>
	<onfocus>Skin.SetString(colortexture,red)</onfocus>
	<onup>250</onup>
	<ondown>125</ondown>
	<onclick>SetFocus(9100)</onclick>
	</control>
	<control type="button" id="112">
	<include>ButtonColorDimensions</include>
	<label>31626</label>
	<colordiffuse>FFB20000</colordiffuse>
	<onfocus>Skin.SetString(colortexture,blood)</onfocus>
	<onup>250</onup>
	<ondown>125</ondown>
	<onclick>SetFocus(9100)</onclick>
	</control>
	<control type="button" id="113">
	<include>ButtonColorDimensions</include>
	<label>31627</label>
	<colordiffuse>FF7d391f</colordiffuse>
	<onfocus>Skin.SetString(colortexture,brown)</onfocus>
	<onup>250</onup>
	<ondown>125</ondown>
	<onclick>SetFocus(9100)</onclick>
	</control>
	<control type="button" id="114">
	<include>ButtonColorDimensions</include>
	<label>31646</label>
	<colordiffuse>FFc56520</colordiffuse>
	<onfocus>Skin.SetString(colortexture,chocolate)</onfocus>
	<onup>250</onup>
	<ondown>125</ondown>
	<onclick>SetFocus(9100)</onclick>
	</control>
	<control type="button" id="115">
	<include>ButtonColorDimensions</include>
	<label>31633</label>
	<colordiffuse>FFF0DBA6</colordiffuse>
	<onfocus>Skin.SetString(colortexture,lightyellow)</onfocus>
	<onup>250</onup>
	<ondown>125</ondown>
	<onclick>SetFocus(9100)</onclick>
	</control>
	<control type="button" id="116">
	<include>ButtonColorDimensions</include>
	<label>31629</label>
	<colordiffuse>FFDAA520</colordiffuse>
	<onfocus>Skin.SetString(colortexture,goldyellow)</onfocus>
	<onup>250</onup>
	<ondown>125</ondown>
	<onclick>SetFocus(9100)</onclick>
	</control>
	<control type="button" id="117">
	<include>ButtonColorDimensions</include>
	<label>31635</label>
	<colordiffuse>FFFFA500</colordiffuse>
	<onfocus>Skin.SetString(colortexture,orange)</onfocus>
	<onup>250</onup>
	<ondown>125</ondown>
	<onclick>SetFocus(9100)</onclick>
	</control>
	<control type="button" id="118">
	<include>ButtonColorDimensions</include>
	<label>31641</label>
	<colordiffuse>FF39ed92</colordiffuse>
	<onfocus>Skin.SetString(colortexture,spring)</onfocus>
	<onup>250</onup>
	<ondown>125</ondown>
	<onclick>SetFocus(9100)</onclick>
	</control>
	<control type="button" id="119">
	<include>ButtonColorDimensions</include>
	<label>31631</label>
	<colordiffuse>FF004D00</colordiffuse>
	<onfocus>Skin.SetString(colortexture,forest)</onfocus>
	<onup>250</onup>
	<ondown>125</ondown>
	<onclick>SetFocus(9100)</onclick>
	</control>
	<control type="button" id="120">
	<include>ButtonColorDimensions</include>
	<label>31643</label>
	<colordiffuse>FF8A2BE2</colordiffuse>
	<onfocus>Skin.SetString(colortexture,violet)</onfocus>
	<onup>250</onup>
	<ondown>125</ondown>
	<onclick>SetFocus(9100)</onclick>
	</control>
	<control type="button" id="121">
	<include>ButtonColorDimensions</include>
	<label>31636</label>
	<colordiffuse>FF9370D8</colordiffuse>
	<onfocus>Skin.SetString(colortexture,purple)</onfocus>
	<onup>250</onup>
	<ondown>125</ondown>
	<onclick>SetFocus(9100)</onclick>
	</control>
	<control type="button" id="122">
	<include>ButtonColorDimensions</include>
	<label>31639</label>
	<colordiffuse>FFC0C0C0</colordiffuse>
	<onfocus>Skin.SetString(colortexture,silver)</onfocus>
	<onup>250</onup>
	<ondown>125</ondown>
	<onclick>SetFocus(9100)</onclick>
	</control>
	<control type="button" id="123">
	<include>ButtonColorDimensions</include>
	<label>31644</label>
	<colordiffuse>FF898a8c</colordiffuse>
	<onfocus>Skin.SetString(colortexture,grey)</onfocus>
	<onup>250</onup>
	<ondown>125</ondown>
	<onclick>SetFocus(9100)</onclick>
	</control>
	<control type="button" id="124">
	<include>ButtonColorDimensions</include>
	<label>31645</label>
	<colordiffuse>FF101010</colordiffuse>
	<onfocus>Skin.SetString(colortexture,graphite)</onfocus>
	<onup>250</onup>
	<ondown>125</ondown>
	<onclick>SetFocus(9100)</onclick>
	</control>
	</control>
	<control type="image"><!-- Grupo dos titulos -->
	<posx>0</posx>
	<posy>350</posy>
	<width>1040</width>
	<height>30</height>
	<texture>shadow_h.png</texture>
	<colordiffuse>C3FFFFFF</colordiffuse>
	</control>
	<control type="image">
	<posx>0</posx>
	<posy>479</posy>
	<width>1040</width>
	<height>30</height>
	<texture flipy="true">shadow_h.png</texture>
	<colordiffuse>C3FFFFFF</colordiffuse>
	</control>
	<control type="image">
	<posx>0</posx>
	<posy>380</posy>
	<width>1040</width>
	<height>100</height>
	<texture>black.png</texture>
	<colordiffuse>C3FFFFFF</colordiffuse>
	</control>
	<control type="image">
	<posx>0</posx>
	<posy>410</posy>
	<width>1040</width>
	<height>40</height>
	<texture>grey.png</texture>
	<colordiffuse>20FFFFFF</colordiffuse>
	</control>
	<control type="label"><!-- Nome da cor -->
	<posx>40</posx>
	<posy>453</posy>
	<width>940</width>
	<height>30</height>
	<align>left</align>
	<font>Font_18</font>
	<textcolor>FFFFFAF0</textcolor>
	<label>[COLOR=80FFFAF0]$LOCALIZE[31751]: [/COLOR]$VAR[value_skinstatus_headercolor]</label>
	<scroll>true</scroll>
	<scrollout>false</scrollout>
	</control>
	<control type="grouplist" id="125"><!-- Cores dos Titulos -->
	<posx>40</posx>
	<posy>415</posy>
	<width>1210</width>
	<height>30</height>
	<itemgap>10</itemgap>
	<orientation>horizontal</orientation>
	<control type="button" id="126">
	<texturenofocus>colorselector_icon_nocolor.png</texturenofocus>
	<texturefocus>colorselector_icon_nocolorfocus.png</texturefocus>
	<include>ButtonColorDimensions</include>
	<label>31648</label>
	<colordiffuse>FFFFFFFF</colordiffuse>
	<onfocus>Skin.SetString(colorheader,nocolor)</onfocus>
	<onup>100</onup>
	<ondown>9100</ondown>
	<onclick>SetFocus(9100)</onclick>
	</control>
	<control type="button" id="127">
	<include>ButtonColorDimensions</include>
	<label>31632</label>
	<colordiffuse>FFADD8E6</colordiffuse>
	<onfocus>Skin.SetString(colorheader,lightblue)</onfocus>
	<onup>100</onup>
	<ondown>9100</ondown>
	<onclick>SetFocus(9100)</onclick>
	</control>
	<control type="button" id="128">
	<include>ButtonColorDimensions</include>
	<label>31625</label>
	<colordiffuse>FF66ccc4</colordiffuse>
	<onfocus>Skin.SetString(colorheader,aqua)</onfocus>
	<onup>100</onup>
	<ondown>9100</ondown>
	<onclick>SetFocus(9100)</onclick>
	</control>
	<control type="button" id="129">
	<include>ButtonColorDimensions</include>
	<label>31647</label>
	<colordiffuse>FF00BFFF</colordiffuse>
	<onfocus>Skin.SetString(colorheader,ocean)</onfocus>
	<onup>100</onup>
	<ondown>9100</ondown>
	<onclick>SetFocus(9100)</onclick>
	</control>
	<control type="button" id="130">
	<include>ButtonColorDimensions</include>
	<label>31640</label>
	<colordiffuse>FF00AFFF</colordiffuse>
	<onfocus>Skin.SetString(colorheader,sky)</onfocus>
	<onup>100</onup>
	<ondown>9100</ondown>
	<onclick>SetFocus(9100)</onclick>
	</control>
	<control type="button" id="131">
	<include>ButtonColorDimensions</include>
	<label>31628</label>
	<colordiffuse>FF007399</colordiffuse>
	<onfocus>Skin.SetString(colorheader,deepblue)</onfocus>
	<onup>100</onup>
	<ondown>9100</ondown>
	<onclick>SetFocus(9100)</onclick>
	</control>
	<control type="button" id="132">
	<include>ButtonColorDimensions</include>
	<label>31638</label>
	<colordiffuse>FF4169E1</colordiffuse>
	<onfocus>Skin.SetString(colorheader,royal)</onfocus>
	<onup>100</onup>
	<ondown>9100</ondown>
	<onclick>SetFocus(9100)</onclick>
	</control>
	<control type="button" id="133">
	<include>ButtonColorDimensions</include>
	<label>31642</label>
	<colordiffuse>FF00A5A7</colordiffuse>
	<onfocus>Skin.SetString(colorheader,turquoise)</onfocus>
	<onup>100</onup>
	<ondown>9100</ondown>
	<onclick>SetFocus(9100)</onclick>
	</control>
	<control type="button" id="134">
	<include>ButtonColorDimensions</include>
	<label>31630</label>
	<colordiffuse>FF90AEAE</colordiffuse>
	<onfocus>Skin.SetString(colorheader,digital)</onfocus>
	<onup>100</onup>
	<ondown>9100</ondown>
	<onclick>SetFocus(9100)</onclick>
	</control>
	<control type="button" id="135">
	<include>ButtonColorDimensions</include>
	<label>31634</label>
	<colordiffuse>FF556B2F</colordiffuse>
	<onfocus>Skin.SetString(colorheader,olive)</onfocus>
	<onup>100</onup>
	<ondown>9100</ondown>
	<onclick>SetFocus(9100)</onclick>
	</control>
	<control type="button" id="136">
	<include>ButtonColorDimensions</include>
	<label>31637</label>
	<colordiffuse>FFFF0000</colordiffuse>
	<onfocus>Skin.SetString(colorheader,red)</onfocus>
	<onup>100</onup>
	<ondown>9100</ondown>
	<onclick>SetFocus(9100)</onclick>
	</control>
	<control type="button" id="137">
	<include>ButtonColorDimensions</include>
	<label>31626</label>
	<colordiffuse>FFB20000</colordiffuse>
	<onfocus>Skin.SetString(colorheader,blood)</onfocus>
	<onup>100</onup>
	<ondown>9100</ondown>
	<onclick>SetFocus(9100)</onclick>
	</control>
	<control type="button" id="138">
	<include>ButtonColorDimensions</include>
	<label>31627</label>
	<colordiffuse>FF7d391f</colordiffuse>
	<onfocus>Skin.SetString(colorheader,brown)</onfocus>
	<onup>100</onup>
	<ondown>9100</ondown>
	<onclick>SetFocus(9100)</onclick>
	</control>
	<control type="button" id="139">
	<include>ButtonColorDimensions</include>
	<label>31646</label>
	<colordiffuse>FFc56520</colordiffuse>
	<onfocus>Skin.SetString(colorheader,chocolate)</onfocus>
	<onup>100</onup>
	<ondown>9100</ondown>
	<onclick>SetFocus(9100)</onclick>
	</control>
	<control type="button" id="140">
	<include>ButtonColorDimensions</include>
	<label>31633</label>
	<colordiffuse>FFF0DBA6</colordiffuse>
	<onfocus>Skin.SetString(colorheader,lightyellow)</onfocus>
	<onup>100</onup>
	<ondown>9100</ondown>
	<onclick>SetFocus(9100)</onclick>
	</control>
	<control type="button" id="141">
	<include>ButtonColorDimensions</include>
	<label>31629</label>
	<colordiffuse>FFDAA520</colordiffuse>
	<onfocus>Skin.SetString(colorheader,goldyellow)</onfocus>
	<onup>100</onup>
	<ondown>9100</ondown>
	<onclick>SetFocus(9100)</onclick>
	</control>
	<control type="button" id="142">
	<include>ButtonColorDimensions</include>
	<label>31635</label>
	<colordiffuse>FFFFA500</colordiffuse>
	<onfocus>Skin.SetString(colorheader,orange)</onfocus>
	<onup>100</onup>
	<ondown>9100</ondown>
	<onclick>SetFocus(9100)</onclick>
	</control>
	<control type="button" id="143">
	<include>ButtonColorDimensions</include>
	<label>31641</label>
	<colordiffuse>FF39ed92</colordiffuse>
	<onfocus>Skin.SetString(colorheader,spring)</onfocus>
	<onup>100</onup>
	<ondown>9100</ondown>
	<onclick>SetFocus(9100)</onclick>
	</control>
	<control type="button" id="144">
	<include>ButtonColorDimensions</include>
	<label>31631</label>
	<colordiffuse>FF004D00</colordiffuse>
	<onfocus>Skin.SetString(colorheader,forest)</onfocus>
	<onup>100</onup>
	<ondown>9100</ondown>
	<onclick>SetFocus(9100)</onclick>
	</control>
	<control type="button" id="145">
	<include>ButtonColorDimensions</include>
	<label>31643</label>
	<colordiffuse>FF8A2BE2</colordiffuse>
	<onfocus>Skin.SetString(colorheader,violet)</onfocus>
	<onup>100</onup>
	<ondown>9100</ondown>
	<onclick>SetFocus(9100)</onclick>
	</control>
	<control type="button" id="146">
	<include>ButtonColorDimensions</include>
	<label>31636</label>
	<colordiffuse>FF9370D8</colordiffuse>
	<onfocus>Skin.SetString(colorheader,purple)</onfocus>
	<onup>100</onup>
	<ondown>9100</ondown>
	<onclick>SetFocus(9100)</onclick>
	</control>
	<control type="button" id="147">
	<include>ButtonColorDimensions</include>
	<label>31639</label>
	<colordiffuse>FFC0C0C0</colordiffuse>
	<onfocus>Skin.SetString(colorheader,silver)</onfocus>
	<onup>100</onup>
	<ondown>9100</ondown>
	<onclick>SetFocus(9100)</onclick>
	</control>
	<control type="button" id="148">
	<include>ButtonColorDimensions</include>
	<label>31644</label>
	<colordiffuse>FF898a8c</colordiffuse>
	<onfocus>Skin.SetString(colorheader,grey)</onfocus>
	<onup>100</onup>
	<ondown>9100</ondown>
	<onclick>SetFocus(9100)</onclick>
	</control>
	<control type="button" id="149">
	<include>ButtonColorDimensions</include>
	<label>31645</label>
	<colordiffuse>FF101010</colordiffuse>
	<onfocus>Skin.SetString(colorheader,graphite)</onfocus>
	<onup>100</onup>
	<ondown>9100</ondown>
	<onclick>SetFocus(9100)</onclick>
	</control>
	</control>
	</control>

	<include>RSS</include>
	<include>SettingsMenu</include><!-- Menu da esquerda -->
	<include>Date</include>
	<control type="label">
	<include>SettingsSectionTitle</include>
	<label>31202</label>
	</control>
	<control type="list" id="9100">
	<posx>0</posx>
	<posy>120</posy>
	<width>240</width>
	<height>660</height>
	<orientation>vertical</orientation>
	<itemgap>0</itemgap>
	<onup>9100</onup>
	<ondown>9100</ondown>
	<onleft>Close</onleft>
	<onright condition="Container(9100).HasFocus(16)">SetFocus(9001)</onright>
	<onright condition="Container(9100).HasFocus(17)">SetFocus(9002)</onright>
	<onright condition="Container(9100).HasFocus(18)">SetFocus(9006)</onright>
	<onright condition="Container(9100).HasFocus(20)">SetFocus(100)</onright>
	<onright condition="Container(9100).HasFocus(22)">SetFocus(9004)</onright>
	<onright condition="Container(9100).HasFocus(23)">SetFocus(9005)</onright>
	<onright condition="Container(9100).HasFocus(31)">SetFocus(403)</onright>
	<onright condition="Container(9100).HasFocus(32)">SetFocus(9003)</onright>
	<viewtype>list</viewtype>
	<orientation>vertical</orientation>
	<focusposition>1</focusposition>
	<scrolltime>450</scrolltime>
	<movement>2</movement>
	<itemlayout width="240" height="40">
	<control type="label">
	<include>SettingsLabel</include>
	<label>$INFO[ListItem.Label]</label>
	</control>
	</itemlayout>
	<focusedlayout width="240" height="40">
	<control type="image">
	<include>SettingsImage</include>
	<animation effect="fade" start="100" end="50" time="0" condition="!Control.Hasfocus(9100)">conditional</animation>
	</control>
	<control type="label">
	<include>SettingsLabelFocus</include>
	<label>$INFO[ListItem.Label]</label>
	</control>
	</focusedlayout>
	<content>
	<item id="17"><!-- Menu Principal -->
	<label>31410</label>
	<icon>-</icon>
	<onclick>SetFocus(9002)</onclick>
	</item>
	<item id="18"><!-- Menu Principal Widgets-->
	<label>31249</label>
	<icon>-</icon>
	<onclick>SetFocus(9006)</onclick>
	</item>
	<item id="31"><!-- Estojo -->
	<label>31297</label>
	<icon>-</icon>
	<onclick>SetFocus(403)</onclick>
	</item>
	<item id="20"><!-- Cores -->
	<label>31404</label>
	<icon>-</icon>
	<onclick>SetFocus(100)</onclick>
	</item>
	<item id="22"><!-- Temas -->
	<label>31893</label>
	<icon>-</icon>
	<onclick>SetFocus(9004)</onclick>
	</item>
	<item id="23"><!-- Estilos -->
	<label>31400</label>
	<icon>-</icon>
	<onclick>SetFocus(9005)</onclick>
	<visible>SubString(skin.string(menu),horizontal)</visible>
	</item>
	<item id="16"><!-- Skin Geral -->
	<label>31375</label>
	<icon>-</icon>
	<onclick>SetFocus(9001)</onclick>
	</item>
	<item id="32"><!-- Restaurar ajustes -->
	<label>31450</label>
	<icon>-</icon>
	<onclick>SetFocus(9003)</onclick>
	</item>
	</content>
	</control>
	<control type="image">
	<posx>0</posx>
	<posy>0</posy>
	<width>250</width>
	<height>720</height>
	<texture background="true">menu_glass.png</texture>
	<colordiffuse>70FFFAF0</colordiffuse>
	</control>
	</control>
	</controls>
	</window>