	<!-- Ace -->

	<includes>
	<!--##################################################################################   VISTA PHOTOSHOW - ID 79   ##################################################################################-->
	<include name="ViewPhotoShow">
	<control type="group"><!-- default group -->
	<include>Animation_HidePhotoShow</include>
	<visible>Control.IsVisible(79)</visible>
	<control type="group" id="304"><!-- painel das miniaturas -->
	<posx>0</posx>
	<posy>454</posy>
	<animation effect="slide" start="0,0" end="0,300" time="600" easing="out" tween="sine">Hidden</animation>
	<animation effect="fade" start="0" end="100" time="300">Visible</animation>
	<visible>!Control.IsVisible(105)</visible>
	<control type="image">
	<posx>0</posx>
	<posy>-29</posy>
	<width>1280</width>
	<height>30</height>
	<texture>shadow_h.png</texture>
	<colordiffuse>C3FFFFFF</colordiffuse>
	</control>
	<control type="image">
	<posx>0</posx>
	<posy>0</posy>
	<width>1280</width>
	<height>266</height>
	<texture>darkgrey.png</texture>
	<colordiffuse>$VAR[value_texturecolor]</colordiffuse>
	<animation effect="fade" end="95" condition="true">Conditional</animation>
	</control>
	<control type="image">
	<posx>20</posx>
	<posy>6</posy>
	<width>19</width>
	<height>221</height>
	<texture flipx="true">photoshow_arrow.png</texture>
	<animation effect="slide" start="-100" end="0" delay="800" time="400" easing="out" tween="cubic">WindowOpen</animation>
	</control>
	<control type="image">
	<posx>1241</posx>
	<posy>6</posy>
	<width>19</width>
	<height>221</height>
	<texture>photoshow_arrow.png</texture>
	<animation effect="slide" start="100" end="0" delay="800" time="400" easing="out" tween="cubic">WindowOpen</animation>
	</control>
	<control type="label">
	<posx>64</posx>
	<posy>235</posy>
	<width>1152</width>
	<font>Font_16</font>
	<label>$INFO[ListItem.Label]</label>
	<include>Animation_Fade</include>
	<visible>!Control.HasFocus(80) + [Container(79).Column(0) | Container(79).Column(1) | Container(79).Column(2)]</visible>
	</control>
	<control type="label">
	<posx>1216</posx>
	<posy>235</posy>
	<width>1152</width>
	<align>right</align>
	<font>Font_16</font>
	<label>$INFO[ListItem.Label]</label>
	<include>Animation_Fade</include>
	<visible>!Control.HasFocus(80) + [Container(79).Column(3) | Container(79).Column(4) | Container(79).Column(5)]</visible>
	</control>
	</control>
	<control type="panel" id="79">
	<viewtype label="31817">icon</viewtype>
	<posx>44</posx>
	<posy>455</posy>
	<width>1171</width>
	<height>252</height>
	<pagecontrol>80</pagecontrol>
	<onup>9900</onup>
	<ondown>80</ondown>
	<orientation>horizontal</orientation>
	<scrolltime>450</scrolltime>
	<itemlayout width="192" height="192">
	<control type="image">
	<posx>20</posx>
	<posy>20</posy>
	<width>192</width>
	<height>192</height>
	<aspectratio scalediffuse="false">scale</aspectratio>
	<texture fallback="DefaultAudioCover.png" background="true">$VAR[value_poster]</texture>
	<bordertexture border="-2">darkgrey.png</bordertexture>
	<visible>!Control.IsVisible(105)</visible>
	</control>
	</itemlayout>
	<focusedlayout width="192" height="192">
	<control type="image">
	<posx>18</posx>
	<posy>20</posy>
	<width>192</width>
	<height>192</height>
	<aspectratio scalediffuse="false">scale</aspectratio>
	<texture fallback="DefaultAudioCover.png" background="true">$VAR[value_poster]</texture>
	<animation effect="zoom" center="96,96" start="100" end="110" time="400" easing="out" tween="cubic" reversible="false">Focus</animation>
	<bordertexture border="-2">grey.png</bordertexture>
	<visible>!Control.IsVisible(105)</visible>
	</control>
	</focusedlayout>
	</control>
	<control type="group">
	<posy>620</posy>
	<animation effect="slide" start="0,120" end="0,0" time="600" easing="in" tween="sine">Visible</animation>
	<animation effect="fade" start="100" end="0" time="200">Hidden</animation>
	<animation effect="slide" start="0,0" end="0,100" time="200" tween="cubic" easing="inout" condition="System.IdleTime(8)">Conditional</animation>
	<visible>Control.IsVisible(105)</visible>
	<control type="image">
	<posx>0</posx>
	<posy>-29</posy>
	<width>1280</width>
	<height>30</height>
	<texture>shadow_h.png</texture>
	<colordiffuse>C3FFFFFF</colordiffuse>
	</control>
	<control type="image">
	<posx>0</posx>
	<posy>0</posy>
	<width>1280</width>
	<height>100</height>
	<texture>darkgrey.png</texture>
	<colordiffuse>$VAR[value_texturecolor]</colordiffuse>
	<animation effect="fade" end="95" condition="true">Conditional</animation>
	</control>
	<control type="label"><!-- Nome da foto -->
	<posx>20</posx>
	<posy>24</posy>
	<font>Font_16</font>
	<label>$INFO[ListItem.Label]</label>
	<animation effect="fade" delay="600" start="0" end="100" time="200">Visible</animation>
	</control>
	<control type="label"><!-- Detalhes -->
	<posx>1260</posx>
	<posy>14</posy>
	<width>400</width>
	<height>100</height>
	<align>right</align>
	<font>Font_16</font>
	<label>[COLOR=$VAR[value_headercolor]]$LOCALIZE[31714]:[/COLOR] $INFO[ListItem.PictureDateTime][CR][COLOR=$VAR[value_headercolor]]$LOCALIZE[31350]:[/COLOR] $INFO[ListItem.Date][CR][COLOR=$VAR[value_headercolor]]$LOCALIZE[31715]:[/COLOR] $INFO[ListItem.PictureResolution][CR]$INFO[ListItem.Size]</label>
	<animation effect="fade" delay="600" start="0" end="100" time="200">Visible</animation>
	</control>
	<control type="image">
	<posx>0</posx>
	<posy>645</posy>
	<width>1280</width>
	<height>75</height>
	<texture>gradient_small.png</texture>
	<animation effect="slide" start="0,15" end="0,15" time="200" condition="!Control.IsVisible(105)">Conditional</animation>
	</control>
	</control>
	<control type="button" id="195">
	<include>InvisibleButton</include>
	<onleft>79</onleft>
	<onright>79</onright>
	<onup>79</onup>
	<ondown>79</ondown>
	</control>
	<control type="scrollbar" id="80">
	<include>ScrollBar_Horizontal</include>
	<posx>67</posx>
	<posy>673</posy>
	<width>1147</width>
	<onup>79</onup>
	<ondown>195</ondown>
	<include>Animation_Fade</include>
	<visible allowhiddenfocus="true">Control.IsVisible(79) + Control.HasFocus(80) + !Control.IsVisible(105)</visible>
	</control>
	</control>
	</include>
	</includes>