	<!-- Ace -->

	<includes>
	<!--##################################################################################   VISTA BANNER - ID 53   ##################################################################################-->
	<include name="BannerWatchedOverlay_2">
	<posx>328</posx>
	<posy>4</posy>
	<width>27</width>
	<height>27</height>
	</include>
	<include name="BannerInfoLabel">
	<posx>0</posx>
	<height>13</height>
	<width>265</width>
	<font>Font_15</font>
	<textcolor>$VAR[value_headercolor]</textcolor>
	</include>
	<include name="BannerInfoValue">
	<posx>0</posx>
	<height>13</height>
	<width>265</width>
	<font>Font_16</font>
	<textcolor>FFFFFAF0</textcolor>
	<scroll>true</scroll>
	</include>
	<include name="ViewBannerInfo">
	<control type="group">
	<include>ViewBack</include><!-- Fundo -->
	<visible>Control.IsVisible(53)</visible>
	<control type="image">
	<posx>399</posx>
	<posy>85</posy>
	<width>2</width>
	<height>205</height>
	<texture>separator_v.png</texture>
	</control>
	<control type="image">
	<posx>0</posx>
	<posy>290</posy>
	<width>1280</width>
	<height>2</height>
	<texture>separator.png</texture>
	</control>
	<control type="textbox">
	<posx>418</posx>
	<posy>102</posy>
	<width>760</width>
	<height>177</height>
	<font>Font_16</font>
	<label>$VAR[value_plot]</label>
	<autoscroll delay="8000" time="2000" repeat="8000">!Skin.HasSetting(noallowscroll)</autoscroll>
	<include>Animation_Fade</include>
	</control>
	<control type="group"><!-- Info-->
	<posx>100</posx>
	<posy>102</posy>
	<include>Animation_Fade</include>
	<control type="label">
	<include>BannerInfoLabel</include>
	<posy>0</posy>
	<label>$VAR[value_ground1_label]:</label>
	</control>
	<control type="label">
	<include>BannerInfoValue</include>
	<posy>20</posy>
	<label>$VAR[value_ground1_value]</label>
	</control>
	<control type="label">
	<include>BannerInfoLabel</include>
	<posy>45</posy>
	<label>$VAR[value_ground2_label]:</label>
	</control>
	<control type="label">
	<include>BannerInfoValue</include>
	<posy>65</posy>
	<label>$VAR[value_ground2_value]</label>
	</control>
	<control type="label">
	<include>BannerInfoLabel</include>
	<posy>90</posy>
	<label>$VAR[value_ground3_label]:</label>
	</control>
	<control type="label">
	<include>BannerInfoValue</include>
	<posy>110</posy>
	<label>$VAR[value_ground3_value]</label>
	</control>
	<control type="label">
	<include>BannerInfoLabel</include>
	<posy>140</posy>
	<label>$VAR[value_ground4_label]:</label>
	</control>
	<control type="label">
	<include>BannerInfoValue</include>
	<posy>160</posy>
	<label>$VAR[value_ground4_value]</label>
	</control>
	</control>
	<control type="panel" id="53"><!-- Banner Info -->
	<viewtype label="31812">Wide Icon</viewtype>
	<posx>95</posx>
	<posy>298</posy>
	<width>1110</width>
	<height>350</height>
	<onup>53</onup>
	<ondown>53</ondown>
	<onleft>9900</onleft>
	<onright>80</onright>
	<pagecontrol>80</pagecontrol>
	<scrolltime>450</scrolltime>
	<preloaditems>2</preloaditems>
	<visible>Container.Content(movies) | Container.Content(tvshows) | Window.IsActive(videofiles)</visible>
	<itemlayout height="89" width="367">
	<control type="image"><!-- Background -->
	<width>357</width>
	<height>79</height>
	<texture>banner_glass.png</texture>
	<colordiffuse>FF505050</colordiffuse>
	<aspectratio>stretch</aspectratio>
	<include>Animation_Fade</include>
	</control>
	<control type="image"><!-- Cover -->
	<width>357</width>
	<height>79</height>
	<bordersize>5</bordersize>
	<texture background="true">$VAR[value_banner]</texture>
	<aspectratio>keep</aspectratio>
	</control>
	<control type="image">
	<include>BannerWatchedOverlay_2</include>
	<info>ListItem.Overlay</info>
	<colordiffuse>$VAR[value_headercolor]</colordiffuse>
	<visible>!Skin.HasSetting(nooverlays)</visible>
	</control>
	<control type="image"><!-- Dimmer -->
	<width>357</width>
	<height>79</height>
	<bordersize>5</bordersize>
	<texture>black.png</texture>
	<aspectratio>stretch</aspectratio>
	<colordiffuse>70FFFFFF</colordiffuse>
	<visible>!IsEmpty(ListItem.Thumb)</visible>
	</control>
	</itemlayout>
	<focusedlayout height="89" width="367">
	<control type="image"><!-- Background -->
	<width>357</width>
	<height>79</height>
	<texture>banner_glass.png</texture>
	<aspectratio>stretch</aspectratio>
	<animation effect="zoom" center="auto" start="90" end="110" time="600" tween="back" easing="out" reversible="false" condition="Skin.HasSetting(bannerinfozoom)">Focus</animation>
	</control>
	<control type="image"><!-- Background Double -->
	<width>357</width>
	<height>79</height>
	<texture background="true">banner_glass.png</texture>
	<aspectratio>stretch</aspectratio>
	<animation effect="zoom" center="auto" start="90" end="110" time="600" tween="back" easing="out" reversible="false" condition="Skin.HasSetting(bannerinfozoom)">Focus</animation>
	</control>
	<control type="image"><!-- Cover -->
	<width>357</width>
	<height>79</height>
	<bordersize>5</bordersize>
	<texture background="true">$VAR[value_banner]</texture>
	<aspectratio>keep</aspectratio>
	<animation effect="zoom" center="auto" start="90" end="110" time="600" tween="back" easing="out" reversible="false" condition="Skin.HasSetting(bannerinfozoom)">Focus</animation>
	</control>
	<control type="image">
	<include>BannerWatchedOverlay_2</include>
	<info>ListItem.Overlay</info>
	<colordiffuse>$VAR[value_headercolor]</colordiffuse>
	<animation effect="zoom" center="178,40" start="90" end="110" time="600" tween="back" easing="out" reversible="false" condition="Skin.HasSetting(bannerinfozoom)">Focus</animation>
	<visible>!Skin.HasSetting(nooverlays)</visible>
	</control>
	</focusedlayout>
	</control>
	<control type="scrollbar" id="80"><!--Banner Info-->
	<include>ScrollBar_Vertical</include>
	<posx>1200</posx>
	<posy>295</posy>
	<height>350</height>
	<onleft>53</onleft>
	<onright>9920</onright>
	<include>Animation_Fade</include>
	<visible allowhiddenfocus="true">Control.IsVisible(53) + Control.HasFocus(80)</visible>
	</control>
	</control>
	</include>
	</includes>